Table,Measure,Expression,Description,Has_Duplicate,Duplicate_Measure_Names,Has_Qualified_Measure_References,Qualified_Referenced_Measures,Has_All_Measure_References,All_Referenced_Measures,Has_Commonly_Used_Measure,DAX_Recommendations,Context,Unqualified_Measures_Score,Unqualified_Measures_Explanation,Is_Self_Explanatory_Score,Why_Not_Self_Explanatory,Name_Reflects_Expression_Score,Why_Is_Name_Not_Reflecting_Expression,Avoid_Abbreviations_Score,Why_Cryptic_Abbreviated,Total_AI_Quality_Score,Combined_Naming_Score,Overall_Quality_Average,Issue_Severity,Severity_Priority,Severity_Color_Code,Severity_Hex_Color
DimCustomer,# Accounts,DISTINCTCOUNT(DimCustomer[TPID]),,No,,No,,No,,Yes,,# Accounts -> DimCustomer + DISTINCTCOUNT(DimCustomer[TPID]),0.2,No qualified references - simpler measure,0.2,,0.4,,0.4,,1.0,0.8,0.5,critical,1,RED,#FF0000
DimCustomer,Step1Done,"if(OR(ISFILTERED(DimCustomer[TPIDTxt]),ISFILTERED(DimCustomer[TP Name Search])),""Yes"",""No"")",,No,,No,,No,,No,,"Step1Done -> DimCustomer + if(OR(ISFILTERED(DimCustomer[TPIDTxt]),ISFILTERED(DimCustomer[TP Name Search])),""Yes"",""No"")",0.2,No qualified references - simpler measure,0.0,"The name 'Step1Done' does not clearly indicate what it calculates, even with the context provided.",0.0,The name 'Step1Done' does not reflect the logic of checking filters on TPIDTxt or TP Name Search.,0.4,,0.4,0.4,0.2,critical,1,RED,#FF0000
DimPartner,# Partners,COUNT(DimPartner[PartnerKey]),,No,,No,,No,,No,,# Partners -> DimPartner + COUNT(DimPartner[PartnerKey]),0.2,No qualified references - simpler measure,0.2,,0.4,,0.4,,1.0,0.8,0.5,critical,1,RED,#FF0000
DimSourceRefreshDetails,LastReportRefresh,"CONCATENATE(""Report last published: "",MAX(DimSourceRefreshDetails[LastReportRefreshDate]))",,No,,No,,No,,No,,"LastReportRefresh -> DimSourceRefreshDetails + CONCATENATE(""Report last published: "",MAX(DimSourceRefreshDetails[LastReportRefreshDate]))",0.2,No qualified references - simpler measure,0.2,,0.4,,0.4,,1.0,0.8,0.5,critical,1,RED,#FF0000
DimSourceRefreshDetails,TXT Revenue Refresh LINE,"
""🕘 MSXI refreshed ""
& CALCULATE(max(DimSourceRefreshDetails[UpstreamRefreshDate]), filter(DimSourceRefreshDetails, DimSourceRefreshDetails[DataCategory] = ""PBIX"")) 
& "", incl. ACR data from "" 
& CALCULATE(max(DimSourceRefreshDetails[UpstreamRefreshDate]), filter(DimSourceRefreshDetails, DimSourceRefreshDetails[DataCategory] = ""OCDM Azure Usage""))",,No,,No,,No,,No,,"TXT Revenue Refresh LINE -> DimSourceRefreshDetails + 
""🕘 MSXI refreshed ""
& CALCULATE(max(DimSourceRefreshDetails[UpstreamRefreshDate]), filter(DimSourceRefreshDetails, DimSourceRefreshDetails[DataCategory] = ""PBIX"")) 
& "", incl. ACR data from "" 
& CALCULATE(max(DimSourceRefreshDetails[UpstreamRefreshDate]), filter(DimSourceRefreshDetails, DimSourceRefreshDetails[DataCategory] = ""OCDM Azure Usage""))",0.2,No qualified references - simpler measure,0.2,,0.4,,0.4,,1.0,0.8,0.5,critical,1,RED,#FF0000
DimSourceRefreshDetails,Upstream Source Refreshed,"CONCATENATE(""Upstream source last refreshed: "",CALCULATE(MAX(DimSourceRefreshDetails[SourceLastRefreshedDate]),DimSourceRefreshDetails[DataCategory]=""OCDM Azure Usage""))",,No,,No,,No,,No,,"Upstream Source Refreshed -> DimSourceRefreshDetails + CONCATENATE(""Upstream source last refreshed: "",CALCULATE(MAX(DimSourceRefreshDetails[SourceLastRefreshedDate]),DimSourceRefreshDetails[DataCategory]=""OCDM Azure Usage""))",0.2,No qualified references - simpler measure,0.2,,0.4,,0.4,,1.0,0.8,0.5,critical,1,RED,#FF0000
DimSourceRefreshDetails,ADG Source Refreshed,"CONCATENATE(""Upstream ADG source last refreshed: "",CALCULATE(MAX(DimSourceRefreshDetails[SourceLastRefreshedDate]),DimSourceRefreshDetails[DataCategory]=""AzureDateGrain""))",,No,,No,,No,,No,,"ADG Source Refreshed -> DimSourceRefreshDetails + CONCATENATE(""Upstream ADG source last refreshed: "",CALCULATE(MAX(DimSourceRefreshDetails[SourceLastRefreshedDate]),DimSourceRefreshDetails[DataCategory]=""AzureDateGrain""))",0.2,No qualified references - simpler measure,0.0,"The abbreviation 'ADG' is not explained in the context, making the name unclear.",0.0,"The abbreviation 'ADG' is not explained, so the name does not clearly reflect the calculation.",0.0,The abbreviation 'ADG' is unclear and not explained.,0.0,0.0,0.0,critical,1,RED,#FF0000
Security Measures,Count of TPID in Security Override,"
// FOR SECURITY MODEL. DO NOT EDIT
COUNT ( 'DimSecurityOverride'[TPID] )",,No,,No,,No,,No,,"Count of TPID in Security Override -> Security Measures + 
// FOR SECURITY MODEL. DO NOT EDIT
COUNT ( 'DimSecurityOverride'[TPID] )",0.2,No qualified references - simpler measure,0.2,,0.4,,0.4,,1.0,0.8,0.5,critical,1,RED,#FF0000
Security Measures,CurrentUserAlias,"UPPER(LEFT(USERPRINCIPALNAME(), SEARCH(""@"",USERPRINCIPALNAME())-1))",,No,,No,,No,,No,,"CurrentUserAlias -> Security Measures + UPPER(LEFT(USERPRINCIPALNAME(), SEARCH(""@"",USERPRINCIPALNAME())-1))",0.2,No qualified references - simpler measure,0.2,,0.4,,0.4,,1.0,0.8,0.5,critical,1,RED,#FF0000
Security Measures,CurrentUserAliasQuotaCheck,"LEFT(USERPRINCIPALNAME(), SEARCH(""@"",USERPRINCIPALNAME()))",,No,,No,,No,,Yes,,"CurrentUserAliasQuotaCheck -> Security Measures + LEFT(USERPRINCIPALNAME(), SEARCH(""@"",USERPRINCIPALNAME()))",0.2,No qualified references - simpler measure,0.0,"The name 'CurrentUserAliasQuotaCheck' is not self-explanatory, even with the context provided.",0.0,The name does not clearly describe the logic of extracting the user alias and checking quotas.,0.0,The abbreviation 'QuotaCheck' is unclear and not standard.,0.0,0.0,0.0,critical,1,RED,#FF0000
Security Measures,CurrentUserFirstName,"LOOKUPVALUE(DimSecurity_AllAliases[FirstName],DimSecurity_AllAliases[Email],USERPRINCIPALNAME())",,No,,No,,No,,Yes,,"CurrentUserFirstName -> Security Measures + LOOKUPVALUE(DimSecurity_AllAliases[FirstName],DimSecurity_AllAliases[Email],USERPRINCIPALNAME())",0.2,No qualified references - simpler measure,0.2,,0.4,,0.4,,1.0,0.8,0.5,critical,1,RED,#FF0000
Security Measures,Main Greeting,"""Welcome, "" & [CurrentUserFirstName] & "". Here are your Funding Insights for "" & TODAY()",,No,,No,,Yes,currentuserfirstname,No,,"Main Greeting -> Security Measures + ""Welcome, "" & [CurrentUserFirstName] & "". Here are your Funding Insights for "" & TODAY() | REFERENCES: CurrentUserFirstName -> Security Measures + LOOKUPVALUE(DimSecurity_AllAliases[FirstName],DimSecurity_AllAliases[Email],USERPRINCIPALNAME())",0.2,No qualified references - simpler measure,0.2,,0.4,,0.4,,1.0,0.8,0.5,critical,1,RED,#FF0000
Security Measures,Approved_ElevatedAccess,"
// For Security Model. Don't edit
IF ( 
    SUMX ( 'DimSecurityOverride' , 
            SEARCH ( [CurrentUserAliasQuotaCheck], 'DimSecurityOverride'[ElevatedaccessTO] ,, 0 )
         ) ,
    1 ,
    0
)",,No,,No,,Yes,currentuseraliasquotacheck,No,,"Approved_ElevatedAccess -> Security Measures + 
// For Security Model. Don't edit
IF ( 
    SUMX ( 'DimSecurityOverride' , 
            SEARCH ( [CurrentUserAliasQuotaCheck], 'DimSecurityOverride'[ElevatedaccessTO] ,, 0 )
         ) ,
    1 ,
    0
) | REFERENCES: CurrentUserAliasQuotaCheck -> Security Measures + LEFT(USERPRINCIPALNAME(), SEARCH(""@"",USERPRINCIPALNAME()))",0.2,No qualified references - simpler measure,0.2,,0.4,,0.4,,1.0,0.8,0.5,critical,1,RED,#FF0000
Security Measures,Approved_ManagerAccess,"
// FOR SECURITY MODEL. DO NOT EDIT
IF ( 
    SUMX ( 'DimSecurityOverride',
        SEARCH ( [CurrentUserAliasQuotaCheck] , 'DimSecurityOverride'[Manager] , , 0 )
    ) ,
    1 ,
    0
)",,No,,No,,Yes,currentuseraliasquotacheck,No,,"Approved_ManagerAccess -> Security Measures + 
// FOR SECURITY MODEL. DO NOT EDIT
IF ( 
    SUMX ( 'DimSecurityOverride',
        SEARCH ( [CurrentUserAliasQuotaCheck] , 'DimSecurityOverride'[Manager] , , 0 )
    ) ,
    1 ,
    0
) | REFERENCES: CurrentUserAliasQuotaCheck -> Security Measures + LEFT(USERPRINCIPALNAME(), SEARCH(""@"",USERPRINCIPALNAME()))",0.2,No qualified references - simpler measure,0.2,,0.4,,0.4,,1.0,0.8,0.5,critical,1,RED,#FF0000
Security Measures,Approved_UserAccess,"
// FOR SECURITY MODEL. DO NOT EDIT
IF ( 
    SUMX ( 'DimSecurityOverride',
        SEARCH ( [CurrentUserAliasQuotaCheck] , 'DimSecurityOverride'[USER_Name] ,, 0 )
    ) ,
    1 ,
    0
)",,No,,No,,Yes,currentuseraliasquotacheck,No,,"Approved_UserAccess -> Security Measures + 
// FOR SECURITY MODEL. DO NOT EDIT
IF ( 
    SUMX ( 'DimSecurityOverride',
        SEARCH ( [CurrentUserAliasQuotaCheck] , 'DimSecurityOverride'[USER_Name] ,, 0 )
    ) ,
    1 ,
    0
) | REFERENCES: CurrentUserAliasQuotaCheck -> Security Measures + LEFT(USERPRINCIPALNAME(), SEARCH(""@"",USERPRINCIPALNAME()))",0.2,No qualified references - simpler measure,0.2,,0.4,,0.4,,1.0,0.8,0.5,critical,1,RED,#FF0000
Utility Measures,Select Top Filters,"IFERROR(IF(ISFILTERED('DimDate'[FiscalQuarter]),""SELECTED QUARTER:""&"" ""&VALUES('DimDate'[FiscalQuarter]),""-""),""SELECTED QUARTER:""&"" ""&""MULTIPLE"")",,No,,No,,No,,No,,"Select Top Filters -> Utility Measures + IFERROR(IF(ISFILTERED('DimDate'[FiscalQuarter]),""SELECTED QUARTER:""&"" ""&VALUES('DimDate'[FiscalQuarter]),""-""),""SELECTED QUARTER:""&"" ""&""MULTIPLE"")",0.2,No qualified references - simpler measure,0.0,The name 'Select Top Filters' does not clearly indicate its purpose or calculation even with the context provided.,0.0,"The name does not accurately describe the calculation, which involves determining selected fiscal quarters or multiple selections.",0.4,,0.4,0.4,0.2,critical,1,RED,#FF0000
Utility Measures,Refresh Date Icon,"""🕘""",,Yes,"Refresh Date Icon, Icon",No,,No,,No,"DUPLICATE EXPRESSION: This measure has identical expression to: Refresh Date Icon, Icon","Refresh Date Icon -> Utility Measures + ""🕘""",0.2,No qualified references - simpler measure,0.2,,0.4,,0.4,,1.0,0.8,0.5,critical,1,RED,#FF0000
Utility Measures,Dot for Hover,""".""",,No,,No,,No,,No,,"Dot for Hover -> Utility Measures + "".""",0.2,No qualified references - simpler measure,0.2,,0.4,,0.4,,1.0,0.8,0.5,critical,1,RED,#FF0000
Utility Measures,Coming Soon,"""Coming Soon""",,No,,No,,No,,No,,"Coming Soon -> Utility Measures + ""Coming Soon""",0.2,No qualified references - simpler measure,0.2,,0.4,,0.4,,1.0,0.8,0.5,critical,1,RED,#FF0000
Utility Measures,Rollover Status,"""FY25 Rollover Status (Hover)""",,No,,No,,No,,No,,"Rollover Status -> Utility Measures + ""FY25 Rollover Status (Hover)""",0.2,No qualified references - simpler measure,0.2,,0.4,,0.4,,1.0,0.8,0.5,critical,1,RED,#FF0000
Utility Measures,Date Grain Link,"VAR IsCommercial = MAX(DimCustomer[IsCommercial])
VAR DG_Enterprise = ""https://msxi.microsoft.com/User/Home/report/a017f9cf-d2ed-48c6-81f3-e914928849d2/3109?reportTab=ReportSection""
VAR DG_SMC = ""https://msxi.microsoft.com/User/Home/report/b09b6889-99d4-4714-8709-1a1b57b906ba/3109?reportTab=ReportSection""
RETURN
IF(IsCommercial=1,DG_Enterprise,DG_SMC)",,No,,No,,No,,No,,"Date Grain Link -> Utility Measures + VAR IsCommercial = MAX(DimCustomer[IsCommercial])
VAR DG_Enterprise = ""https://msxi.microsoft.com/User/Home/report/a017f9cf-d2ed-48c6-81f3-e914928849d2/3109?reportTab=ReportSection""
VAR DG_SMC = ""https://msxi.microsoft.com/User/Home/report/b09b6889-99d4-4714-8709-1a1b57b906ba/3109?reportTab=ReportSection""
RETURN
IF(IsCommercial=1,DG_Enterprise,DG_SMC)",0.2,No qualified references - simpler measure,0.0,The name 'Date Grain Link' does not clearly convey its purpose of returning URLs based on customer type.,0.0,"The name does not reflect the calculation, which involves determining URLs based on customer type.",0.4,,0.4,0.4,0.2,critical,1,RED,#FF0000
Sample Images,Save button,"""💾""",,No,,No,,No,,No,,"Save button -> Sample Images + ""💾""",0.2,No qualified references - simpler measure,0.2,,0.4,,0.4,,1.0,0.8,0.5,critical,1,RED,#FF0000
Sample Images,Attachment Image,"""📎""",,No,,No,,No,,No,,"Attachment Image -> Sample Images + ""📎""",0.2,No qualified references - simpler measure,0.2,,0.4,,0.4,,1.0,0.8,0.5,critical,1,RED,#FF0000
Sample Images,EmailIcon,"""📧""",,No,,No,,No,,No,,"EmailIcon -> Sample Images + ""📧""",0.2,No qualified references - simpler measure,0.2,,0.4,,0.0,The name 'EmailIcon' uses an abbreviation ('Icon') that could be unclear.,0.6,0.4,0.30000000000000004,critical,1,RED,#FF0000
M_ACR,$ ACR,"VAR CY = SUM(ACR_CY[AzureConsumedRevenue])
VAR PY = SUM(ACR_PY[AzureConsumedRevenue])
VAR A = CY + PY
VAR S = IF(ISFILTERED(DimCustomer[TPAccountName]),BLANK(),SUM(ACR_Summarized[AzureConsumedRevenue]))
VAR SelectedView = SELECTEDVALUE(DimViewType[ViewType])
RETURN
SWITCH(SelectedView,""Non-Curated"",S,A)",,No,,No,,No,,Yes,,"$ ACR -> M_ACR + VAR CY = SUM(ACR_CY[AzureConsumedRevenue])
VAR PY = SUM(ACR_PY[AzureConsumedRevenue])
VAR A = CY + PY
VAR S = IF(ISFILTERED(DimCustomer[TPAccountName]),BLANK(),SUM(ACR_Summarized[AzureConsumedRevenue]))
VAR SelectedView = SELECTEDVALUE(DimViewType[ViewType])
RETURN
SWITCH(SelectedView,""Non-Curated"",S,A)",0.2,No qualified references - simpler measure,0.0,The name '$ ACR' does not clearly indicate its purpose or calculation even with the context provided.,0.0,"The name does not reflect the calculation, which involves summing Azure Consumed Revenue across various conditions.",0.0,The name uses an abbreviation ('ACR') that is unclear without additional context.,0.0,0.0,0.0,critical,1,RED,#FF0000
M_ACR,$ Organic ACR,"CALCULATE(M_ACR[$ ACR],'Distinct AdjustmentFlag'[AdjustmentFlag]=""N/A"")",,No,,Yes,$ acr,Yes,$ acr,Yes,"Please use unqualified measures references i.e., [Measure Name] instead of Fully Qualified reference i.e., Table[MeasureName] or 'Table'[MeasureName]. Referenced measures: $ acr","$ Organic ACR -> M_ACR + CALCULATE(M_ACR[$ ACR],'Distinct AdjustmentFlag'[AdjustmentFlag]=""N/A"") | REFERENCES: $ ACR -> M_ACR + VAR CY = SUM(ACR_CY[AzureConsumedRevenue])
VAR PY = SUM(ACR_PY[AzureConsumedRevenue])
VAR A = CY + PY
VAR S = IF(ISFILTERED(DimCustomer[TPAccountName]),BLANK(),SUM(ACR_Summarized[AzureConsumedRevenue]))
VAR SelectedView = SELECTEDVALUE(DimViewType[ViewType])
RETURN
SWITCH(SelectedView,""Non-Curated"",S,A)",0.0,Has qualified references - complex measure,0.0,The name '$ Organic ACR' does not clearly indicate its purpose or calculation even with the context provided.,0.0,"The name does not reflect the calculation, which involves filtering Azure Consumed Revenue by 'N/A' adjustment flags.",0.0,The name uses an abbreviation ('ACR') that is unclear without additional context.,0.0,0.0,0.0,critical,1,RED,#FF0000
M_ACR,$ ACR Adjustments for Comp,"CALCULATE(M_ACR[$ ACR],'Distinct AdjustmentFlag'[AdjustmentFlag]<>""N/A"")",,No,,Yes,$ acr,Yes,$ acr,No,"Please use unqualified measures references i.e., [Measure Name] instead of Fully Qualified reference i.e., Table[MeasureName] or 'Table'[MeasureName]. Referenced measures: $ acr","$ ACR Adjustments for Comp -> M_ACR + CALCULATE(M_ACR[$ ACR],'Distinct AdjustmentFlag'[AdjustmentFlag]<>""N/A"") | REFERENCES: $ ACR -> M_ACR + VAR CY = SUM(ACR_CY[AzureConsumedRevenue])
VAR PY = SUM(ACR_PY[AzureConsumedRevenue])
VAR A = CY + PY
VAR S = IF(ISFILTERED(DimCustomer[TPAccountName]),BLANK(),SUM(ACR_Summarized[AzureConsumedRevenue]))
VAR SelectedView = SELECTEDVALUE(DimViewType[ViewType])
RETURN
SWITCH(SelectedView,""Non-Curated"",S,A)",0.0,Has qualified references - complex measure,0.0,The name '$ ACR Adjustments for Comp' does not clearly indicate its purpose or calculation even with the context provided.,0.0,"The name does not reflect the calculation, which involves filtering Azure Consumed Revenue by non-'N/A' adjustment flags.",0.0,The name uses abbreviations ('ACR' and 'Comp') that are unclear without additional context.,0.0,0.0,0.0,critical,1,RED,#FF0000
M_ACR,$ ACR All Except Date,"CALCULATE(M_ACR[$ ACR], ALLEXCEPT(DimDate,DimDate[FiscalMonth]))",,No,,Yes,$ acr,Yes,$ acr,No,"Please use unqualified measures references i.e., [Measure Name] instead of Fully Qualified reference i.e., Table[MeasureName] or 'Table'[MeasureName]. Referenced measures: $ acr","$ ACR All Except Date -> M_ACR + CALCULATE(M_ACR[$ ACR], ALLEXCEPT(DimDate,DimDate[FiscalMonth])) | REFERENCES: $ ACR -> M_ACR + VAR CY = SUM(ACR_CY[AzureConsumedRevenue])
VAR PY = SUM(ACR_PY[AzureConsumedRevenue])
VAR A = CY + PY
VAR S = IF(ISFILTERED(DimCustomer[TPAccountName]),BLANK(),SUM(ACR_Summarized[AzureConsumedRevenue]))
VAR SelectedView = SELECTEDVALUE(DimViewType[ViewType])
RETURN
SWITCH(SelectedView,""Non-Curated"",S,A)",0.0,Has qualified references - complex measure,0.0,The name '$ ACR All Except Date' does not clearly indicate its purpose or calculation even with the context provided.,0.0,"The name does not reflect the calculation, which involves applying ALLEXCEPT to Azure Consumed Revenue.",0.0,The name uses an abbreviation ('ACR') that is unclear without additional context.,0.0,0.0,0.0,critical,1,RED,#FF0000
M_ACR,$ Gross ACR,"VAR CY = SUM(ACR_CY[AzureConsumedRevenueGross])
VAR PY = SUM(ACR_PY[AzureConsumedRevenueGross])
VAR A = CY + PY
VAR S = IF(ISFILTERED(DimCustomer[TPAccountName]),BLANK(),SUM(ACR_Summarized[AzureConsumedRevenueGross]))
VAR SelectedView = SELECTEDVALUE(DimViewType[ViewType])
RETURN
SWITCH(SelectedView,""Non-Curated"",S,A)",,No,,No,,No,,Yes,,"$ Gross ACR -> M_ACR + VAR CY = SUM(ACR_CY[AzureConsumedRevenueGross])
VAR PY = SUM(ACR_PY[AzureConsumedRevenueGross])
VAR A = CY + PY
VAR S = IF(ISFILTERED(DimCustomer[TPAccountName]),BLANK(),SUM(ACR_Summarized[AzureConsumedRevenueGross]))
VAR SelectedView = SELECTEDVALUE(DimViewType[ViewType])
RETURN
SWITCH(SelectedView,""Non-Curated"",S,A)",0.2,No qualified references - simpler measure,0.0,The name '$ Gross ACR' does not clearly indicate its purpose or calculation even with the context provided.,0.0,"The name does not reflect the calculation, which involves summing gross Azure Consumed Revenue.",0.0,The name uses an abbreviation ('ACR') that is unclear without additional context.,0.0,0.0,0.0,critical,1,RED,#FF0000
M_ACR,$ Average Daily ACR,"
VAR Days = [# Days in Month]
VAR DaysCurrent = DATEDIFF(CALCULATE(MAX(DimDate[MonthStartDate]),DimDate[IsCurrentAzureMonth]=1),TODAY(),DAY)
VAR ACR = M_ACR[$ ACR]
VAR SelectedMonth = [DATE - Latest Selected Month]
VAR AzureDate = CALCULATE(MAX(DimSourceRefreshDetails[SourceLastRefreshedDate]), DimSourceRefreshDetails[DataCategory]=""OCDM Azure Usage"")
VAR AzureCurrentM = [DATE - Azure Current Month]
VAR Today = TODAY()
VAR AzureLastClosed = M_Date[DATE - Last Closed Azure Month]
VAR CurrentMonthFY = M_Date[DATE + 1 Month After Last Closed Azure Month]
VAR SourceDate = CALCULATE(MAX(DimSourceRefreshDetails[SourceLastRefreshedDate]),DimSourceRefreshDetails[DataCategory]=""AzureDateGrain"")
VAR DaysSource = DATEDIFF(CALCULATE(MAX(DimDate[MonthStartDate]),DimDate[IsCurrentAzureMonth]=1),SourceDate,DAY)
VAR DaysSourceFY = DATEDIFF(CALCULATE(MAX(DimDate[MonthStartDate]),DimDate[CreateDate]=CurrentMonthFY),SourceDate,DAY)
RETURN
IF(SelectedMonth = AzureCurrentM,DIVIDE(ACR, DaysSource),IF(SelectedMonth > AzureLastClosed,BLANK(),DIVIDE(ACR, Days)))
--IF(SelectedMonth > AzureCurrentM,DIVIDE(ACR, DaysSourceFY),IF(SelectedMonth > AzureLastClosed,BLANK(),DIVIDE(ACR, Days)))",,No,,Yes,"$ acr, date + 1 month after last closed azure month, date - last closed azure month",Yes,"# days in month, $ acr, date + 1 month after last closed azure month, date - azure current month, date - last closed azure month, date - latest selected month",Yes,"Please use unqualified measures references i.e., [Measure Name] instead of Fully Qualified reference i.e., Table[MeasureName] or 'Table'[MeasureName]. Referenced measures: $ acr, date + 1 month after last closed azure month, date - last closed azure month","$ Average Daily ACR -> M_ACR + 
VAR Days = [# Days in Month]
VAR DaysCurrent = DATEDIFF(CALCULATE(MAX(DimDate[MonthStartDate]),DimDate[IsCurrentAzureMonth]=1),TODAY(),DAY)
VAR ACR = M_ACR[$ ACR]
VAR SelectedMonth = [DATE - Latest Selected Month]
VAR AzureDate = CALCULATE(MAX(DimSourceRefreshDetails[SourceLastRefreshedDate]), DimSourceRefreshDetails[DataCategory]=""OCDM Azure Usage"")
VAR AzureCurrentM = [DATE - Azure Current Month]
VAR Today = TODAY()
VAR AzureLastClosed = M_Date[DATE - Last Closed Azure Month]
VAR CurrentMonthFY = M_Date[DATE + 1 Month After Last Closed Azure Month]
VAR SourceDate = CALCULATE(MAX(DimSourceRefreshDetails[SourceLastRefreshedDate]),DimSourceRefreshDetails[DataCategory]=""AzureDateGrain"")
VAR DaysSource = DATEDIFF(CALCULATE(MAX(DimDate[MonthStartDate]),DimDate[IsCurrentAzureMonth]=1),SourceDate,DAY)
VAR DaysSourceFY = DATEDIFF(CALCULATE(MAX(DimDate[MonthStartDate]),DimDate[CreateDate]=CurrentMonthFY),SourceDate,DAY)
RETURN
IF(SelectedMonth = AzureCurrentM,DIVIDE(ACR, DaysSource),IF(SelectedMonth > AzureLastClosed,BLANK(),DIVIDE(ACR, Days)))
--IF(SelectedMonth > AzureCurrentM,DIVIDE(ACR, DaysSourceFY),IF(SelectedMonth > AzureLastClosed,BLANK(),DIVIDE(ACR, Days))) | REFERENCES: # Days in Month -> M_Date + [Start End Date Diff] + 1, $ ACR -> M_ACR + VAR CY = SUM(ACR_CY[AzureConsumedRevenue])
VAR PY = SUM(ACR_PY[AzureConsumedRevenue])
VAR A = CY + PY
VAR S = IF(ISFILTERED(DimCustomer[TPAccountName]),BLANK(),SUM(ACR_Summarized[AzureConsumedRevenue]))
VAR SelectedView = SELECTEDVALUE(DimViewType[ViewType])
RETURN
SWITCH(SelectedView,""Non-Curated"",S,A), DATE + 1 Month After Last Closed Azure Month -> M_Date + 
// Returns the start date of the month after the last closed azure month
VAR LastAzureClosedMonth = [DATE - Last Closed Azure Month]
VAR OneMonthAfter = EDATE ( LastAzureClosedMonth, 1)
RETURN
OneMonthAfter, DATE - Azure Current Month -> M_Date + 
// Returns the value of the latest selected month
VAR LatestSelectedMonth = CALCULATE ( MAX('DimDate'[MonthStartDate]), DimDate[IsCurrentAzureMonth]=1 )
RETURN
LatestSelectedMonth, DATE - Last Closed Azure Month -> M_Date + 
// Returns start date of last closed Azure month
VAR LastClosedAzureMonth = CALCULATE(SELECTEDVALUE('DimDate'[MonthStartDate]), ALL('DimDate'), 'DimDate'[IsLastAzureClosedMonth] = 1)
RETURN
LastClosedAzureMonth, DATE - Latest Selected Month -> M_Date + 
// Returns the value of the latest selected month
VAR LatestSelectedMonth = CALCULATE ( MAX('DimDate'[MonthStartDate]) )
RETURN
LatestSelectedMonth",0.0,Has qualified references - complex measure,0.0,The name '$ Average Daily ACR' does not clearly indicate its purpose or calculation even with the context provided.,0.0,"The name does not reflect the calculation, which involves dividing Azure Consumed Revenue by days in a month or other date-based logic.",0.0,The name uses an abbreviation ('ACR') that is unclear without additional context.,0.0,0.0,0.0,critical,1,RED,#FF0000
M_ACR,$ Avg Daily ACR Last Closed Month,"
// Returns ACR for the latest selected month. Doesn't roll up to quarters - for use in other measures
VAR SelectedMonth = [DATE - Last Closed Azure Month]
RETURN
CALCULATE(
    [$ Average Daily ACR], ALL(DimDate),
    DimDate[CreateDate]=SelectedMonth
)",,No,,No,,Yes,"$ average daily acr, date - last closed azure month",Yes,,"$ Avg Daily ACR Last Closed Month -> M_ACR + 
// Returns ACR for the latest selected month. Doesn't roll up to quarters - for use in other measures
VAR SelectedMonth = [DATE - Last Closed Azure Month]
RETURN
CALCULATE(
    [$ Average Daily ACR], ALL(DimDate),
    DimDate[CreateDate]=SelectedMonth
) | REFERENCES: $ Average Daily ACR -> M_ACR + 
VAR Days = [# Days in Month]
VAR DaysCurrent = DATEDIFF(CALCULATE(MAX(DimDate[MonthStartDate]),DimDate[IsCurrentAzureMonth]=1),TODAY(),DAY)
VAR ACR = M_ACR[$ ACR]
VAR SelectedMonth = [DATE - Latest Selected Month]
VAR AzureDate = CALCULATE(MAX(DimSourceRefreshDetails[SourceLastRefreshedDate]), DimSourceRefreshDetails[DataCategory]=""OCDM Azure Usage"")
VAR AzureCurrentM = [DATE - Azure Current Month]
VAR Today = TODAY()
VAR AzureLastClosed = M_Date[DATE - Last Closed Azure Month]
VAR CurrentMonthFY = M_Date[DATE + 1 Month After Last Closed Azure Month]
VAR SourceDate = CALCULATE(MAX(DimSourceRefreshDetails[SourceLastRefreshedDate]),DimSourceRefreshDetails[DataCategory]=""AzureDateGrain"")
VAR DaysSource = DATEDIFF(CALCULATE(MAX(DimDate[MonthStartDate]),DimDate[IsCurrentAzureMonth]=1),SourceDate,DAY)
VAR DaysSourceFY = DATEDIFF(CALCULATE(MAX(DimDate[MonthStartDate]),DimDate[CreateDate]=CurrentMonthFY),SourceDate,DAY)
RETURN
IF(SelectedMonth = AzureCurrentM,DIVIDE(ACR, DaysSource),IF(SelectedMonth > AzureLastClosed,BLANK(),DIVIDE(ACR, Days)))
--IF(SelectedMonth > AzureCurrentM,DIVIDE(ACR, DaysSourceFY),IF(SelectedMonth > AzureLastClosed,BLANK(),DIVIDE(ACR, Days))), DATE - Last Closed Azure Month -> M_Date + 
// Returns start date of last closed Azure month
VAR LastClosedAzureMonth = CALCULATE(SELECTEDVALUE('DimDate'[MonthStartDate]), ALL('DimDate'), 'DimDate'[IsLastAzureClosedMonth] = 1)
RETURN
LastClosedAzureMonth",0.2,No qualified references - simpler measure,0.2,,0.4,,0.0,The abbreviation 'ACR' is not self-explanatory and could confuse users unfamiliar with its meaning.,0.6,0.4,0.30000000000000004,critical,1,RED,#FF0000
M_ACR,$ Avg Daily ACR Previous Last Closed Month,"
// Returns ACR for the latest selected month. Doesn't roll up to quarters - for use in other measures
VAR SelectedMonth = [DATE - 1 Month Prior to Last Closed Azure Month]
RETURN
CALCULATE(
    [$ Average Daily ACR],ALL(DimDate),
    DimDate[CreateDate]=SelectedMonth
)",,No,,No,,Yes,"$ average daily acr, date - 1 month prior to last closed azure month",Yes,,"$ Avg Daily ACR Previous Last Closed Month -> M_ACR + 
// Returns ACR for the latest selected month. Doesn't roll up to quarters - for use in other measures
VAR SelectedMonth = [DATE - 1 Month Prior to Last Closed Azure Month]
RETURN
CALCULATE(
    [$ Average Daily ACR],ALL(DimDate),
    DimDate[CreateDate]=SelectedMonth
) | REFERENCES: $ Average Daily ACR -> M_ACR + 
VAR Days = [# Days in Month]
VAR DaysCurrent = DATEDIFF(CALCULATE(MAX(DimDate[MonthStartDate]),DimDate[IsCurrentAzureMonth]=1),TODAY(),DAY)
VAR ACR = M_ACR[$ ACR]
VAR SelectedMonth = [DATE - Latest Selected Month]
VAR AzureDate = CALCULATE(MAX(DimSourceRefreshDetails[SourceLastRefreshedDate]), DimSourceRefreshDetails[DataCategory]=""OCDM Azure Usage"")
VAR AzureCurrentM = [DATE - Azure Current Month]
VAR Today = TODAY()
VAR AzureLastClosed = M_Date[DATE - Last Closed Azure Month]
VAR CurrentMonthFY = M_Date[DATE + 1 Month After Last Closed Azure Month]
VAR SourceDate = CALCULATE(MAX(DimSourceRefreshDetails[SourceLastRefreshedDate]),DimSourceRefreshDetails[DataCategory]=""AzureDateGrain"")
VAR DaysSource = DATEDIFF(CALCULATE(MAX(DimDate[MonthStartDate]),DimDate[IsCurrentAzureMonth]=1),SourceDate,DAY)
VAR DaysSourceFY = DATEDIFF(CALCULATE(MAX(DimDate[MonthStartDate]),DimDate[CreateDate]=CurrentMonthFY),SourceDate,DAY)
RETURN
IF(SelectedMonth = AzureCurrentM,DIVIDE(ACR, DaysSource),IF(SelectedMonth > AzureLastClosed,BLANK(),DIVIDE(ACR, Days)))
--IF(SelectedMonth > AzureCurrentM,DIVIDE(ACR, DaysSourceFY),IF(SelectedMonth > AzureLastClosed,BLANK(),DIVIDE(ACR, Days))), DATE - 1 Month Prior to Last Closed Azure Month -> M_Date + 
// Returns the start date of the month before the latest selected azure closed month
VAR LastAzureClosedMonth = [DATE - Last Closed Azure Month]
VAR OneMonthPrior = CALCULATE(EDATE ( LastAzureClosedMonth, -1),ALL(DimDate))
RETURN
OneMonthPrior",0.2,No qualified references - simpler measure,0.2,,0.4,,0.0,The abbreviation 'ACR' is not self-explanatory and could confuse users unfamiliar with its meaning.,0.6,0.4,0.30000000000000004,critical,1,RED,#FF0000
M_ACR,% Avg Daily ACR MoM Change Last Closed Month,"VAR Change = [$ Avg Daily ACR Last Closed Month] - [$ Avg Daily ACR Previous Last Closed Month]
RETURN
DIVIDE(Change , [$ Avg Daily ACR Previous Last Closed Month])",,No,,No,,Yes,"$ avg daily acr last closed month, $ avg daily acr previous last closed month",Yes,,"% Avg Daily ACR MoM Change Last Closed Month -> M_ACR + VAR Change = [$ Avg Daily ACR Last Closed Month] - [$ Avg Daily ACR Previous Last Closed Month]
RETURN
DIVIDE(Change , [$ Avg Daily ACR Previous Last Closed Month]) | REFERENCES: $ Avg Daily ACR Last Closed Month -> M_ACR + 
// Returns ACR for the latest selected month. Doesn't roll up to quarters - for use in other measures
VAR SelectedMonth = [DATE - Last Closed Azure Month]
RETURN
CALCULATE(
    [$ Average Daily ACR], ALL(DimDate),
    DimDate[CreateDate]=SelectedMonth
), $ Avg Daily ACR Previous Last Closed Month -> M_ACR + 
// Returns ACR for the latest selected month. Doesn't roll up to quarters - for use in other measures
VAR SelectedMonth = [DATE - 1 Month Prior to Last Closed Azure Month]
RETURN
CALCULATE(
    [$ Average Daily ACR],ALL(DimDate),
    DimDate[CreateDate]=SelectedMonth
)",0.2,No qualified references - simpler measure,0.2,,0.4,,0.0,The abbreviations 'ACR' and 'MoM' are not self-explanatory and could confuse users unfamiliar with their meanings.,0.6,0.4,0.30000000000000004,critical,1,RED,#FF0000
M_ACR,% Avg Daily ACR YoY,"VAR D = DIVIDE([$ Avg Daily ACR Latest Selected Month] , [$ Avg Daily ACR 12 Selected Months Ago])
VAR YoY = D - 1
RETURN
IF(ISBLANK([$ Avg Daily ACR Latest Selected Month]),BLANK(),YoY)",,No,,No,,Yes,"$ avg daily acr 12 selected months ago, $ avg daily acr latest selected month",Yes,,"% Avg Daily ACR YoY -> M_ACR + VAR D = DIVIDE([$ Avg Daily ACR Latest Selected Month] , [$ Avg Daily ACR 12 Selected Months Ago])
VAR YoY = D - 1
RETURN
IF(ISBLANK([$ Avg Daily ACR Latest Selected Month]),BLANK(),YoY) | REFERENCES: $ Avg Daily ACR 12 Selected Months Ago -> M_ACR + 
// Returns ACR for the latest selected month. Doesn't roll up to quarters - for use in other measures
VAR SelectedMonth = [DATE - 12 Month Prior to Selected Month]
RETURN
CALCULATE(
    [$ Average Daily ACR], ALL(DimDate),
    DimDate[CreateDate]=SelectedMonth
), $ Avg Daily ACR Latest Selected Month -> M_ACR + 
// Returns ACR for the latest selected month. Doesn't roll up to quarters - for use in other measures
VAR SelectedMonth = [DATE - Latest Selected Month]
RETURN
CALCULATE(
    [$ Average Daily ACR],
    DimDate[CreateDate]=SelectedMonth
)",0.2,No qualified references - simpler measure,0.2,,0.4,,0.0,The abbreviations 'ACR' and 'YoY' are not self-explanatory and could confuse users unfamiliar with their meanings.,0.6,0.4,0.30000000000000004,critical,1,RED,#FF0000
M_ACR,$ Avg Daily ACR 12 Selected Months Ago,"
// Returns ACR for the latest selected month. Doesn't roll up to quarters - for use in other measures
VAR SelectedMonth = [DATE - 12 Month Prior to Selected Month]
RETURN
CALCULATE(
    [$ Average Daily ACR], ALL(DimDate),
    DimDate[CreateDate]=SelectedMonth
)",,No,,No,,Yes,"$ average daily acr, date - 12 month prior to selected month",Yes,,"$ Avg Daily ACR 12 Selected Months Ago -> M_ACR + 
// Returns ACR for the latest selected month. Doesn't roll up to quarters - for use in other measures
VAR SelectedMonth = [DATE - 12 Month Prior to Selected Month]
RETURN
CALCULATE(
    [$ Average Daily ACR], ALL(DimDate),
    DimDate[CreateDate]=SelectedMonth
) | REFERENCES: $ Average Daily ACR -> M_ACR + 
VAR Days = [# Days in Month]
VAR DaysCurrent = DATEDIFF(CALCULATE(MAX(DimDate[MonthStartDate]),DimDate[IsCurrentAzureMonth]=1),TODAY(),DAY)
VAR ACR = M_ACR[$ ACR]
VAR SelectedMonth = [DATE - Latest Selected Month]
VAR AzureDate = CALCULATE(MAX(DimSourceRefreshDetails[SourceLastRefreshedDate]), DimSourceRefreshDetails[DataCategory]=""OCDM Azure Usage"")
VAR AzureCurrentM = [DATE - Azure Current Month]
VAR Today = TODAY()
VAR AzureLastClosed = M_Date[DATE - Last Closed Azure Month]
VAR CurrentMonthFY = M_Date[DATE + 1 Month After Last Closed Azure Month]
VAR SourceDate = CALCULATE(MAX(DimSourceRefreshDetails[SourceLastRefreshedDate]),DimSourceRefreshDetails[DataCategory]=""AzureDateGrain"")
VAR DaysSource = DATEDIFF(CALCULATE(MAX(DimDate[MonthStartDate]),DimDate[IsCurrentAzureMonth]=1),SourceDate,DAY)
VAR DaysSourceFY = DATEDIFF(CALCULATE(MAX(DimDate[MonthStartDate]),DimDate[CreateDate]=CurrentMonthFY),SourceDate,DAY)
RETURN
IF(SelectedMonth = AzureCurrentM,DIVIDE(ACR, DaysSource),IF(SelectedMonth > AzureLastClosed,BLANK(),DIVIDE(ACR, Days)))
--IF(SelectedMonth > AzureCurrentM,DIVIDE(ACR, DaysSourceFY),IF(SelectedMonth > AzureLastClosed,BLANK(),DIVIDE(ACR, Days))), DATE - 12 Month Prior to Selected Month -> M_Date + 
// Returns the start date of 12 months before the last azure closed month
VAR LastAzureClosedMonth = [DATE - Latest Selected Month]
VAR OneMonthPrior = EDATE ( LastAzureClosedMonth, -12)
RETURN
OneMonthPrior",0.2,No qualified references - simpler measure,0.2,,0.4,,0.0,The abbreviation 'ACR' is not self-explanatory and could confuse users unfamiliar with its meaning.,0.6,0.4,0.30000000000000004,critical,1,RED,#FF0000
M_ACR,$ Avg Daily ACR Latest Selected Month,"
// Returns ACR for the latest selected month. Doesn't roll up to quarters - for use in other measures
VAR SelectedMonth = [DATE - Latest Selected Month]
RETURN
CALCULATE(
    [$ Average Daily ACR],
    DimDate[CreateDate]=SelectedMonth
)",,No,,No,,Yes,"$ average daily acr, date - latest selected month",Yes,,"$ Avg Daily ACR Latest Selected Month -> M_ACR + 
// Returns ACR for the latest selected month. Doesn't roll up to quarters - for use in other measures
VAR SelectedMonth = [DATE - Latest Selected Month]
RETURN
CALCULATE(
    [$ Average Daily ACR],
    DimDate[CreateDate]=SelectedMonth
) | REFERENCES: $ Average Daily ACR -> M_ACR + 
VAR Days = [# Days in Month]
VAR DaysCurrent = DATEDIFF(CALCULATE(MAX(DimDate[MonthStartDate]),DimDate[IsCurrentAzureMonth]=1),TODAY(),DAY)
VAR ACR = M_ACR[$ ACR]
VAR SelectedMonth = [DATE - Latest Selected Month]
VAR AzureDate = CALCULATE(MAX(DimSourceRefreshDetails[SourceLastRefreshedDate]), DimSourceRefreshDetails[DataCategory]=""OCDM Azure Usage"")
VAR AzureCurrentM = [DATE - Azure Current Month]
VAR Today = TODAY()
VAR AzureLastClosed = M_Date[DATE - Last Closed Azure Month]
VAR CurrentMonthFY = M_Date[DATE + 1 Month After Last Closed Azure Month]
VAR SourceDate = CALCULATE(MAX(DimSourceRefreshDetails[SourceLastRefreshedDate]),DimSourceRefreshDetails[DataCategory]=""AzureDateGrain"")
VAR DaysSource = DATEDIFF(CALCULATE(MAX(DimDate[MonthStartDate]),DimDate[IsCurrentAzureMonth]=1),SourceDate,DAY)
VAR DaysSourceFY = DATEDIFF(CALCULATE(MAX(DimDate[MonthStartDate]),DimDate[CreateDate]=CurrentMonthFY),SourceDate,DAY)
RETURN
IF(SelectedMonth = AzureCurrentM,DIVIDE(ACR, DaysSource),IF(SelectedMonth > AzureLastClosed,BLANK(),DIVIDE(ACR, Days)))
--IF(SelectedMonth > AzureCurrentM,DIVIDE(ACR, DaysSourceFY),IF(SelectedMonth > AzureLastClosed,BLANK(),DIVIDE(ACR, Days))), DATE - Latest Selected Month -> M_Date + 
// Returns the value of the latest selected month
VAR LatestSelectedMonth = CALCULATE ( MAX('DimDate'[MonthStartDate]) )
RETURN
LatestSelectedMonth",0.2,No qualified references - simpler measure,0.2,,0.4,,0.0,The abbreviation 'ACR' is not self-explanatory and could confuse users unfamiliar with its meaning.,0.6,0.4,0.30000000000000004,critical,1,RED,#FF0000
M_ACR,% Avg Daily ACR YoY Last Closed Month,"CALCULATE(M_ACR[% Avg Daily ACR YoY],DimDate[IsLastAzureClosedMonth]=1)",,No,,Yes,% avg daily acr yoy,Yes,% avg daily acr yoy,Yes,"Please use unqualified measures references i.e., [Measure Name] instead of Fully Qualified reference i.e., Table[MeasureName] or 'Table'[MeasureName]. Referenced measures: % avg daily acr yoy","% Avg Daily ACR YoY Last Closed Month -> M_ACR + CALCULATE(M_ACR[% Avg Daily ACR YoY],DimDate[IsLastAzureClosedMonth]=1) | REFERENCES: % Avg Daily ACR YoY -> M_ACR + VAR D = DIVIDE([$ Avg Daily ACR Latest Selected Month] , [$ Avg Daily ACR 12 Selected Months Ago])
VAR YoY = D - 1
RETURN
IF(ISBLANK([$ Avg Daily ACR Latest Selected Month]),BLANK(),YoY)",0.0,Has qualified references - complex measure,0.2,,0.4,,0.0,The abbreviations 'ACR' and 'YoY' are not self-explanatory and could confuse users unfamiliar with their meanings.,0.6,0.4,0.30000000000000004,critical,1,RED,#FF0000
M_ACR,$ Organic Gross ACR,"CALCULATE(M_ACR[$ Gross ACR],'Distinct AdjustmentFlag'[AdjustmentFlag]=""N/A"")",,No,,Yes,$ gross acr,Yes,$ gross acr,No,"Please use unqualified measures references i.e., [Measure Name] instead of Fully Qualified reference i.e., Table[MeasureName] or 'Table'[MeasureName]. Referenced measures: $ gross acr","$ Organic Gross ACR -> M_ACR + CALCULATE(M_ACR[$ Gross ACR],'Distinct AdjustmentFlag'[AdjustmentFlag]=""N/A"") | REFERENCES: $ Gross ACR -> M_ACR + VAR CY = SUM(ACR_CY[AzureConsumedRevenueGross])
VAR PY = SUM(ACR_PY[AzureConsumedRevenueGross])
VAR A = CY + PY
VAR S = IF(ISFILTERED(DimCustomer[TPAccountName]),BLANK(),SUM(ACR_Summarized[AzureConsumedRevenueGross]))
VAR SelectedView = SELECTEDVALUE(DimViewType[ViewType])
RETURN
SWITCH(SelectedView,""Non-Curated"",S,A)",0.0,Has qualified references - complex measure,0.2,,0.4,,0.0,The abbreviation 'ACR' is not self-explanatory and could confuse users unfamiliar with its meaning.,0.6,0.4,0.30000000000000004,critical,1,RED,#FF0000
M_ACR,$ Average Daily Gross ACR,"VAR Days = [# Days in Month]
VAR DaysCurrent = DATEDIFF(CALCULATE(MAX(DimDate[MonthStartDate]),DimDate[IsCurrentAzureMonth]=1),TODAY(),DAY)
VAR ACR = M_ACR[$ Gross ACR]
VAR SelectedMonth = [DATE - Latest Selected Month]
VAR AzureDate = CALCULATE(MAX(DimSourceRefreshDetails[SourceLastRefreshedDate]), DimSourceRefreshDetails[DataCategory]=""AzureDateGrain"")
VAR AzureCurrentM = [DATE - Azure Current Month]
VAR Today = TODAY()
VAR AzureLastClosed = M_Date[DATE - Last Closed Azure Month]
VAR SourceDate = CALCULATE(MAX(DimSourceRefreshDetails[SourceLastRefreshedDate]),DimSourceRefreshDetails[DataCategory]=""AzureDateGrain"")
VAR DaysSource = DATEDIFF(CALCULATE(MAX(DimDate[MonthStartDate]),DimDate[IsCurrentAzureMonth]=1),SourceDate,DAY)
RETURN
IF(SelectedMonth = AzureCurrentM,DIVIDE(ACR, DaysSource),IF(SelectedMonth > AzureLastClosed,BLANK(),DIVIDE(ACR, Days)))",,No,,Yes,"$ gross acr, date - last closed azure month",Yes,"# days in month, $ gross acr, date - azure current month, date - last closed azure month, date - latest selected month",Yes,"Please use unqualified measures references i.e., [Measure Name] instead of Fully Qualified reference i.e., Table[MeasureName] or 'Table'[MeasureName]. Referenced measures: $ gross acr, date - last closed azure month","$ Average Daily Gross ACR -> M_ACR + VAR Days = [# Days in Month]
VAR DaysCurrent = DATEDIFF(CALCULATE(MAX(DimDate[MonthStartDate]),DimDate[IsCurrentAzureMonth]=1),TODAY(),DAY)
VAR ACR = M_ACR[$ Gross ACR]
VAR SelectedMonth = [DATE - Latest Selected Month]
VAR AzureDate = CALCULATE(MAX(DimSourceRefreshDetails[SourceLastRefreshedDate]), DimSourceRefreshDetails[DataCategory]=""AzureDateGrain"")
VAR AzureCurrentM = [DATE - Azure Current Month]
VAR Today = TODAY()
VAR AzureLastClosed = M_Date[DATE - Last Closed Azure Month]
VAR SourceDate = CALCULATE(MAX(DimSourceRefreshDetails[SourceLastRefreshedDate]),DimSourceRefreshDetails[DataCategory]=""AzureDateGrain"")
VAR DaysSource = DATEDIFF(CALCULATE(MAX(DimDate[MonthStartDate]),DimDate[IsCurrentAzureMonth]=1),SourceDate,DAY)
RETURN
IF(SelectedMonth = AzureCurrentM,DIVIDE(ACR, DaysSource),IF(SelectedMonth > AzureLastClosed,BLANK(),DIVIDE(ACR, Days))) | REFERENCES: # Days in Month -> M_Date + [Start End Date Diff] + 1, $ Gross ACR -> M_ACR + VAR CY = SUM(ACR_CY[AzureConsumedRevenueGross])
VAR PY = SUM(ACR_PY[AzureConsumedRevenueGross])
VAR A = CY + PY
VAR S = IF(ISFILTERED(DimCustomer[TPAccountName]),BLANK(),SUM(ACR_Summarized[AzureConsumedRevenueGross]))
VAR SelectedView = SELECTEDVALUE(DimViewType[ViewType])
RETURN
SWITCH(SelectedView,""Non-Curated"",S,A), DATE - Azure Current Month -> M_Date + 
// Returns the value of the latest selected month
VAR LatestSelectedMonth = CALCULATE ( MAX('DimDate'[MonthStartDate]), DimDate[IsCurrentAzureMonth]=1 )
RETURN
LatestSelectedMonth, DATE - Last Closed Azure Month -> M_Date + 
// Returns start date of last closed Azure month
VAR LastClosedAzureMonth = CALCULATE(SELECTEDVALUE('DimDate'[MonthStartDate]), ALL('DimDate'), 'DimDate'[IsLastAzureClosedMonth] = 1)
RETURN
LastClosedAzureMonth, DATE - Latest Selected Month -> M_Date + 
// Returns the value of the latest selected month
VAR LatestSelectedMonth = CALCULATE ( MAX('DimDate'[MonthStartDate]) )
RETURN
LatestSelectedMonth",0.0,Has qualified references - complex measure,0.2,,0.4,,0.0,The abbreviation 'ACR' is not self-explanatory and could confuse users unfamiliar with its meaning.,0.6,0.4,0.30000000000000004,critical,1,RED,#FF0000
M_ACR,$ Avg Daily Gross ACR 12 Selected Months Ago,"
// Returns ACR for the latest selected month. Doesn't roll up to quarters - for use in other measures
VAR SelectedMonth = [DATE - 12 Month Prior to Selected Month]
RETURN
CALCULATE(
    [$ Average Daily Gross ACR],ALL(DimDate),
    DimDate[CreateDate]=SelectedMonth
)",,No,,No,,Yes,"$ average daily gross acr, date - 12 month prior to selected month",Yes,,"$ Avg Daily Gross ACR 12 Selected Months Ago -> M_ACR + 
// Returns ACR for the latest selected month. Doesn't roll up to quarters - for use in other measures
VAR SelectedMonth = [DATE - 12 Month Prior to Selected Month]
RETURN
CALCULATE(
    [$ Average Daily Gross ACR],ALL(DimDate),
    DimDate[CreateDate]=SelectedMonth
) | REFERENCES: $ Average Daily Gross ACR -> M_ACR + VAR Days = [# Days in Month]
VAR DaysCurrent = DATEDIFF(CALCULATE(MAX(DimDate[MonthStartDate]),DimDate[IsCurrentAzureMonth]=1),TODAY(),DAY)
VAR ACR = M_ACR[$ Gross ACR]
VAR SelectedMonth = [DATE - Latest Selected Month]
VAR AzureDate = CALCULATE(MAX(DimSourceRefreshDetails[SourceLastRefreshedDate]), DimSourceRefreshDetails[DataCategory]=""AzureDateGrain"")
VAR AzureCurrentM = [DATE - Azure Current Month]
VAR Today = TODAY()
VAR AzureLastClosed = M_Date[DATE - Last Closed Azure Month]
VAR SourceDate = CALCULATE(MAX(DimSourceRefreshDetails[SourceLastRefreshedDate]),DimSourceRefreshDetails[DataCategory]=""AzureDateGrain"")
VAR DaysSource = DATEDIFF(CALCULATE(MAX(DimDate[MonthStartDate]),DimDate[IsCurrentAzureMonth]=1),SourceDate,DAY)
RETURN
IF(SelectedMonth = AzureCurrentM,DIVIDE(ACR, DaysSource),IF(SelectedMonth > AzureLastClosed,BLANK(),DIVIDE(ACR, Days))), DATE - 12 Month Prior to Selected Month -> M_Date + 
// Returns the start date of 12 months before the last azure closed month
VAR LastAzureClosedMonth = [DATE - Latest Selected Month]
VAR OneMonthPrior = EDATE ( LastAzureClosedMonth, -12)
RETURN
OneMonthPrior",0.2,No qualified references - simpler measure,0.2,,0.4,,0.0,The abbreviation 'ACR' is not self-explanatory and could confuse users unfamiliar with its meaning.,0.6,0.4,0.30000000000000004,critical,1,RED,#FF0000
M_ACR,$ Avg Daily Gross ACR Last Closed Month,"
// Returns ACR for the latest selected month. Doesn't roll up to quarters - for use in other measures
VAR SelectedMonth = [DATE - Last Closed Azure Month]
RETURN
CALCULATE(
    [$ Average Daily Gross ACR],
    DimDate[CreateDate]=SelectedMonth
)",,No,,No,,Yes,"$ average daily gross acr, date - last closed azure month",Yes,,"$ Avg Daily Gross ACR Last Closed Month -> M_ACR + 
// Returns ACR for the latest selected month. Doesn't roll up to quarters - for use in other measures
VAR SelectedMonth = [DATE - Last Closed Azure Month]
RETURN
CALCULATE(
    [$ Average Daily Gross ACR],
    DimDate[CreateDate]=SelectedMonth
) | REFERENCES: $ Average Daily Gross ACR -> M_ACR + VAR Days = [# Days in Month]
VAR DaysCurrent = DATEDIFF(CALCULATE(MAX(DimDate[MonthStartDate]),DimDate[IsCurrentAzureMonth]=1),TODAY(),DAY)
VAR ACR = M_ACR[$ Gross ACR]
VAR SelectedMonth = [DATE - Latest Selected Month]
VAR AzureDate = CALCULATE(MAX(DimSourceRefreshDetails[SourceLastRefreshedDate]), DimSourceRefreshDetails[DataCategory]=""AzureDateGrain"")
VAR AzureCurrentM = [DATE - Azure Current Month]
VAR Today = TODAY()
VAR AzureLastClosed = M_Date[DATE - Last Closed Azure Month]
VAR SourceDate = CALCULATE(MAX(DimSourceRefreshDetails[SourceLastRefreshedDate]),DimSourceRefreshDetails[DataCategory]=""AzureDateGrain"")
VAR DaysSource = DATEDIFF(CALCULATE(MAX(DimDate[MonthStartDate]),DimDate[IsCurrentAzureMonth]=1),SourceDate,DAY)
RETURN
IF(SelectedMonth = AzureCurrentM,DIVIDE(ACR, DaysSource),IF(SelectedMonth > AzureLastClosed,BLANK(),DIVIDE(ACR, Days))), DATE - Last Closed Azure Month -> M_Date + 
// Returns start date of last closed Azure month
VAR LastClosedAzureMonth = CALCULATE(SELECTEDVALUE('DimDate'[MonthStartDate]), ALL('DimDate'), 'DimDate'[IsLastAzureClosedMonth] = 1)
RETURN
LastClosedAzureMonth",0.2,No qualified references - simpler measure,0.2,,0.4,,0.0,The abbreviation 'ACR' is not self-explanatory and could confuse users unfamiliar with its meaning.,0.6,0.4,0.30000000000000004,critical,1,RED,#FF0000
M_ACR,$ Avg Daily Gross ACR Latest Selected Month,"
// Returns ACR for the latest selected month. Doesn't roll up to quarters - for use in other measures
VAR SelectedMonth = [DATE - Latest Selected Month]
RETURN
CALCULATE(
    [$ Average Daily Gross ACR],ALL(DimDate),
    DimDate[CreateDate]=SelectedMonth
)",,No,,No,,Yes,"$ average daily gross acr, date - latest selected month",Yes,,"$ Avg Daily Gross ACR Latest Selected Month -> M_ACR + 
// Returns ACR for the latest selected month. Doesn't roll up to quarters - for use in other measures
VAR SelectedMonth = [DATE - Latest Selected Month]
RETURN
CALCULATE(
    [$ Average Daily Gross ACR],ALL(DimDate),
    DimDate[CreateDate]=SelectedMonth
) | REFERENCES: $ Average Daily Gross ACR -> M_ACR + VAR Days = [# Days in Month]
VAR DaysCurrent = DATEDIFF(CALCULATE(MAX(DimDate[MonthStartDate]),DimDate[IsCurrentAzureMonth]=1),TODAY(),DAY)
VAR ACR = M_ACR[$ Gross ACR]
VAR SelectedMonth = [DATE - Latest Selected Month]
VAR AzureDate = CALCULATE(MAX(DimSourceRefreshDetails[SourceLastRefreshedDate]), DimSourceRefreshDetails[DataCategory]=""AzureDateGrain"")
VAR AzureCurrentM = [DATE - Azure Current Month]
VAR Today = TODAY()
VAR AzureLastClosed = M_Date[DATE - Last Closed Azure Month]
VAR SourceDate = CALCULATE(MAX(DimSourceRefreshDetails[SourceLastRefreshedDate]),DimSourceRefreshDetails[DataCategory]=""AzureDateGrain"")
VAR DaysSource = DATEDIFF(CALCULATE(MAX(DimDate[MonthStartDate]),DimDate[IsCurrentAzureMonth]=1),SourceDate,DAY)
RETURN
IF(SelectedMonth = AzureCurrentM,DIVIDE(ACR, DaysSource),IF(SelectedMonth > AzureLastClosed,BLANK(),DIVIDE(ACR, Days))), DATE - Latest Selected Month -> M_Date + 
// Returns the value of the latest selected month
VAR LatestSelectedMonth = CALCULATE ( MAX('DimDate'[MonthStartDate]) )
RETURN
LatestSelectedMonth",0.2,No qualified references - simpler measure,0.2,,0.4,,0.0,The abbreviation 'ACR' is not self-explanatory and could confuse users unfamiliar with its meaning.,0.6,0.4,0.30000000000000004,critical,1,RED,#FF0000
M_ACR,$ Avg Daily Gross ACR Previous Last Closed Month,"
// Returns ACR for the latest selected month. Doesn't roll up to quarters - for use in other measures
VAR SelectedMonth = [DATE - 1 Month Prior to Last Closed Azure Month]
RETURN
CALCULATE(
    [$ Average Daily Gross ACR],
    DimDate[CreateDate]=SelectedMonth
)",,No,,No,,Yes,"$ average daily gross acr, date - 1 month prior to last closed azure month",Yes,,"$ Avg Daily Gross ACR Previous Last Closed Month -> M_ACR + 
// Returns ACR for the latest selected month. Doesn't roll up to quarters - for use in other measures
VAR SelectedMonth = [DATE - 1 Month Prior to Last Closed Azure Month]
RETURN
CALCULATE(
    [$ Average Daily Gross ACR],
    DimDate[CreateDate]=SelectedMonth
) | REFERENCES: $ Average Daily Gross ACR -> M_ACR + VAR Days = [# Days in Month]
VAR DaysCurrent = DATEDIFF(CALCULATE(MAX(DimDate[MonthStartDate]),DimDate[IsCurrentAzureMonth]=1),TODAY(),DAY)
VAR ACR = M_ACR[$ Gross ACR]
VAR SelectedMonth = [DATE - Latest Selected Month]
VAR AzureDate = CALCULATE(MAX(DimSourceRefreshDetails[SourceLastRefreshedDate]), DimSourceRefreshDetails[DataCategory]=""AzureDateGrain"")
VAR AzureCurrentM = [DATE - Azure Current Month]
VAR Today = TODAY()
VAR AzureLastClosed = M_Date[DATE - Last Closed Azure Month]
VAR SourceDate = CALCULATE(MAX(DimSourceRefreshDetails[SourceLastRefreshedDate]),DimSourceRefreshDetails[DataCategory]=""AzureDateGrain"")
VAR DaysSource = DATEDIFF(CALCULATE(MAX(DimDate[MonthStartDate]),DimDate[IsCurrentAzureMonth]=1),SourceDate,DAY)
RETURN
IF(SelectedMonth = AzureCurrentM,DIVIDE(ACR, DaysSource),IF(SelectedMonth > AzureLastClosed,BLANK(),DIVIDE(ACR, Days))), DATE - 1 Month Prior to Last Closed Azure Month -> M_Date + 
// Returns the start date of the month before the latest selected azure closed month
VAR LastAzureClosedMonth = [DATE - Last Closed Azure Month]
VAR OneMonthPrior = CALCULATE(EDATE ( LastAzureClosedMonth, -1),ALL(DimDate))
RETURN
OneMonthPrior",0.2,No qualified references - simpler measure,0.2,,0.4,,0.0,The abbreviation 'ACR' is not self-explanatory and could confuse users unfamiliar with its meaning.,0.6,0.4,0.30000000000000004,critical,1,RED,#FF0000
M_ACR,% Avg Daily Gross ACR MoM Change Last Closed Month,"VAR Change = [$ Avg Daily Gross ACR Last Closed Month] - [$ Avg Daily Gross ACR Previous Last Closed Month]
RETURN
DIVIDE(Change , [$ Avg Daily Gross ACR Previous Last Closed Month])",,No,,No,,Yes,"$ avg daily gross acr last closed month, $ avg daily gross acr previous last closed month",No,,"% Avg Daily Gross ACR MoM Change Last Closed Month -> M_ACR + VAR Change = [$ Avg Daily Gross ACR Last Closed Month] - [$ Avg Daily Gross ACR Previous Last Closed Month]
RETURN
DIVIDE(Change , [$ Avg Daily Gross ACR Previous Last Closed Month]) | REFERENCES: $ Avg Daily Gross ACR Last Closed Month -> M_ACR + 
// Returns ACR for the latest selected month. Doesn't roll up to quarters - for use in other measures
VAR SelectedMonth = [DATE - Last Closed Azure Month]
RETURN
CALCULATE(
    [$ Average Daily Gross ACR],
    DimDate[CreateDate]=SelectedMonth
), $ Avg Daily Gross ACR Previous Last Closed Month -> M_ACR + 
// Returns ACR for the latest selected month. Doesn't roll up to quarters - for use in other measures
VAR SelectedMonth = [DATE - 1 Month Prior to Last Closed Azure Month]
RETURN
CALCULATE(
    [$ Average Daily Gross ACR],
    DimDate[CreateDate]=SelectedMonth
)",0.2,No qualified references - simpler measure,0.2,,0.4,,0.0,The abbreviations 'ACR' and 'MoM' are not self-explanatory and could confuse users unfamiliar with their meanings.,0.6,0.4,0.30000000000000004,critical,1,RED,#FF0000
M_ACR,% Avg Daily Gross ACR YoY,"VAR D = DIVIDE([$ Avg Daily Gross ACR Latest Selected Month] , [$ Avg Daily Gross ACR 12 Selected Months Ago])
VAR YoY = D - 1
RETURN
IF(ISBLANK([$ Avg Daily Gross ACR Latest Selected Month]),BLANK(),YoY)",,No,,No,,Yes,"$ avg daily gross acr 12 selected months ago, $ avg daily gross acr latest selected month",Yes,,"% Avg Daily Gross ACR YoY -> M_ACR + VAR D = DIVIDE([$ Avg Daily Gross ACR Latest Selected Month] , [$ Avg Daily Gross ACR 12 Selected Months Ago])
VAR YoY = D - 1
RETURN
IF(ISBLANK([$ Avg Daily Gross ACR Latest Selected Month]),BLANK(),YoY) | REFERENCES: $ Avg Daily Gross ACR 12 Selected Months Ago -> M_ACR + 
// Returns ACR for the latest selected month. Doesn't roll up to quarters - for use in other measures
VAR SelectedMonth = [DATE - 12 Month Prior to Selected Month]
RETURN
CALCULATE(
    [$ Average Daily Gross ACR],ALL(DimDate),
    DimDate[CreateDate]=SelectedMonth
), $ Avg Daily Gross ACR Latest Selected Month -> M_ACR + 
// Returns ACR for the latest selected month. Doesn't roll up to quarters - for use in other measures
VAR SelectedMonth = [DATE - Latest Selected Month]
RETURN
CALCULATE(
    [$ Average Daily Gross ACR],ALL(DimDate),
    DimDate[CreateDate]=SelectedMonth
)",0.2,No qualified references - simpler measure,0.2,,0.4,,0.0,The abbreviations 'ACR' and 'YoY' are not self-explanatory and could confuse users unfamiliar with their meanings.,0.6,0.4,0.30000000000000004,critical,1,RED,#FF0000
M_ACR,% Avg Daily Gross ACR YoY Last Closed Month,"CALCULATE(M_ACR[% Avg Daily Gross ACR YoY],DimDate[IsLastAzureClosedMonth]=1)",,No,,Yes,% avg daily gross acr yoy,Yes,% avg daily gross acr yoy,No,"Please use unqualified measures references i.e., [Measure Name] instead of Fully Qualified reference i.e., Table[MeasureName] or 'Table'[MeasureName]. Referenced measures: % avg daily gross acr yoy","% Avg Daily Gross ACR YoY Last Closed Month -> M_ACR + CALCULATE(M_ACR[% Avg Daily Gross ACR YoY],DimDate[IsLastAzureClosedMonth]=1) | REFERENCES: % Avg Daily Gross ACR YoY -> M_ACR + VAR D = DIVIDE([$ Avg Daily Gross ACR Latest Selected Month] , [$ Avg Daily Gross ACR 12 Selected Months Ago])
VAR YoY = D - 1
RETURN
IF(ISBLANK([$ Avg Daily Gross ACR Latest Selected Month]),BLANK(),YoY)",0.0,Has qualified references - complex measure,0.2,,0.4,,0.0,The abbreviation 'ACR' is not self-explanatory and could confuse users unfamiliar with the term.,0.6,0.4,0.30000000000000004,critical,1,RED,#FF0000
M_ACR,% Avg Daily ACR MoM,"VAR SelectedMonth = [DATE - Latest Selected Month]
VAR PrevMonth = [DATE - 1 Month Prior to Latest Selected Month]
VAR ThisMonth = CALCULATE(M_ACR[$ Average Daily ACR],DimDate[MonthStartDate]=SelectedMonth)
VAR LastMonth = CALCULATE(M_ACR[$ Average Daily ACR],ALL(DimDate),DimDate[MonthStartDate]=PrevMonth)
VAR D = ThisMonth - LastMonth
RETURN
if(isblank(ThisMonth),BLANK(),DIVIDE(D , LastMonth))",,No,,Yes,$ average daily acr,Yes,"$ average daily acr, date - 1 month prior to latest selected month, date - latest selected month",No,"Please use unqualified measures references i.e., [Measure Name] instead of Fully Qualified reference i.e., Table[MeasureName] or 'Table'[MeasureName]. Referenced measures: $ average daily acr","% Avg Daily ACR MoM -> M_ACR + VAR SelectedMonth = [DATE - Latest Selected Month]
VAR PrevMonth = [DATE - 1 Month Prior to Latest Selected Month]
VAR ThisMonth = CALCULATE(M_ACR[$ Average Daily ACR],DimDate[MonthStartDate]=SelectedMonth)
VAR LastMonth = CALCULATE(M_ACR[$ Average Daily ACR],ALL(DimDate),DimDate[MonthStartDate]=PrevMonth)
VAR D = ThisMonth - LastMonth
RETURN
if(isblank(ThisMonth),BLANK(),DIVIDE(D , LastMonth)) | REFERENCES: $ Average Daily ACR -> M_ACR + 
VAR Days = [# Days in Month]
VAR DaysCurrent = DATEDIFF(CALCULATE(MAX(DimDate[MonthStartDate]),DimDate[IsCurrentAzureMonth]=1),TODAY(),DAY)
VAR ACR = M_ACR[$ ACR]
VAR SelectedMonth = [DATE - Latest Selected Month]
VAR AzureDate = CALCULATE(MAX(DimSourceRefreshDetails[SourceLastRefreshedDate]), DimSourceRefreshDetails[DataCategory]=""OCDM Azure Usage"")
VAR AzureCurrentM = [DATE - Azure Current Month]
VAR Today = TODAY()
VAR AzureLastClosed = M_Date[DATE - Last Closed Azure Month]
VAR CurrentMonthFY = M_Date[DATE + 1 Month After Last Closed Azure Month]
VAR SourceDate = CALCULATE(MAX(DimSourceRefreshDetails[SourceLastRefreshedDate]),DimSourceRefreshDetails[DataCategory]=""AzureDateGrain"")
VAR DaysSource = DATEDIFF(CALCULATE(MAX(DimDate[MonthStartDate]),DimDate[IsCurrentAzureMonth]=1),SourceDate,DAY)
VAR DaysSourceFY = DATEDIFF(CALCULATE(MAX(DimDate[MonthStartDate]),DimDate[CreateDate]=CurrentMonthFY),SourceDate,DAY)
RETURN
IF(SelectedMonth = AzureCurrentM,DIVIDE(ACR, DaysSource),IF(SelectedMonth > AzureLastClosed,BLANK(),DIVIDE(ACR, Days)))
--IF(SelectedMonth > AzureCurrentM,DIVIDE(ACR, DaysSourceFY),IF(SelectedMonth > AzureLastClosed,BLANK(),DIVIDE(ACR, Days))), DATE - 1 Month Prior to Latest Selected Month -> M_Date + 
// Returns the start date of the month before the latest selected azure closed month
VAR LatestSelectedAzureClosedMonth = [DATE - Latest Selected Month]
VAR OneMonthPrior = EDATE ( LatestSelectedAzureClosedMonth, -1)
RETURN
OneMonthPrior, DATE - Latest Selected Month -> M_Date + 
// Returns the value of the latest selected month
VAR LatestSelectedMonth = CALCULATE ( MAX('DimDate'[MonthStartDate]) )
RETURN
LatestSelectedMonth",0.0,Has qualified references - complex measure,0.2,,0.4,,0.0,The abbreviation 'ACR' and 'MoM' are not self-explanatory and could confuse users unfamiliar with these terms.,0.6,0.4,0.30000000000000004,critical,1,RED,#FF0000
M_ACR,$ Avg Daily ACR Previous Selected Month,"
// Returns ACR for the latest selected month. Doesn't roll up to quarters - for use in other measures
VAR SelectedMonth = [DATE - 1 Month Prior to Latest Selected Month]
RETURN
CALCULATE(
    [$ Average Daily ACR],ALL(DimDate),
    DimDate[CreateDate]=SelectedMonth
)",,No,,No,,Yes,"$ average daily acr, date - 1 month prior to latest selected month",Yes,,"$ Avg Daily ACR Previous Selected Month -> M_ACR + 
// Returns ACR for the latest selected month. Doesn't roll up to quarters - for use in other measures
VAR SelectedMonth = [DATE - 1 Month Prior to Latest Selected Month]
RETURN
CALCULATE(
    [$ Average Daily ACR],ALL(DimDate),
    DimDate[CreateDate]=SelectedMonth
) | REFERENCES: $ Average Daily ACR -> M_ACR + 
VAR Days = [# Days in Month]
VAR DaysCurrent = DATEDIFF(CALCULATE(MAX(DimDate[MonthStartDate]),DimDate[IsCurrentAzureMonth]=1),TODAY(),DAY)
VAR ACR = M_ACR[$ ACR]
VAR SelectedMonth = [DATE - Latest Selected Month]
VAR AzureDate = CALCULATE(MAX(DimSourceRefreshDetails[SourceLastRefreshedDate]), DimSourceRefreshDetails[DataCategory]=""OCDM Azure Usage"")
VAR AzureCurrentM = [DATE - Azure Current Month]
VAR Today = TODAY()
VAR AzureLastClosed = M_Date[DATE - Last Closed Azure Month]
VAR CurrentMonthFY = M_Date[DATE + 1 Month After Last Closed Azure Month]
VAR SourceDate = CALCULATE(MAX(DimSourceRefreshDetails[SourceLastRefreshedDate]),DimSourceRefreshDetails[DataCategory]=""AzureDateGrain"")
VAR DaysSource = DATEDIFF(CALCULATE(MAX(DimDate[MonthStartDate]),DimDate[IsCurrentAzureMonth]=1),SourceDate,DAY)
VAR DaysSourceFY = DATEDIFF(CALCULATE(MAX(DimDate[MonthStartDate]),DimDate[CreateDate]=CurrentMonthFY),SourceDate,DAY)
RETURN
IF(SelectedMonth = AzureCurrentM,DIVIDE(ACR, DaysSource),IF(SelectedMonth > AzureLastClosed,BLANK(),DIVIDE(ACR, Days)))
--IF(SelectedMonth > AzureCurrentM,DIVIDE(ACR, DaysSourceFY),IF(SelectedMonth > AzureLastClosed,BLANK(),DIVIDE(ACR, Days))), DATE - 1 Month Prior to Latest Selected Month -> M_Date + 
// Returns the start date of the month before the latest selected azure closed month
VAR LatestSelectedAzureClosedMonth = [DATE - Latest Selected Month]
VAR OneMonthPrior = EDATE ( LatestSelectedAzureClosedMonth, -1)
RETURN
OneMonthPrior",0.2,No qualified references - simpler measure,0.2,,0.4,,0.0,The abbreviation 'ACR' is not self-explanatory and could confuse users unfamiliar with the term.,0.6,0.4,0.30000000000000004,critical,1,RED,#FF0000
M_ACR,$ Avg Daily Gross ACR Previous Selected Month,"
// Returns ACR for the latest selected month. Doesn't roll up to quarters - for use in other measures
VAR SelectedMonth = [DATE - 1 Month Prior to Latest Selected Month]
RETURN
CALCULATE(
    [$ Average Daily Gross ACR], ALL(DimDate),
    DimDate[CreateDate]=SelectedMonth
)",,No,,No,,Yes,"$ average daily gross acr, date - 1 month prior to latest selected month",No,,"$ Avg Daily Gross ACR Previous Selected Month -> M_ACR + 
// Returns ACR for the latest selected month. Doesn't roll up to quarters - for use in other measures
VAR SelectedMonth = [DATE - 1 Month Prior to Latest Selected Month]
RETURN
CALCULATE(
    [$ Average Daily Gross ACR], ALL(DimDate),
    DimDate[CreateDate]=SelectedMonth
) | REFERENCES: $ Average Daily Gross ACR -> M_ACR + VAR Days = [# Days in Month]
VAR DaysCurrent = DATEDIFF(CALCULATE(MAX(DimDate[MonthStartDate]),DimDate[IsCurrentAzureMonth]=1),TODAY(),DAY)
VAR ACR = M_ACR[$ Gross ACR]
VAR SelectedMonth = [DATE - Latest Selected Month]
VAR AzureDate = CALCULATE(MAX(DimSourceRefreshDetails[SourceLastRefreshedDate]), DimSourceRefreshDetails[DataCategory]=""AzureDateGrain"")
VAR AzureCurrentM = [DATE - Azure Current Month]
VAR Today = TODAY()
VAR AzureLastClosed = M_Date[DATE - Last Closed Azure Month]
VAR SourceDate = CALCULATE(MAX(DimSourceRefreshDetails[SourceLastRefreshedDate]),DimSourceRefreshDetails[DataCategory]=""AzureDateGrain"")
VAR DaysSource = DATEDIFF(CALCULATE(MAX(DimDate[MonthStartDate]),DimDate[IsCurrentAzureMonth]=1),SourceDate,DAY)
RETURN
IF(SelectedMonth = AzureCurrentM,DIVIDE(ACR, DaysSource),IF(SelectedMonth > AzureLastClosed,BLANK(),DIVIDE(ACR, Days))), DATE - 1 Month Prior to Latest Selected Month -> M_Date + 
// Returns the start date of the month before the latest selected azure closed month
VAR LatestSelectedAzureClosedMonth = [DATE - Latest Selected Month]
VAR OneMonthPrior = EDATE ( LatestSelectedAzureClosedMonth, -1)
RETURN
OneMonthPrior",0.2,No qualified references - simpler measure,0.2,,0.4,,0.0,The abbreviation 'ACR' is not self-explanatory and could confuse users unfamiliar with the term.,0.6,0.4,0.30000000000000004,critical,1,RED,#FF0000
M_ACR,% Avg Daily Gross ACR MoM,"VAR SelectedMonth = [DATE - Latest Selected Month]
VAR PrevMonth = [DATE - 1 Month Prior to Latest Selected Month]
VAR ThisMonth = CALCULATE(M_ACR[$ Average Daily Gross ACR],DimDate[MonthStartDate]=SelectedMonth)
VAR LastMonth = CALCULATE(M_ACR[$ Average Daily Gross ACR],ALL(DimDate),DimDate[MonthStartDate]=PrevMonth)
VAR D = ThisMonth - LastMonth
RETURN
if(isblank(ThisMonth),BLANK(),DIVIDE(D , LastMonth))",,No,,Yes,$ average daily gross acr,Yes,"$ average daily gross acr, date - 1 month prior to latest selected month, date - latest selected month",No,"Please use unqualified measures references i.e., [Measure Name] instead of Fully Qualified reference i.e., Table[MeasureName] or 'Table'[MeasureName]. Referenced measures: $ average daily gross acr","% Avg Daily Gross ACR MoM -> M_ACR + VAR SelectedMonth = [DATE - Latest Selected Month]
VAR PrevMonth = [DATE - 1 Month Prior to Latest Selected Month]
VAR ThisMonth = CALCULATE(M_ACR[$ Average Daily Gross ACR],DimDate[MonthStartDate]=SelectedMonth)
VAR LastMonth = CALCULATE(M_ACR[$ Average Daily Gross ACR],ALL(DimDate),DimDate[MonthStartDate]=PrevMonth)
VAR D = ThisMonth - LastMonth
RETURN
if(isblank(ThisMonth),BLANK(),DIVIDE(D , LastMonth)) | REFERENCES: $ Average Daily Gross ACR -> M_ACR + VAR Days = [# Days in Month]
VAR DaysCurrent = DATEDIFF(CALCULATE(MAX(DimDate[MonthStartDate]),DimDate[IsCurrentAzureMonth]=1),TODAY(),DAY)
VAR ACR = M_ACR[$ Gross ACR]
VAR SelectedMonth = [DATE - Latest Selected Month]
VAR AzureDate = CALCULATE(MAX(DimSourceRefreshDetails[SourceLastRefreshedDate]), DimSourceRefreshDetails[DataCategory]=""AzureDateGrain"")
VAR AzureCurrentM = [DATE - Azure Current Month]
VAR Today = TODAY()
VAR AzureLastClosed = M_Date[DATE - Last Closed Azure Month]
VAR SourceDate = CALCULATE(MAX(DimSourceRefreshDetails[SourceLastRefreshedDate]),DimSourceRefreshDetails[DataCategory]=""AzureDateGrain"")
VAR DaysSource = DATEDIFF(CALCULATE(MAX(DimDate[MonthStartDate]),DimDate[IsCurrentAzureMonth]=1),SourceDate,DAY)
RETURN
IF(SelectedMonth = AzureCurrentM,DIVIDE(ACR, DaysSource),IF(SelectedMonth > AzureLastClosed,BLANK(),DIVIDE(ACR, Days))), DATE - 1 Month Prior to Latest Selected Month -> M_Date + 
// Returns the start date of the month before the latest selected azure closed month
VAR LatestSelectedAzureClosedMonth = [DATE - Latest Selected Month]
VAR OneMonthPrior = EDATE ( LatestSelectedAzureClosedMonth, -1)
RETURN
OneMonthPrior, DATE - Latest Selected Month -> M_Date + 
// Returns the value of the latest selected month
VAR LatestSelectedMonth = CALCULATE ( MAX('DimDate'[MonthStartDate]) )
RETURN
LatestSelectedMonth",0.0,Has qualified references - complex measure,0.2,,0.4,,0.0,The abbreviation 'ACR' and 'MoM' are not self-explanatory and could confuse users unfamiliar with these terms.,0.6,0.4,0.30000000000000004,critical,1,RED,#FF0000
M_ACR,$ ACR Total,"CALCULATE(M_ACR[$ ACR],ALLSELECTED('Distinct SolutionArea'[SolutionArea]))",,No,,Yes,$ acr,Yes,$ acr,No,"Please use unqualified measures references i.e., [Measure Name] instead of Fully Qualified reference i.e., Table[MeasureName] or 'Table'[MeasureName]. Referenced measures: $ acr","$ ACR Total -> M_ACR + CALCULATE(M_ACR[$ ACR],ALLSELECTED('Distinct SolutionArea'[SolutionArea])) | REFERENCES: $ ACR -> M_ACR + VAR CY = SUM(ACR_CY[AzureConsumedRevenue])
VAR PY = SUM(ACR_PY[AzureConsumedRevenue])
VAR A = CY + PY
VAR S = IF(ISFILTERED(DimCustomer[TPAccountName]),BLANK(),SUM(ACR_Summarized[AzureConsumedRevenue]))
VAR SelectedView = SELECTEDVALUE(DimViewType[ViewType])
RETURN
SWITCH(SelectedView,""Non-Curated"",S,A)",0.0,Has qualified references - complex measure,0.2,,0.4,,0.0,The abbreviation 'ACR' is not self-explanatory and could confuse users unfamiliar with the term.,0.6,0.4,0.30000000000000004,critical,1,RED,#FF0000
M_ACR,% ACR of Total,"VAR A = M_ACR[$ ACR]
VAR TA= CALCULATE(SUMX(ACR_CY,M_ACR[$ ACR]),ALL('Distinct SolutionArea'[SolutionArea]))
RETURN
DIVIDE(A , TA)",,No,,Yes,$ acr,Yes,$ acr,No,"Please use unqualified measures references i.e., [Measure Name] instead of Fully Qualified reference i.e., Table[MeasureName] or 'Table'[MeasureName]. Referenced measures: $ acr","% ACR of Total -> M_ACR + VAR A = M_ACR[$ ACR]
VAR TA= CALCULATE(SUMX(ACR_CY,M_ACR[$ ACR]),ALL('Distinct SolutionArea'[SolutionArea]))
RETURN
DIVIDE(A , TA) | REFERENCES: $ ACR -> M_ACR + VAR CY = SUM(ACR_CY[AzureConsumedRevenue])
VAR PY = SUM(ACR_PY[AzureConsumedRevenue])
VAR A = CY + PY
VAR S = IF(ISFILTERED(DimCustomer[TPAccountName]),BLANK(),SUM(ACR_Summarized[AzureConsumedRevenue]))
VAR SelectedView = SELECTEDVALUE(DimViewType[ViewType])
RETURN
SWITCH(SelectedView,""Non-Curated"",S,A)",0.0,Has qualified references - complex measure,0.2,,0.4,,0.0,The abbreviation 'ACR' is not self-explanatory and could confuse users unfamiliar with the term.,0.6,0.4,0.30000000000000004,critical,1,RED,#FF0000
M_ACR,# Consuming Accounts,"
// returns the count of consuming accounts YTD
CALCULATE ( 
        COUNT ( DimCustomer[TPID] ), 
        FILTER ( VALUES ( DimCustomer[TPID] ) , [$ ACR] > 0 )
)",,No,,No,,Yes,$ acr,No,,"# Consuming Accounts -> M_ACR + 
// returns the count of consuming accounts YTD
CALCULATE ( 
        COUNT ( DimCustomer[TPID] ), 
        FILTER ( VALUES ( DimCustomer[TPID] ) , [$ ACR] > 0 )
) | REFERENCES: $ ACR -> M_ACR + VAR CY = SUM(ACR_CY[AzureConsumedRevenue])
VAR PY = SUM(ACR_PY[AzureConsumedRevenue])
VAR A = CY + PY
VAR S = IF(ISFILTERED(DimCustomer[TPAccountName]),BLANK(),SUM(ACR_Summarized[AzureConsumedRevenue]))
VAR SelectedView = SELECTEDVALUE(DimViewType[ViewType])
RETURN
SWITCH(SelectedView,""Non-Curated"",S,A)",0.2,No qualified references - simpler measure,0.2,,0.4,,0.4,,1.0,0.8,0.5,critical,1,RED,#FF0000
M_ACR,% T3M CAGR,"
// CMGR calculation over the selected value of periods in average. 
VAR SelectedMonth = [DATE - Latest Selected Azure Closed Month]
VAR LatestAzureClosedMonth = [DATE - Last Closed Azure Month]
VAR PeriodsInAverage = 3
VAR FirstMonthDate = EDATE ( SelectedMonth , -1 * PeriodsInAverage )
VAR CurrentMonthACR = MAX ( [$ ACR Selected Month] , 0 )
VAR FirstMonthACR = MAX (
	CALCULATE (
                'M_ACR'[$ ACR], ALL(DimDate),
                'DimDate'[MonthStartDate] = FirstMonthDate
            ) , 0 )
VAR FirstMonthACR_GREATER_THAN_ZERO = FirstMonthACR > 0
VAR SelectedMonth_NOT_AFTER_LastAzureClosedMonth = LatestAzureClosedMonth >= SelectedMonth
VAR CMGR = 
	DIVIDE ( CurrentMonthACR , FirstMonthACR ) ^ ( 1 / PeriodsInAverage ) - 1
RETURN
IF ( FirstMonthACR_GREATER_THAN_ZERO && SelectedMonth_NOT_AFTER_LastAzureClosedMonth , CMGR , BLANK ( ) )",,No,,Yes,$ acr,Yes,"$ acr, $ acr selected month, date - last closed azure month, date - latest selected azure closed month",Yes,"Please use unqualified measures references i.e., [Measure Name] instead of Fully Qualified reference i.e., Table[MeasureName] or 'Table'[MeasureName]. Referenced measures: $ acr","% T3M CAGR -> M_ACR + 
// CMGR calculation over the selected value of periods in average. 
VAR SelectedMonth = [DATE - Latest Selected Azure Closed Month]
VAR LatestAzureClosedMonth = [DATE - Last Closed Azure Month]
VAR PeriodsInAverage = 3
VAR FirstMonthDate = EDATE ( SelectedMonth , -1 * PeriodsInAverage )
VAR CurrentMonthACR = MAX ( [$ ACR Selected Month] , 0 )
VAR FirstMonthACR = MAX (
	CALCULATE (
                'M_ACR'[$ ACR], ALL(DimDate),
                'DimDate'[MonthStartDate] = FirstMonthDate
            ) , 0 )
VAR FirstMonthACR_GREATER_THAN_ZERO = FirstMonthACR > 0
VAR SelectedMonth_NOT_AFTER_LastAzureClosedMonth = LatestAzureClosedMonth >= SelectedMonth
VAR CMGR = 
	DIVIDE ( CurrentMonthACR , FirstMonthACR ) ^ ( 1 / PeriodsInAverage ) - 1
RETURN
IF ( FirstMonthACR_GREATER_THAN_ZERO && SelectedMonth_NOT_AFTER_LastAzureClosedMonth , CMGR , BLANK ( ) ) | REFERENCES: $ ACR -> M_ACR + VAR CY = SUM(ACR_CY[AzureConsumedRevenue])
VAR PY = SUM(ACR_PY[AzureConsumedRevenue])
VAR A = CY + PY
VAR S = IF(ISFILTERED(DimCustomer[TPAccountName]),BLANK(),SUM(ACR_Summarized[AzureConsumedRevenue]))
VAR SelectedView = SELECTEDVALUE(DimViewType[ViewType])
RETURN
SWITCH(SelectedView,""Non-Curated"",S,A), $ ACR Selected Month -> M_ACR + 
// Returns ACR for the latest selected month. Doesn't roll up to quarters - for use in other measures
VAR SelectedMonth = [DATE - Latest Selected Azure Closed Month]
RETURN
CALCULATE(
    [$ ACR],
    'DimDate'[MonthStartDate] = SelectedMonth
), DATE - Last Closed Azure Month -> M_Date + 
// Returns start date of last closed Azure month
VAR LastClosedAzureMonth = CALCULATE(SELECTEDVALUE('DimDate'[MonthStartDate]), ALL('DimDate'), 'DimDate'[IsLastAzureClosedMonth] = 1)
RETURN
LastClosedAzureMonth, DATE - Latest Selected Azure Closed Month -> M_Date + 
// Returns the date of the latest Azure closed month in the selection
VAR LastClosedAzureMonth = [DATE - Last Closed Azure Month]
VAR LatestSelectedMonth = [DATE - Latest Selected Month]
VAR LastClosedAzureMonth_IS_LESS_THAN_LatestSelectedMonth = LastClosedAzureMonth < LatestSelectedMonth
RETURN
IF(LastClosedAzureMonth_IS_LESS_THAN_LatestSelectedMonth, LastClosedAzureMonth, LatestSelectedMonth)",0.0,Has qualified references - complex measure,0.0,The abbreviation 'T3M' and 'CAGR' are not self-explanatory and require additional context to understand.,0.0,The name does not clearly reflect the calculation of compound monthly growth rate over the last three months.,0.0,The abbreviations 'T3M' and 'CAGR' are not self-explanatory.,0.0,0.0,0.0,critical,1,RED,#FF0000
M_ACR,$ ACR Selected Month,"
// Returns ACR for the latest selected month. Doesn't roll up to quarters - for use in other measures
VAR SelectedMonth = [DATE - Latest Selected Azure Closed Month]
RETURN
CALCULATE(
    [$ ACR],
    'DimDate'[MonthStartDate] = SelectedMonth
)",,No,,No,,Yes,"$ acr, date - latest selected azure closed month",Yes,,"$ ACR Selected Month -> M_ACR + 
// Returns ACR for the latest selected month. Doesn't roll up to quarters - for use in other measures
VAR SelectedMonth = [DATE - Latest Selected Azure Closed Month]
RETURN
CALCULATE(
    [$ ACR],
    'DimDate'[MonthStartDate] = SelectedMonth
) | REFERENCES: $ ACR -> M_ACR + VAR CY = SUM(ACR_CY[AzureConsumedRevenue])
VAR PY = SUM(ACR_PY[AzureConsumedRevenue])
VAR A = CY + PY
VAR S = IF(ISFILTERED(DimCustomer[TPAccountName]),BLANK(),SUM(ACR_Summarized[AzureConsumedRevenue]))
VAR SelectedView = SELECTEDVALUE(DimViewType[ViewType])
RETURN
SWITCH(SelectedView,""Non-Curated"",S,A), DATE - Latest Selected Azure Closed Month -> M_Date + 
// Returns the date of the latest Azure closed month in the selection
VAR LastClosedAzureMonth = [DATE - Last Closed Azure Month]
VAR LatestSelectedMonth = [DATE - Latest Selected Month]
VAR LastClosedAzureMonth_IS_LESS_THAN_LatestSelectedMonth = LastClosedAzureMonth < LatestSelectedMonth
RETURN
IF(LastClosedAzureMonth_IS_LESS_THAN_LatestSelectedMonth, LastClosedAzureMonth, LatestSelectedMonth)",0.2,No qualified references - simpler measure,0.2,,0.4,,0.0,The abbreviation 'ACR' is not self-explanatory and could confuse users unfamiliar with the term.,0.6,0.4,0.30000000000000004,critical,1,RED,#FF0000
M_ACR,$ Avg Daily ACR MoM Change,[$ Avg Daily ACR Latest Selected Month] - [$ Avg Daily ACR Previous Selected Month],,No,,No,,Yes,"$ avg daily acr latest selected month, $ avg daily acr previous selected month",Yes,,"$ Avg Daily ACR MoM Change -> M_ACR + [$ Avg Daily ACR Latest Selected Month] - [$ Avg Daily ACR Previous Selected Month] | REFERENCES: $ Avg Daily ACR Latest Selected Month -> M_ACR + 
// Returns ACR for the latest selected month. Doesn't roll up to quarters - for use in other measures
VAR SelectedMonth = [DATE - Latest Selected Month]
RETURN
CALCULATE(
    [$ Average Daily ACR],
    DimDate[CreateDate]=SelectedMonth
), $ Avg Daily ACR Previous Selected Month -> M_ACR + 
// Returns ACR for the latest selected month. Doesn't roll up to quarters - for use in other measures
VAR SelectedMonth = [DATE - 1 Month Prior to Latest Selected Month]
RETURN
CALCULATE(
    [$ Average Daily ACR],ALL(DimDate),
    DimDate[CreateDate]=SelectedMonth
)",0.2,No qualified references - simpler measure,0.2,,0.4,,0.0,The abbreviation 'ACR' and 'MoM' are not self-explanatory and could confuse users unfamiliar with these terms.,0.6,0.4,0.30000000000000004,critical,1,RED,#FF0000
M_ACR,$ ACR Latest Selected Month,"
// Returns ACR for the latest selected month. Doesn't roll up to quarters - for use in other measures
VAR SelectedMonth = [DATE - Latest Selected Month]
RETURN
CALCULATE(
    [$ ACR],
    DimDate[CreateDate]=SelectedMonth
)",,No,,No,,Yes,"$ acr, date - latest selected month",Yes,,"$ ACR Latest Selected Month -> M_ACR + 
// Returns ACR for the latest selected month. Doesn't roll up to quarters - for use in other measures
VAR SelectedMonth = [DATE - Latest Selected Month]
RETURN
CALCULATE(
    [$ ACR],
    DimDate[CreateDate]=SelectedMonth
) | REFERENCES: $ ACR -> M_ACR + VAR CY = SUM(ACR_CY[AzureConsumedRevenue])
VAR PY = SUM(ACR_PY[AzureConsumedRevenue])
VAR A = CY + PY
VAR S = IF(ISFILTERED(DimCustomer[TPAccountName]),BLANK(),SUM(ACR_Summarized[AzureConsumedRevenue]))
VAR SelectedView = SELECTEDVALUE(DimViewType[ViewType])
RETURN
SWITCH(SelectedView,""Non-Curated"",S,A), DATE - Latest Selected Month -> M_Date + 
// Returns the value of the latest selected month
VAR LatestSelectedMonth = CALCULATE ( MAX('DimDate'[MonthStartDate]) )
RETURN
LatestSelectedMonth",0.2,No qualified references - simpler measure,0.2,,0.4,,0.0,The abbreviation 'ACR' is not self-explanatory and could confuse users unfamiliar with the term.,0.6,0.4,0.30000000000000004,critical,1,RED,#FF0000
M_ACR,$ ACR Previous Selected Month,"
// Returns ACR for the latest selected month. Doesn't roll up to quarters - for use in other measures
VAR SelectedMonth = [DATE - 1 Month Prior to Latest Selected Month]
RETURN
CALCULATE(
    [$ ACR],ALL(DimDate),
    DimDate[CreateDate]=SelectedMonth
)",,No,,No,,Yes,"$ acr, date - 1 month prior to latest selected month",Yes,,"$ ACR Previous Selected Month -> M_ACR + 
// Returns ACR for the latest selected month. Doesn't roll up to quarters - for use in other measures
VAR SelectedMonth = [DATE - 1 Month Prior to Latest Selected Month]
RETURN
CALCULATE(
    [$ ACR],ALL(DimDate),
    DimDate[CreateDate]=SelectedMonth
) | REFERENCES: $ ACR -> M_ACR + VAR CY = SUM(ACR_CY[AzureConsumedRevenue])
VAR PY = SUM(ACR_PY[AzureConsumedRevenue])
VAR A = CY + PY
VAR S = IF(ISFILTERED(DimCustomer[TPAccountName]),BLANK(),SUM(ACR_Summarized[AzureConsumedRevenue]))
VAR SelectedView = SELECTEDVALUE(DimViewType[ViewType])
RETURN
SWITCH(SelectedView,""Non-Curated"",S,A), DATE - 1 Month Prior to Latest Selected Month -> M_Date + 
// Returns the start date of the month before the latest selected azure closed month
VAR LatestSelectedAzureClosedMonth = [DATE - Latest Selected Month]
VAR OneMonthPrior = EDATE ( LatestSelectedAzureClosedMonth, -1)
RETURN
OneMonthPrior",0.2,No qualified references - simpler measure,0.2,,0.4,,0.0,The abbreviation 'ACR' is not self-explanatory and could confuse users unfamiliar with the term.,0.6,0.4,0.30000000000000004,critical,1,RED,#FF0000
M_ACR,$ ACR MoM Change,[$ ACR Latest Selected Month] - [$ ACR Previous Selected Month],,No,,No,,Yes,"$ acr latest selected month, $ acr previous selected month",No,,"$ ACR MoM Change -> M_ACR + [$ ACR Latest Selected Month] - [$ ACR Previous Selected Month] | REFERENCES: $ ACR Latest Selected Month -> M_ACR + 
// Returns ACR for the latest selected month. Doesn't roll up to quarters - for use in other measures
VAR SelectedMonth = [DATE - Latest Selected Month]
RETURN
CALCULATE(
    [$ ACR],
    DimDate[CreateDate]=SelectedMonth
), $ ACR Previous Selected Month -> M_ACR + 
// Returns ACR for the latest selected month. Doesn't roll up to quarters - for use in other measures
VAR SelectedMonth = [DATE - 1 Month Prior to Latest Selected Month]
RETURN
CALCULATE(
    [$ ACR],ALL(DimDate),
    DimDate[CreateDate]=SelectedMonth
)",0.2,No qualified references - simpler measure,0.2,,0.4,,0.0,The abbreviation 'ACR' and 'MoM' are not self-explanatory and could confuse users unfamiliar with these terms.,0.6,0.4,0.30000000000000004,critical,1,RED,#FF0000
M_ACR,% T3M CAGR Last Closed Month,"CALCULATE([% T3M CAGR], DimDate[IsLastAzureClosedMonth]=1)",,No,,No,,Yes,% t3m cagr,No,,"% T3M CAGR Last Closed Month -> M_ACR + CALCULATE([% T3M CAGR], DimDate[IsLastAzureClosedMonth]=1) | REFERENCES: % T3M CAGR -> M_ACR + 
// CMGR calculation over the selected value of periods in average. 
VAR SelectedMonth = [DATE - Latest Selected Azure Closed Month]
VAR LatestAzureClosedMonth = [DATE - Last Closed Azure Month]
VAR PeriodsInAverage = 3
VAR FirstMonthDate = EDATE ( SelectedMonth , -1 * PeriodsInAverage )
VAR CurrentMonthACR = MAX ( [$ ACR Selected Month] , 0 )
VAR FirstMonthACR = MAX (
	CALCULATE (
                'M_ACR'[$ ACR], ALL(DimDate),
                'DimDate'[MonthStartDate] = FirstMonthDate
            ) , 0 )
VAR FirstMonthACR_GREATER_THAN_ZERO = FirstMonthACR > 0
VAR SelectedMonth_NOT_AFTER_LastAzureClosedMonth = LatestAzureClosedMonth >= SelectedMonth
VAR CMGR = 
	DIVIDE ( CurrentMonthACR , FirstMonthACR ) ^ ( 1 / PeriodsInAverage ) - 1
RETURN
IF ( FirstMonthACR_GREATER_THAN_ZERO && SelectedMonth_NOT_AFTER_LastAzureClosedMonth , CMGR , BLANK ( ) )",0.2,No qualified references - simpler measure,0.0,The abbreviation 'T3M' and 'CAGR' are not self-explanatory and require additional context to understand.,0.0,The name does not clearly reflect the calculation of compound monthly growth rate over the last three months.,0.0,The abbreviations 'T3M' and 'CAGR' are not self-explanatory.,0.0,0.0,0.0,critical,1,RED,#FF0000
M_ACR,$ ACR Baseline Avg Daily (Monthly),"
VAR LastClosedAzureMonth = [DATE - Last Closed Azure Month]
VAR SelectedMonth = [DATE - Latest Selected Month]
VAR DaysInMonth = [# Days in Month]
VAR LastMonthACR = CALCULATE (
    [$ Avg Daily ACR (less IP CoSell) Selected Month],
    ALL(DimDate),
    'DimDate'[MonthStartDate] = LastClosedAzureMonth)
RETURN
IF(SelectedMonth > LastClosedAzureMonth,LastMonthACR * DaysInMonth,BLANK())",,No,,No,,Yes,"# days in month, $ avg daily acr (less ip cosell) selected month, date - last closed azure month, date - latest selected month",Yes,,"$ ACR Baseline Avg Daily (Monthly) -> M_ACR + 
VAR LastClosedAzureMonth = [DATE - Last Closed Azure Month]
VAR SelectedMonth = [DATE - Latest Selected Month]
VAR DaysInMonth = [# Days in Month]
VAR LastMonthACR = CALCULATE (
    [$ Avg Daily ACR (less IP CoSell) Selected Month],
    ALL(DimDate),
    'DimDate'[MonthStartDate] = LastClosedAzureMonth)
RETURN
IF(SelectedMonth > LastClosedAzureMonth,LastMonthACR * DaysInMonth,BLANK()) | REFERENCES: # Days in Month -> M_Date + [Start End Date Diff] + 1, $ Avg Daily ACR (less IP CoSell) Selected Month -> M_ACR + 
// Returns ACR for the latest selected month. Doesn't roll up to quarters - for use in other measures
VAR SelectedMonth = [DATE - Latest Selected Azure Closed Month]
RETURN
CALCULATE(
   [$ Avg Daily ACR (less IP Co-Sell)],
    'DimDate'[MonthStartDate] = SelectedMonth
), DATE - Last Closed Azure Month -> M_Date + 
// Returns start date of last closed Azure month
VAR LastClosedAzureMonth = CALCULATE(SELECTEDVALUE('DimDate'[MonthStartDate]), ALL('DimDate'), 'DimDate'[IsLastAzureClosedMonth] = 1)
RETURN
LastClosedAzureMonth, DATE - Latest Selected Month -> M_Date + 
// Returns the value of the latest selected month
VAR LatestSelectedMonth = CALCULATE ( MAX('DimDate'[MonthStartDate]) )
RETURN
LatestSelectedMonth",0.2,No qualified references - simpler measure,0.0,The measure name is not self-explanatory even with the context. It is unclear what 'Baseline Avg Daily' refers to without deeper understanding of the business logic.,0.4,,0.0,The abbreviation 'ACR' is not self-explanatory and could confuse users unfamiliar with the term.,0.4,0.4,0.2,critical,1,RED,#FF0000
M_ACR,$ Avg Daily ACR (less IP CoSell) Selected Month,"
// Returns ACR for the latest selected month. Doesn't roll up to quarters - for use in other measures
VAR SelectedMonth = [DATE - Latest Selected Azure Closed Month]
RETURN
CALCULATE(
   [$ Avg Daily ACR (less IP Co-Sell)],
    'DimDate'[MonthStartDate] = SelectedMonth
)",,No,,No,,Yes,"$ avg daily acr (less ip co-sell), date - latest selected azure closed month",Yes,,"$ Avg Daily ACR (less IP CoSell) Selected Month -> M_ACR + 
// Returns ACR for the latest selected month. Doesn't roll up to quarters - for use in other measures
VAR SelectedMonth = [DATE - Latest Selected Azure Closed Month]
RETURN
CALCULATE(
   [$ Avg Daily ACR (less IP Co-Sell)],
    'DimDate'[MonthStartDate] = SelectedMonth
) | REFERENCES: $ Avg Daily ACR (less IP Co-Sell) -> M_ACR + VAR ACR = CALCULATE([$ ACR],DimDate[IsAzureClosed]=""Y"",FILTER('Distinct AdjustmentFlag','Distinct AdjustmentFlag'[AdjustmentFlag]<>""Deal Registration""))
VAR LessIP = CALCULATE(ACR,FILTER('Distinct AdjustmentFlag','Distinct AdjustmentFlag'[AdjustmentFlag]<>""Deal Registration""))
VAR Days = [# Days in Month]
RETURN
DIVIDE(ACR , Days), DATE - Latest Selected Azure Closed Month -> M_Date + 
// Returns the date of the latest Azure closed month in the selection
VAR LastClosedAzureMonth = [DATE - Last Closed Azure Month]
VAR LatestSelectedMonth = [DATE - Latest Selected Month]
VAR LastClosedAzureMonth_IS_LESS_THAN_LatestSelectedMonth = LastClosedAzureMonth < LatestSelectedMonth
RETURN
IF(LastClosedAzureMonth_IS_LESS_THAN_LatestSelectedMonth, LastClosedAzureMonth, LatestSelectedMonth)",0.2,No qualified references - simpler measure,0.0,The measure name is not self-explanatory even with the context. The term 'less IP CoSell' is not clear without additional explanation.,0.4,,0.0,The abbreviation 'ACR' is not self-explanatory and could confuse users unfamiliar with the term.,0.4,0.4,0.2,critical,1,RED,#FF0000
M_ACR,$ Avg Daily ACR (less IP Co-Sell),"VAR ACR = CALCULATE([$ ACR],DimDate[IsAzureClosed]=""Y"",FILTER('Distinct AdjustmentFlag','Distinct AdjustmentFlag'[AdjustmentFlag]<>""Deal Registration""))
VAR LessIP = CALCULATE(ACR,FILTER('Distinct AdjustmentFlag','Distinct AdjustmentFlag'[AdjustmentFlag]<>""Deal Registration""))
VAR Days = [# Days in Month]
RETURN
DIVIDE(ACR , Days)",,No,,No,,Yes,"# days in month, $ acr",Yes,,"$ Avg Daily ACR (less IP Co-Sell) -> M_ACR + VAR ACR = CALCULATE([$ ACR],DimDate[IsAzureClosed]=""Y"",FILTER('Distinct AdjustmentFlag','Distinct AdjustmentFlag'[AdjustmentFlag]<>""Deal Registration""))
VAR LessIP = CALCULATE(ACR,FILTER('Distinct AdjustmentFlag','Distinct AdjustmentFlag'[AdjustmentFlag]<>""Deal Registration""))
VAR Days = [# Days in Month]
RETURN
DIVIDE(ACR , Days) | REFERENCES: # Days in Month -> M_Date + [Start End Date Diff] + 1, $ ACR -> M_ACR + VAR CY = SUM(ACR_CY[AzureConsumedRevenue])
VAR PY = SUM(ACR_PY[AzureConsumedRevenue])
VAR A = CY + PY
VAR S = IF(ISFILTERED(DimCustomer[TPAccountName]),BLANK(),SUM(ACR_Summarized[AzureConsumedRevenue]))
VAR SelectedView = SELECTEDVALUE(DimViewType[ViewType])
RETURN
SWITCH(SelectedView,""Non-Curated"",S,A)",0.2,No qualified references - simpler measure,0.0,The measure name is not self-explanatory even with the context. The term 'less IP Co-Sell' is not clear without additional explanation.,0.4,,0.0,The abbreviation 'ACR' is not self-explanatory and could confuse users unfamiliar with the term.,0.4,0.4,0.2,critical,1,RED,#FF0000
M_ACR,$ ACR Baseline,"
// ACR Baseline value - totals correctly if no fiscal month is selected
 SUMX ( VALUES ( 'DimDate'[FiscalMonth] ) , [$ ACR Baseline Avg Daily (Monthly)] )",,No,,No,,Yes,$ acr baseline avg daily (monthly),No,,"$ ACR Baseline -> M_ACR + 
// ACR Baseline value - totals correctly if no fiscal month is selected
 SUMX ( VALUES ( 'DimDate'[FiscalMonth] ) , [$ ACR Baseline Avg Daily (Monthly)] ) | REFERENCES: $ ACR Baseline Avg Daily (Monthly) -> M_ACR + 
VAR LastClosedAzureMonth = [DATE - Last Closed Azure Month]
VAR SelectedMonth = [DATE - Latest Selected Month]
VAR DaysInMonth = [# Days in Month]
VAR LastMonthACR = CALCULATE (
    [$ Avg Daily ACR (less IP CoSell) Selected Month],
    ALL(DimDate),
    'DimDate'[MonthStartDate] = LastClosedAzureMonth)
RETURN
IF(SelectedMonth > LastClosedAzureMonth,LastMonthACR * DaysInMonth,BLANK())",0.2,No qualified references - simpler measure,0.0,The measure name is not self-explanatory even with the context. It is unclear what 'Baseline' refers to without additional explanation.,0.4,,0.0,The abbreviation 'ACR' is not self-explanatory and could confuse users unfamiliar with the term.,0.4,0.4,0.2,critical,1,RED,#FF0000
M_ACR,# Subscriptions,CALCULATE(COUNT('Distinct SubscriptionGUID'[SubscriptionGUID])),,No,,No,,No,,Yes,,# Subscriptions -> M_ACR + CALCULATE(COUNT('Distinct SubscriptionGUID'[SubscriptionGUID])),0.2,No qualified references - simpler measure,0.2,,0.4,,0.4,,1.0,0.8,0.5,critical,1,RED,#FF0000
M_ACR,# New Subscriptions Created CM + T3M,"CALCULATE([# Subscriptions],DimDate_Subscriptions[Month_Rel] in {""CM""
,""CM-1"",""CM-2"",""CM-3""
}
--,CROSSFILTER('Distinct SubscriptionGUID'[SubscriptionGUID],ACR_PY[SubscriptionGUID],Both)
)",,No,,No,,Yes,# subscriptions,No,,"# New Subscriptions Created CM + T3M -> M_ACR + CALCULATE([# Subscriptions],DimDate_Subscriptions[Month_Rel] in {""CM""
,""CM-1"",""CM-2"",""CM-3""
}
--,CROSSFILTER('Distinct SubscriptionGUID'[SubscriptionGUID],ACR_PY[SubscriptionGUID],Both)
) | REFERENCES: # Subscriptions -> M_ACR + CALCULATE(COUNT('Distinct SubscriptionGUID'[SubscriptionGUID]))",0.2,No qualified references - simpler measure,0.0,The measure name is not self-explanatory even with the context. The abbreviation 'CM + T3M' is not clear without additional explanation.,0.4,,0.0,The abbreviation 'CM + T3M' is not self-explanatory and could confuse users unfamiliar with the term.,0.4,0.4,0.2,critical,1,RED,#FF0000
M_ACR,$ PreCredit ACR,"VAR CY = SUM(ACR_CY[PreCreditAzureConsumedRevenue])
VAR PY = SUM(ACR_PY[PreCreditAzureConsumedRevenue])
VAR A = CY + PY
VAR S = IF(ISFILTERED(DimCustomer[TPAccountName]),BLANK(),SUM(ACR_Summarized[PreCreditACR]))
VAR SelectedView = SELECTEDVALUE(DimViewType[ViewType])
RETURN
SWITCH(SelectedView,""Non-Curated"",S,A)",,No,,No,,No,,Yes,,"$ PreCredit ACR -> M_ACR + VAR CY = SUM(ACR_CY[PreCreditAzureConsumedRevenue])
VAR PY = SUM(ACR_PY[PreCreditAzureConsumedRevenue])
VAR A = CY + PY
VAR S = IF(ISFILTERED(DimCustomer[TPAccountName]),BLANK(),SUM(ACR_Summarized[PreCreditACR]))
VAR SelectedView = SELECTEDVALUE(DimViewType[ViewType])
RETURN
SWITCH(SelectedView,""Non-Curated"",S,A)",0.2,No qualified references - simpler measure,0.0,The measure name is not self-explanatory even with the context. The term 'PreCredit' is not clear without additional explanation.,0.4,,0.0,The abbreviation 'ACR' is not self-explanatory and could confuse users unfamiliar with the term.,0.4,0.4,0.2,critical,1,RED,#FF0000
M_ACR,% Service Level of PreCredit Total,"VAR ONE = DIVIDE([$ PreCredit ACR] , CALCULATE([$ PreCredit ACR],ALL('Distinct ServiceLevel2'[ServiceLevel1])))
VAR TWO = DIVIDE([$ PreCredit ACR] , CALCULATE([$ PreCredit ACR],ALL('Distinct ServiceLevel2'[ServiceLevel2])))
RETURN
IF(ISFILTERED('Distinct ServiceLevel2'[ServiceLevel2]),TWO,ONE)",,No,,No,,Yes,$ precredit acr,No,,"% Service Level of PreCredit Total -> M_ACR + VAR ONE = DIVIDE([$ PreCredit ACR] , CALCULATE([$ PreCredit ACR],ALL('Distinct ServiceLevel2'[ServiceLevel1])))
VAR TWO = DIVIDE([$ PreCredit ACR] , CALCULATE([$ PreCredit ACR],ALL('Distinct ServiceLevel2'[ServiceLevel2])))
RETURN
IF(ISFILTERED('Distinct ServiceLevel2'[ServiceLevel2]),TWO,ONE) | REFERENCES: $ PreCredit ACR -> M_ACR + VAR CY = SUM(ACR_CY[PreCreditAzureConsumedRevenue])
VAR PY = SUM(ACR_PY[PreCreditAzureConsumedRevenue])
VAR A = CY + PY
VAR S = IF(ISFILTERED(DimCustomer[TPAccountName]),BLANK(),SUM(ACR_Summarized[PreCreditACR]))
VAR SelectedView = SELECTEDVALUE(DimViewType[ViewType])
RETURN
SWITCH(SelectedView,""Non-Curated"",S,A)",0.2,No qualified references - simpler measure,0.0,The measure name is not self-explanatory even with the context. The term 'Service Level' and 'PreCredit Total' are not clear without additional explanation.,0.4,,0.4,,0.8,0.8,0.4,critical,1,RED,#FF0000
M_ACR,% Service Level of ACR Total,"VAR ONE = DIVIDE([$ ACR] , CALCULATE([$ ACR],ALL('Distinct ServiceLevel2'[ServiceLevel1])))
VAR TWO = DIVIDE([$ ACR] , CALCULATE([$ ACR],ALL('Distinct ServiceLevel2'[ServiceLevel2])))
RETURN
IF(ISFILTERED('Distinct ServiceLevel2'[ServiceLevel2]),TWO,ONE)",,No,,No,,Yes,$ acr,No,,"% Service Level of ACR Total -> M_ACR + VAR ONE = DIVIDE([$ ACR] , CALCULATE([$ ACR],ALL('Distinct ServiceLevel2'[ServiceLevel1])))
VAR TWO = DIVIDE([$ ACR] , CALCULATE([$ ACR],ALL('Distinct ServiceLevel2'[ServiceLevel2])))
RETURN
IF(ISFILTERED('Distinct ServiceLevel2'[ServiceLevel2]),TWO,ONE) | REFERENCES: $ ACR -> M_ACR + VAR CY = SUM(ACR_CY[AzureConsumedRevenue])
VAR PY = SUM(ACR_PY[AzureConsumedRevenue])
VAR A = CY + PY
VAR S = IF(ISFILTERED(DimCustomer[TPAccountName]),BLANK(),SUM(ACR_Summarized[AzureConsumedRevenue]))
VAR SelectedView = SELECTEDVALUE(DimViewType[ViewType])
RETURN
SWITCH(SelectedView,""Non-Curated"",S,A)",0.2,No qualified references - simpler measure,0.0,The measure name is not self-explanatory even with the context. The term 'Service Level' and 'ACR Total' are not clear without additional explanation.,0.4,,0.0,The abbreviation 'ACR' is not self-explanatory and could confuse users unfamiliar with the term.,0.4,0.4,0.2,critical,1,RED,#FF0000
M_ACR,% Azure Firewall ACR of Total Organic ACR,"DIVIDE([$ Azure Firewall ACR] , [$ Organic ACR])",,No,,No,,Yes,"$ azure firewall acr, $ organic acr",No,,"% Azure Firewall ACR of Total Organic ACR -> M_ACR + DIVIDE([$ Azure Firewall ACR] , [$ Organic ACR]) | REFERENCES: $ Azure Firewall ACR -> M_Defender + CALCULATE([$ ACR],'Distinct ServiceLevel4'[ServiceLevel2] in {""Azure Firewall""}), $ Organic ACR -> M_ACR + CALCULATE(M_ACR[$ ACR],'Distinct AdjustmentFlag'[AdjustmentFlag]=""N/A"")",0.2,No qualified references - simpler measure,0.0,The measure name is not self-explanatory even with the context. The term 'Total Organic ACR' is not clear without additional explanation.,0.4,,0.0,The abbreviation 'ACR' is not self-explanatory and could confuse users unfamiliar with the term.,0.4,0.4,0.2,critical,1,RED,#FF0000
M_ACR,% Azure Front Door ACR of Total Organic ACR,"DIVIDE([$ Azure Front Door ACR] , [$ Organic ACR])",,No,,No,,Yes,"$ azure front door acr, $ organic acr",No,,"% Azure Front Door ACR of Total Organic ACR -> M_ACR + DIVIDE([$ Azure Front Door ACR] , [$ Organic ACR]) | REFERENCES: $ Azure Front Door ACR -> M_Defender + CALCULATE([$ ACR],'Distinct ServiceLevel4'[ServiceLevel2] in {""Azure Front Door Service""}), $ Organic ACR -> M_ACR + CALCULATE(M_ACR[$ ACR],'Distinct AdjustmentFlag'[AdjustmentFlag]=""N/A"")",0.2,No qualified references - simpler measure,0.0,The measure name is not self-explanatory even with the context. The term 'Total Organic ACR' is not clear without additional explanation.,0.4,,0.0,The abbreviation 'ACR' is not self-explanatory and could confuse users unfamiliar with the term.,0.4,0.4,0.2,critical,1,RED,#FF0000
M_ACR,% Azure DDOS ACR of Total Organic ACR,"DIVIDE([$ Azure DDOS ACR] , [$ Organic ACR])",,No,,No,,Yes,"$ azure ddos acr, $ organic acr",No,,"% Azure DDOS ACR of Total Organic ACR -> M_ACR + DIVIDE([$ Azure DDOS ACR] , [$ Organic ACR]) | REFERENCES: $ Azure DDOS ACR -> M_Defender + CALCULATE([$ ACR],'Distinct ServiceLevel4'[ServiceLevel2] in {""Azure DDOS Protection""}), $ Organic ACR -> M_ACR + CALCULATE(M_ACR[$ ACR],'Distinct AdjustmentFlag'[AdjustmentFlag]=""N/A"")",0.2,No qualified references - simpler measure,0.0,The measure name is not self-explanatory even with the context. The term 'Total Organic ACR' is not clear without additional explanation.,0.4,,0.0,The abbreviation 'ACR' is not self-explanatory and could confuse users unfamiliar with the term.,0.4,0.4,0.2,critical,1,RED,#FF0000
M_ACR,$ Priority Network Security Services ACR,[$ Azure Firewall ACR] + [$ Azure Front Door ACR] + [$ Azure DDOS ACR],,No,,No,,Yes,"$ azure ddos acr, $ azure firewall acr, $ azure front door acr",Yes,,"$ Priority Network Security Services ACR -> M_ACR + [$ Azure Firewall ACR] + [$ Azure Front Door ACR] + [$ Azure DDOS ACR] | REFERENCES: $ Azure DDOS ACR -> M_Defender + CALCULATE([$ ACR],'Distinct ServiceLevel4'[ServiceLevel2] in {""Azure DDOS Protection""}), $ Azure Firewall ACR -> M_Defender + CALCULATE([$ ACR],'Distinct ServiceLevel4'[ServiceLevel2] in {""Azure Firewall""}), $ Azure Front Door ACR -> M_Defender + CALCULATE([$ ACR],'Distinct ServiceLevel4'[ServiceLevel2] in {""Azure Front Door Service""})",0.2,No qualified references - simpler measure,0.0,The measure name is not self-explanatory even with the context. The term 'Priority Network Security Services' is not clear without additional explanation.,0.4,,0.0,The abbreviation 'ACR' is not self-explanatory and could confuse users unfamiliar with the term.,0.4,0.4,0.2,critical,1,RED,#FF0000
M_ACR,% Priority Network Security Services ACR of Total Organic ACR,"DIVIDE([$ Priority Network Security Services ACR] , [$ Organic ACR])",,No,,No,,Yes,"$ organic acr, $ priority network security services acr",No,,"% Priority Network Security Services ACR of Total Organic ACR -> M_ACR + DIVIDE([$ Priority Network Security Services ACR] , [$ Organic ACR]) | REFERENCES: $ Organic ACR -> M_ACR + CALCULATE(M_ACR[$ ACR],'Distinct AdjustmentFlag'[AdjustmentFlag]=""N/A""), $ Priority Network Security Services ACR -> M_ACR + [$ Azure Firewall ACR] + [$ Azure Front Door ACR] + [$ Azure DDOS ACR]",0.2,No qualified references - simpler measure,0.0,The measure name is not self-explanatory even with the context. The term 'Priority Network Security Services' and 'Total Organic ACR' are not clear without additional explanation.,0.4,,0.0,The abbreviation 'ACR' is not self-explanatory and could confuse users unfamiliar with the term.,0.4,0.4,0.2,critical,1,RED,#FF0000
M_ACR,$ ADG,"VAR A = SUM(ADG[AzureConsumedRevenue])
VAR S = IF(ISFILTERED(DimCustomer[TPAccountName]),BLANK(),SUM(ADG_Summarized[ACR]))
VAR SelectedView = SELECTEDVALUE(DimViewType[ViewType])
RETURN
SWITCH(SelectedView,""Non-Curated"",S,A)",,No,,No,,No,,No,,"$ ADG -> M_ACR + VAR A = SUM(ADG[AzureConsumedRevenue])
VAR S = IF(ISFILTERED(DimCustomer[TPAccountName]),BLANK(),SUM(ADG_Summarized[ACR]))
VAR SelectedView = SELECTEDVALUE(DimViewType[ViewType])
RETURN
SWITCH(SelectedView,""Non-Curated"",S,A)",0.2,No qualified references - simpler measure,0.0,The measure name is not self-explanatory even with the context. The abbreviation 'ADG' is not clear without additional explanation.,0.0,The name does not reflect the calculation as the abbreviation 'ADG' is not explained in the context.,0.0,The abbreviation 'ADG' is not self-explanatory and could confuse users unfamiliar with the term.,0.0,0.0,0.0,critical,1,RED,#FF0000
M_ACR,$ Average Daily Organic ACR,"
VAR Days = [# Days in Month]
VAR DaysCurrent = DATEDIFF(CALCULATE(MAX(DimDate[MonthStartDate]),DimDate[IsCurrentAzureMonth]=1),TODAY(),DAY)
VAR ACR = M_ACR[$ Organic ACR]
VAR SelectedMonth = [DATE - Latest Selected Month]
VAR AzureDate = CALCULATE(MAX(DimSourceRefreshDetails[SourceLastRefreshedDate]), DimSourceRefreshDetails[DataCategory]=""OCDM Azure Usage"")
VAR AzureCurrentM = [DATE - Azure Current Month]
VAR Today = TODAY()
VAR AzureLastClosed = M_Date[DATE - Last Closed Azure Month]
VAR SourceDate = CALCULATE(MAX(DimSourceRefreshDetails[SourceLastRefreshedDate]),DimSourceRefreshDetails[DataCategory]=""OCDM Azure Usage"")
VAR DaysSource = DATEDIFF(CALCULATE(MAX(DimDate[MonthStartDate]),DimDate[IsCurrentAzureMonth]=1),SourceDate,DAY)
RETURN
IF(SelectedMonth = AzureCurrentM,DIVIDE(ACR, DaysSource),IF(SelectedMonth > AzureLastClosed,BLANK(),DIVIDE(ACR, Days)))",,No,,Yes,"$ organic acr, date - last closed azure month",Yes,"# days in month, $ organic acr, date - azure current month, date - last closed azure month, date - latest selected month",Yes,"Please use unqualified measures references i.e., [Measure Name] instead of Fully Qualified reference i.e., Table[MeasureName] or 'Table'[MeasureName]. Referenced measures: $ organic acr, date - last closed azure month","$ Average Daily Organic ACR -> M_ACR + 
VAR Days = [# Days in Month]
VAR DaysCurrent = DATEDIFF(CALCULATE(MAX(DimDate[MonthStartDate]),DimDate[IsCurrentAzureMonth]=1),TODAY(),DAY)
VAR ACR = M_ACR[$ Organic ACR]
VAR SelectedMonth = [DATE - Latest Selected Month]
VAR AzureDate = CALCULATE(MAX(DimSourceRefreshDetails[SourceLastRefreshedDate]), DimSourceRefreshDetails[DataCategory]=""OCDM Azure Usage"")
VAR AzureCurrentM = [DATE - Azure Current Month]
VAR Today = TODAY()
VAR AzureLastClosed = M_Date[DATE - Last Closed Azure Month]
VAR SourceDate = CALCULATE(MAX(DimSourceRefreshDetails[SourceLastRefreshedDate]),DimSourceRefreshDetails[DataCategory]=""OCDM Azure Usage"")
VAR DaysSource = DATEDIFF(CALCULATE(MAX(DimDate[MonthStartDate]),DimDate[IsCurrentAzureMonth]=1),SourceDate,DAY)
RETURN
IF(SelectedMonth = AzureCurrentM,DIVIDE(ACR, DaysSource),IF(SelectedMonth > AzureLastClosed,BLANK(),DIVIDE(ACR, Days))) | REFERENCES: # Days in Month -> M_Date + [Start End Date Diff] + 1, $ Organic ACR -> M_ACR + CALCULATE(M_ACR[$ ACR],'Distinct AdjustmentFlag'[AdjustmentFlag]=""N/A""), DATE - Azure Current Month -> M_Date + 
// Returns the value of the latest selected month
VAR LatestSelectedMonth = CALCULATE ( MAX('DimDate'[MonthStartDate]), DimDate[IsCurrentAzureMonth]=1 )
RETURN
LatestSelectedMonth, DATE - Last Closed Azure Month -> M_Date + 
// Returns start date of last closed Azure month
VAR LastClosedAzureMonth = CALCULATE(SELECTEDVALUE('DimDate'[MonthStartDate]), ALL('DimDate'), 'DimDate'[IsLastAzureClosedMonth] = 1)
RETURN
LastClosedAzureMonth, DATE - Latest Selected Month -> M_Date + 
// Returns the value of the latest selected month
VAR LatestSelectedMonth = CALCULATE ( MAX('DimDate'[MonthStartDate]) )
RETURN
LatestSelectedMonth",0.0,Has qualified references - complex measure,0.0,"The measure name does not clearly indicate what 'Organic ACR' refers to or how it is calculated, even with the context provided.",0.4,,0.0,The abbreviation 'ACR' is not explained in the measure name itself.,0.4,0.4,0.2,critical,1,RED,#FF0000
M_ACR,$ Avg Daily Organic ACR Latest Selected Month,"
// Returns ACR for the latest selected month. Doesn't roll up to quarters - for use in other measures
VAR SelectedMonth = [DATE - Latest Selected Month]
RETURN
CALCULATE(
    [$ Average Daily Organic ACR],
    DimDate[CreateDate]=SelectedMonth
)",,No,,No,,Yes,"$ average daily organic acr, date - latest selected month",Yes,,"$ Avg Daily Organic ACR Latest Selected Month -> M_ACR + 
// Returns ACR for the latest selected month. Doesn't roll up to quarters - for use in other measures
VAR SelectedMonth = [DATE - Latest Selected Month]
RETURN
CALCULATE(
    [$ Average Daily Organic ACR],
    DimDate[CreateDate]=SelectedMonth
) | REFERENCES: $ Average Daily Organic ACR -> M_ACR + 
VAR Days = [# Days in Month]
VAR DaysCurrent = DATEDIFF(CALCULATE(MAX(DimDate[MonthStartDate]),DimDate[IsCurrentAzureMonth]=1),TODAY(),DAY)
VAR ACR = M_ACR[$ Organic ACR]
VAR SelectedMonth = [DATE - Latest Selected Month]
VAR AzureDate = CALCULATE(MAX(DimSourceRefreshDetails[SourceLastRefreshedDate]), DimSourceRefreshDetails[DataCategory]=""OCDM Azure Usage"")
VAR AzureCurrentM = [DATE - Azure Current Month]
VAR Today = TODAY()
VAR AzureLastClosed = M_Date[DATE - Last Closed Azure Month]
VAR SourceDate = CALCULATE(MAX(DimSourceRefreshDetails[SourceLastRefreshedDate]),DimSourceRefreshDetails[DataCategory]=""OCDM Azure Usage"")
VAR DaysSource = DATEDIFF(CALCULATE(MAX(DimDate[MonthStartDate]),DimDate[IsCurrentAzureMonth]=1),SourceDate,DAY)
RETURN
IF(SelectedMonth = AzureCurrentM,DIVIDE(ACR, DaysSource),IF(SelectedMonth > AzureLastClosed,BLANK(),DIVIDE(ACR, Days))), DATE - Latest Selected Month -> M_Date + 
// Returns the value of the latest selected month
VAR LatestSelectedMonth = CALCULATE ( MAX('DimDate'[MonthStartDate]) )
RETURN
LatestSelectedMonth",0.2,No qualified references - simpler measure,0.0,"The measure name does not clarify what 'Organic ACR' means or how it is calculated, even with the context.",0.4,,0.0,The abbreviation 'ACR' is not explained in the measure name itself.,0.4,0.4,0.2,critical,1,RED,#FF0000
M_ACR,$ Avg Daily Organic ACR Previous Selected Month,"
// Returns ACR for the latest selected month. Doesn't roll up to quarters - for use in other measures
VAR SelectedMonth = [DATE - 1 Month Prior to Latest Selected Month]
RETURN
CALCULATE(
    [$ Average Daily Organic ACR],ALL(DimDate),
    DimDate[CreateDate]=SelectedMonth
)",,No,,No,,Yes,"$ average daily organic acr, date - 1 month prior to latest selected month",Yes,,"$ Avg Daily Organic ACR Previous Selected Month -> M_ACR + 
// Returns ACR for the latest selected month. Doesn't roll up to quarters - for use in other measures
VAR SelectedMonth = [DATE - 1 Month Prior to Latest Selected Month]
RETURN
CALCULATE(
    [$ Average Daily Organic ACR],ALL(DimDate),
    DimDate[CreateDate]=SelectedMonth
) | REFERENCES: $ Average Daily Organic ACR -> M_ACR + 
VAR Days = [# Days in Month]
VAR DaysCurrent = DATEDIFF(CALCULATE(MAX(DimDate[MonthStartDate]),DimDate[IsCurrentAzureMonth]=1),TODAY(),DAY)
VAR ACR = M_ACR[$ Organic ACR]
VAR SelectedMonth = [DATE - Latest Selected Month]
VAR AzureDate = CALCULATE(MAX(DimSourceRefreshDetails[SourceLastRefreshedDate]), DimSourceRefreshDetails[DataCategory]=""OCDM Azure Usage"")
VAR AzureCurrentM = [DATE - Azure Current Month]
VAR Today = TODAY()
VAR AzureLastClosed = M_Date[DATE - Last Closed Azure Month]
VAR SourceDate = CALCULATE(MAX(DimSourceRefreshDetails[SourceLastRefreshedDate]),DimSourceRefreshDetails[DataCategory]=""OCDM Azure Usage"")
VAR DaysSource = DATEDIFF(CALCULATE(MAX(DimDate[MonthStartDate]),DimDate[IsCurrentAzureMonth]=1),SourceDate,DAY)
RETURN
IF(SelectedMonth = AzureCurrentM,DIVIDE(ACR, DaysSource),IF(SelectedMonth > AzureLastClosed,BLANK(),DIVIDE(ACR, Days))), DATE - 1 Month Prior to Latest Selected Month -> M_Date + 
// Returns the start date of the month before the latest selected azure closed month
VAR LatestSelectedAzureClosedMonth = [DATE - Latest Selected Month]
VAR OneMonthPrior = EDATE ( LatestSelectedAzureClosedMonth, -1)
RETURN
OneMonthPrior",0.2,No qualified references - simpler measure,0.0,"The measure name does not clarify what 'Organic ACR' means or how it is calculated, even with the context.",0.4,,0.0,The abbreviation 'ACR' is not explained in the measure name itself.,0.4,0.4,0.2,critical,1,RED,#FF0000
M_ACR,$ Avg Daily Organic ACR MoM Change,[$ Avg Daily Organic ACR Latest Selected Month] - [$ Avg Daily Organic ACR Previous Selected Month],,No,,No,,Yes,"$ avg daily organic acr latest selected month, $ avg daily organic acr previous selected month",No,,"$ Avg Daily Organic ACR MoM Change -> M_ACR + [$ Avg Daily Organic ACR Latest Selected Month] - [$ Avg Daily Organic ACR Previous Selected Month] | REFERENCES: $ Avg Daily Organic ACR Latest Selected Month -> M_ACR + 
// Returns ACR for the latest selected month. Doesn't roll up to quarters - for use in other measures
VAR SelectedMonth = [DATE - Latest Selected Month]
RETURN
CALCULATE(
    [$ Average Daily Organic ACR],
    DimDate[CreateDate]=SelectedMonth
), $ Avg Daily Organic ACR Previous Selected Month -> M_ACR + 
// Returns ACR for the latest selected month. Doesn't roll up to quarters - for use in other measures
VAR SelectedMonth = [DATE - 1 Month Prior to Latest Selected Month]
RETURN
CALCULATE(
    [$ Average Daily Organic ACR],ALL(DimDate),
    DimDate[CreateDate]=SelectedMonth
)",0.2,No qualified references - simpler measure,0.0,"The measure name does not clarify what 'Organic ACR' means or how it is calculated, even with the context.",0.4,,0.0,The abbreviation 'ACR' is not explained in the measure name itself.,0.4,0.4,0.2,critical,1,RED,#FF0000
M_ACR,% Avg Daily Organic ACR MoM,"VAR SelectedMonth = [DATE - Latest Selected Month]
VAR PrevMonth = [DATE - 1 Month Prior to Latest Selected Month]
VAR ThisMonth = CALCULATE(M_ACR[$ Average Daily Organic ACR],DimDate[MonthStartDate]=SelectedMonth)
VAR LastMonth = CALCULATE(M_ACR[$ Average Daily Organic ACR],ALL(DimDate),DimDate[MonthStartDate]=PrevMonth)
VAR D = ThisMonth - LastMonth
RETURN
if(isblank(ThisMonth),BLANK(),DIVIDE(D , LastMonth))",,No,,Yes,$ average daily organic acr,Yes,"$ average daily organic acr, date - 1 month prior to latest selected month, date - latest selected month",No,"Please use unqualified measures references i.e., [Measure Name] instead of Fully Qualified reference i.e., Table[MeasureName] or 'Table'[MeasureName]. Referenced measures: $ average daily organic acr","% Avg Daily Organic ACR MoM -> M_ACR + VAR SelectedMonth = [DATE - Latest Selected Month]
VAR PrevMonth = [DATE - 1 Month Prior to Latest Selected Month]
VAR ThisMonth = CALCULATE(M_ACR[$ Average Daily Organic ACR],DimDate[MonthStartDate]=SelectedMonth)
VAR LastMonth = CALCULATE(M_ACR[$ Average Daily Organic ACR],ALL(DimDate),DimDate[MonthStartDate]=PrevMonth)
VAR D = ThisMonth - LastMonth
RETURN
if(isblank(ThisMonth),BLANK(),DIVIDE(D , LastMonth)) | REFERENCES: $ Average Daily Organic ACR -> M_ACR + 
VAR Days = [# Days in Month]
VAR DaysCurrent = DATEDIFF(CALCULATE(MAX(DimDate[MonthStartDate]),DimDate[IsCurrentAzureMonth]=1),TODAY(),DAY)
VAR ACR = M_ACR[$ Organic ACR]
VAR SelectedMonth = [DATE - Latest Selected Month]
VAR AzureDate = CALCULATE(MAX(DimSourceRefreshDetails[SourceLastRefreshedDate]), DimSourceRefreshDetails[DataCategory]=""OCDM Azure Usage"")
VAR AzureCurrentM = [DATE - Azure Current Month]
VAR Today = TODAY()
VAR AzureLastClosed = M_Date[DATE - Last Closed Azure Month]
VAR SourceDate = CALCULATE(MAX(DimSourceRefreshDetails[SourceLastRefreshedDate]),DimSourceRefreshDetails[DataCategory]=""OCDM Azure Usage"")
VAR DaysSource = DATEDIFF(CALCULATE(MAX(DimDate[MonthStartDate]),DimDate[IsCurrentAzureMonth]=1),SourceDate,DAY)
RETURN
IF(SelectedMonth = AzureCurrentM,DIVIDE(ACR, DaysSource),IF(SelectedMonth > AzureLastClosed,BLANK(),DIVIDE(ACR, Days))), DATE - 1 Month Prior to Latest Selected Month -> M_Date + 
// Returns the start date of the month before the latest selected azure closed month
VAR LatestSelectedAzureClosedMonth = [DATE - Latest Selected Month]
VAR OneMonthPrior = EDATE ( LatestSelectedAzureClosedMonth, -1)
RETURN
OneMonthPrior, DATE - Latest Selected Month -> M_Date + 
// Returns the value of the latest selected month
VAR LatestSelectedMonth = CALCULATE ( MAX('DimDate'[MonthStartDate]) )
RETURN
LatestSelectedMonth",0.0,Has qualified references - complex measure,0.0,"The measure name does not clarify what 'Organic ACR' means or how it is calculated, even with the context.",0.4,,0.0,The abbreviation 'ACR' is not explained in the measure name itself.,0.4,0.4,0.2,critical,1,RED,#FF0000
M_ACR,$ ACR Last Closed Month,"CALCULATE(M_ACR[$ ACR],ALL(DimDate),DimDate[IsLastAzureClosedMonth]=1)",,No,,Yes,$ acr,Yes,$ acr,Yes,"Please use unqualified measures references i.e., [Measure Name] instead of Fully Qualified reference i.e., Table[MeasureName] or 'Table'[MeasureName]. Referenced measures: $ acr","$ ACR Last Closed Month -> M_ACR + CALCULATE(M_ACR[$ ACR],ALL(DimDate),DimDate[IsLastAzureClosedMonth]=1) | REFERENCES: $ ACR -> M_ACR + VAR CY = SUM(ACR_CY[AzureConsumedRevenue])
VAR PY = SUM(ACR_PY[AzureConsumedRevenue])
VAR A = CY + PY
VAR S = IF(ISFILTERED(DimCustomer[TPAccountName]),BLANK(),SUM(ACR_Summarized[AzureConsumedRevenue]))
VAR SelectedView = SELECTEDVALUE(DimViewType[ViewType])
RETURN
SWITCH(SelectedView,""Non-Curated"",S,A)",0.0,Has qualified references - complex measure,0.0,"The measure name does not clarify what 'ACR' means or how it is calculated, even with the context.",0.4,,0.0,The abbreviation 'ACR' is not explained in the measure name itself.,0.4,0.4,0.2,critical,1,RED,#FF0000
M_ACR,# Paid Units,"VAR CY = SUM(ACR_CY[AzureConsumedRevenuePaidUnits])
VAR PY = SUM(ACR_PY[AzureConsumedRevenuePaidUnits])
RETURN
CY + PY",,No,,No,,No,,No,,"# Paid Units -> M_ACR + VAR CY = SUM(ACR_CY[AzureConsumedRevenuePaidUnits])
VAR PY = SUM(ACR_PY[AzureConsumedRevenuePaidUnits])
RETURN
CY + PY",0.2,No qualified references - simpler measure,0.2,,0.4,,0.4,,1.0,0.8,0.5,critical,1,RED,#FF0000
M_ACR,# Metered Units,"VAR CY = SUM(ACR_CY[AzureConsumedRevenueMeteredUnits])
VAR PY = SUM(ACR_PY[AzureConsumedRevenueMeteredUnits])
RETURN
CY + PY",,No,,No,,No,,No,,"# Metered Units -> M_ACR + VAR CY = SUM(ACR_CY[AzureConsumedRevenueMeteredUnits])
VAR PY = SUM(ACR_PY[AzureConsumedRevenueMeteredUnits])
RETURN
CY + PY",0.2,No qualified references - simpler measure,0.2,,0.4,,0.4,,1.0,0.8,0.5,critical,1,RED,#FF0000
M_ACR,% ACR YTD YoY,"
VAR PriorMonthACR_GREATER_THAN_ZERO = [$ ACR YTD Previous Year] > 0
VAR MoMPercentChange = DIVIDE( [$ ACR YoY YTD Change] , [$ ACR YTD Previous Year] ) 
RETURN
IF ( PriorMonthACR_GREATER_THAN_ZERO , MoMPercentChange , BLANK ( ) )",,No,,No,,Yes,"$ acr yoy ytd change, $ acr ytd previous year",No,,"% ACR YTD YoY -> M_ACR + 
VAR PriorMonthACR_GREATER_THAN_ZERO = [$ ACR YTD Previous Year] > 0
VAR MoMPercentChange = DIVIDE( [$ ACR YoY YTD Change] , [$ ACR YTD Previous Year] ) 
RETURN
IF ( PriorMonthACR_GREATER_THAN_ZERO , MoMPercentChange , BLANK ( ) ) | REFERENCES: $ ACR YoY YTD Change -> M_ACR + [$ ACR YTD] - [$ ACR YTD Previous Year], $ ACR YTD Previous Year -> M_ACR + 
CALCULATE([$ ACR YTD],ALL(DimDate),SAMEPERIODLASTYEAR(DATESYTD(DimDate[CreateDate],""6/30"")))",0.2,No qualified references - simpler measure,0.0,"The measure name does not clarify what 'ACR' means or how it is calculated, even with the context.",0.4,,0.0,The abbreviation 'ACR' is not explained in the measure name itself.,0.4,0.4,0.2,critical,1,RED,#FF0000
M_ACR,$ ACR YTD Previous Year,"
CALCULATE([$ ACR YTD],ALL(DimDate),SAMEPERIODLASTYEAR(DATESYTD(DimDate[CreateDate],""6/30"")))",,No,,No,,Yes,$ acr ytd,Yes,,"$ ACR YTD Previous Year -> M_ACR + 
CALCULATE([$ ACR YTD],ALL(DimDate),SAMEPERIODLASTYEAR(DATESYTD(DimDate[CreateDate],""6/30""))) | REFERENCES: $ ACR YTD -> M_ACR + TOTALYTD([$ ACR],DimDate[CreateDate],""6/30"")",0.2,No qualified references - simpler measure,0.0,"The measure name does not clarify what 'ACR' means or how it is calculated, even with the context.",0.4,,0.0,The abbreviation 'ACR' is not explained in the measure name itself.,0.4,0.4,0.2,critical,1,RED,#FF0000
M_ACR,$ ACR YTD,"TOTALYTD([$ ACR],DimDate[CreateDate],""6/30"")",,No,,No,,Yes,$ acr,Yes,,"$ ACR YTD -> M_ACR + TOTALYTD([$ ACR],DimDate[CreateDate],""6/30"") | REFERENCES: $ ACR -> M_ACR + VAR CY = SUM(ACR_CY[AzureConsumedRevenue])
VAR PY = SUM(ACR_PY[AzureConsumedRevenue])
VAR A = CY + PY
VAR S = IF(ISFILTERED(DimCustomer[TPAccountName]),BLANK(),SUM(ACR_Summarized[AzureConsumedRevenue]))
VAR SelectedView = SELECTEDVALUE(DimViewType[ViewType])
RETURN
SWITCH(SelectedView,""Non-Curated"",S,A)",0.2,No qualified references - simpler measure,0.0,"The measure name does not clarify what 'ACR' means or how it is calculated, even with the context.",0.4,,0.0,The abbreviation 'ACR' is not explained in the measure name itself.,0.4,0.4,0.2,critical,1,RED,#FF0000
M_ACR,$ ACR YoY YTD Change,[$ ACR YTD] - [$ ACR YTD Previous Year],,No,,No,,Yes,"$ acr ytd, $ acr ytd previous year",Yes,,"$ ACR YoY YTD Change -> M_ACR + [$ ACR YTD] - [$ ACR YTD Previous Year] | REFERENCES: $ ACR YTD -> M_ACR + TOTALYTD([$ ACR],DimDate[CreateDate],""6/30""), $ ACR YTD Previous Year -> M_ACR + 
CALCULATE([$ ACR YTD],ALL(DimDate),SAMEPERIODLASTYEAR(DATESYTD(DimDate[CreateDate],""6/30"")))",0.2,No qualified references - simpler measure,0.0,"The measure name does not clarify what 'ACR' means or how it is calculated, even with the context.",0.4,,0.0,The abbreviation 'ACR' is not explained in the measure name itself.,0.4,0.4,0.2,critical,1,RED,#FF0000
M_ACR,$ ACR 12 Selected Months Ago,"
// Returns ACR for the latest selected month. Doesn't roll up to quarters - for use in other measures
VAR SelectedMonth = [DATE - 12 Month Prior to Selected Month]
RETURN
CALCULATE(
    [$ ACR], ALL(DimDate),
    DimDate[CreateDate]=SelectedMonth
)",,No,,No,,Yes,"$ acr, date - 12 month prior to selected month",Yes,,"$ ACR 12 Selected Months Ago -> M_ACR + 
// Returns ACR for the latest selected month. Doesn't roll up to quarters - for use in other measures
VAR SelectedMonth = [DATE - 12 Month Prior to Selected Month]
RETURN
CALCULATE(
    [$ ACR], ALL(DimDate),
    DimDate[CreateDate]=SelectedMonth
) | REFERENCES: $ ACR -> M_ACR + VAR CY = SUM(ACR_CY[AzureConsumedRevenue])
VAR PY = SUM(ACR_PY[AzureConsumedRevenue])
VAR A = CY + PY
VAR S = IF(ISFILTERED(DimCustomer[TPAccountName]),BLANK(),SUM(ACR_Summarized[AzureConsumedRevenue]))
VAR SelectedView = SELECTEDVALUE(DimViewType[ViewType])
RETURN
SWITCH(SelectedView,""Non-Curated"",S,A), DATE - 12 Month Prior to Selected Month -> M_Date + 
// Returns the start date of 12 months before the last azure closed month
VAR LastAzureClosedMonth = [DATE - Latest Selected Month]
VAR OneMonthPrior = EDATE ( LastAzureClosedMonth, -12)
RETURN
OneMonthPrior",0.2,No qualified references - simpler measure,0.0,"The measure name does not clarify what 'ACR' means or how it is calculated, even with the context.",0.4,,0.0,The abbreviation 'ACR' is not explained in the measure name itself.,0.4,0.4,0.2,critical,1,RED,#FF0000
M_ACR,$ ACR YoY,[$ ACR Selected Month] - [$ ACR 12 Selected Months Ago],,No,,No,,Yes,"$ acr 12 selected months ago, $ acr selected month",No,,"$ ACR YoY -> M_ACR + [$ ACR Selected Month] - [$ ACR 12 Selected Months Ago] | REFERENCES: $ ACR 12 Selected Months Ago -> M_ACR + 
// Returns ACR for the latest selected month. Doesn't roll up to quarters - for use in other measures
VAR SelectedMonth = [DATE - 12 Month Prior to Selected Month]
RETURN
CALCULATE(
    [$ ACR], ALL(DimDate),
    DimDate[CreateDate]=SelectedMonth
), $ ACR Selected Month -> M_ACR + 
// Returns ACR for the latest selected month. Doesn't roll up to quarters - for use in other measures
VAR SelectedMonth = [DATE - Latest Selected Azure Closed Month]
RETURN
CALCULATE(
    [$ ACR],
    'DimDate'[MonthStartDate] = SelectedMonth
)",0.2,No qualified references - simpler measure,0.0,"The measure name does not clarify what 'ACR' means or how it is calculated, even with the context.",0.4,,0.0,The abbreviation 'ACR' is not explained in the measure name itself.,0.4,0.4,0.2,critical,1,RED,#FF0000
M_ACO,$ ACR Credit: ACO,"CALCULATE(SUM(ACO[ACRAdjustmentbyCreditType]),ACO[ACRCreditType]=""ACO"")",,No,,No,,No,,No,,"$ ACR Credit: ACO -> M_ACO + CALCULATE(SUM(ACO[ACRAdjustmentbyCreditType]),ACO[ACRCreditType]=""ACO"")",0.2,No qualified references - simpler measure,0.0,"The measure name does not clarify what 'ACR' or 'ACO' mean or how they are calculated, even with the context.",0.4,,0.0,The abbreviations 'ACR' and 'ACO' are not explained in the measure name itself.,0.4,0.4,0.2,critical,1,RED,#FF0000
M_ACO,$ ACR Credit: Contractual Corrections,"CALCULATE(SUM(ACO[ACRAdjustmentbyCreditType]),ACO[ACRCreditType]=""Contractual Corrections"")",,No,,No,,No,,No,,"$ ACR Credit: Contractual Corrections -> M_ACO + CALCULATE(SUM(ACO[ACRAdjustmentbyCreditType]),ACO[ACRCreditType]=""Contractual Corrections"")",0.2,No qualified references - simpler measure,0.2,,0.4,,0.0,The abbreviation 'ACR' is not self-explanatory.,0.6,0.4,0.30000000000000004,critical,1,RED,#FF0000
M_ACO,$ ACR Credit: Operational Corrections,"CALCULATE(SUM(ACO[ACRAdjustmentbyCreditType]),ACO[ACRCreditType]=""Operational Corrections"")",,No,,No,,No,,No,,"$ ACR Credit: Operational Corrections -> M_ACO + CALCULATE(SUM(ACO[ACRAdjustmentbyCreditType]),ACO[ACRCreditType]=""Operational Corrections"")",0.2,No qualified references - simpler measure,0.2,,0.4,,0.0,The abbreviation 'ACR' is not self-explanatory.,0.6,0.4,0.30000000000000004,critical,1,RED,#FF0000
M_ACO,$ Total ACR Credits,SUM(ACO[ACRAdjustmentbyCreditType]),,No,,No,,No,,Yes,,$ Total ACR Credits -> M_ACO + SUM(ACO[ACRAdjustmentbyCreditType]),0.2,No qualified references - simpler measure,0.2,,0.4,,0.0,The abbreviation 'ACR' is not self-explanatory.,0.6,0.4,0.30000000000000004,critical,1,RED,#FF0000
M_ACO,$ Credits Granted,"VAR A = SUM(ACO[ACRCreditGranted])
VAR S = IF(ISFILTERED(DimCustomer[TPAccountName]),BLANK(),SUM(ACO_Summarized[ACRCreditGranted]))
VAR SelectedView = SELECTEDVALUE(DimViewType[ViewType])
RETURN
SWITCH(SelectedView,""Non-Curated"",S,A)",,No,,No,,No,,No,,"$ Credits Granted -> M_ACO + VAR A = SUM(ACO[ACRCreditGranted])
VAR S = IF(ISFILTERED(DimCustomer[TPAccountName]),BLANK(),SUM(ACO_Summarized[ACRCreditGranted]))
VAR SelectedView = SELECTEDVALUE(DimViewType[ViewType])
RETURN
SWITCH(SelectedView,""Non-Curated"",S,A)",0.2,No qualified references - simpler measure,0.2,,0.4,,0.4,,1.0,0.8,0.5,critical,1,RED,#FF0000
M_ACO,$ Credits Used,"VAR A = SUM(ACO[ACRAdjustmentByCreditType])
VAR S = IF(ISFILTERED(DimCustomer[TPAccountName]),BLANK(),SUM(ACO_Summarized[ACRAdjustmentByCreditType]))
VAR SelectedView = SELECTEDVALUE(DimViewType[ViewType])
RETURN
SWITCH(SelectedView,""Non-Curated"",S,A)",,No,,No,,No,,No,,"$ Credits Used -> M_ACO + VAR A = SUM(ACO[ACRAdjustmentByCreditType])
VAR S = IF(ISFILTERED(DimCustomer[TPAccountName]),BLANK(),SUM(ACO_Summarized[ACRAdjustmentByCreditType]))
VAR SelectedView = SELECTEDVALUE(DimViewType[ViewType])
RETURN
SWITCH(SelectedView,""Non-Curated"",S,A)",0.2,No qualified references - simpler measure,0.2,,0.4,,0.4,,1.0,0.8,0.5,critical,1,RED,#FF0000
M_ACO,% Service Level of Credits Used Total,"VAR ONE = DIVIDE([$ Total ACR Credits] , CALCULATE([$ Total ACR Credits],ALL('Distinct ServiceLevel2'[ServiceLevel1])))
VAR TWO = DIVIDE([$ Total ACR Credits] , CALCULATE([$ Total ACR Credits],ALL('Distinct ServiceLevel2'[ServiceLevel2])))
RETURN
IF(ISFILTERED('Distinct ServiceLevel2'[ServiceLevel2]),TWO,ONE)",,No,,No,,Yes,$ total acr credits,No,,"% Service Level of Credits Used Total -> M_ACO + VAR ONE = DIVIDE([$ Total ACR Credits] , CALCULATE([$ Total ACR Credits],ALL('Distinct ServiceLevel2'[ServiceLevel1])))
VAR TWO = DIVIDE([$ Total ACR Credits] , CALCULATE([$ Total ACR Credits],ALL('Distinct ServiceLevel2'[ServiceLevel2])))
RETURN
IF(ISFILTERED('Distinct ServiceLevel2'[ServiceLevel2]),TWO,ONE) | REFERENCES: $ Total ACR Credits -> M_ACO + SUM(ACO[ACRAdjustmentbyCreditType])",0.2,No qualified references - simpler measure,0.2,,0.4,,0.4,,1.0,0.8,0.5,critical,1,RED,#FF0000
M_ACD,% ACD,MAX(ACD[ACDPercentage]),,No,,No,,No,,No,,% ACD -> M_ACD + MAX(ACD[ACDPercentage]),0.2,No qualified references - simpler measure,0.0,"The abbreviation 'ACD' is not self-explanatory, and the context does not clarify its meaning.",0.0,The name does not clarify what 'ACD' represents or how it relates to the calculation.,0.0,The abbreviation 'ACD' is not self-explanatory.,0.0,0.0,0.0,critical,1,RED,#FF0000
M_Date,Start End Date Diff,"DATEDIFF(STARTOFMONTH(DimDate[MonthStartDate]),ENDOFMONTH(DimDate[MonthEndDate]),DAY)",,No,,No,,No,,Yes,,"Start End Date Diff -> M_Date + DATEDIFF(STARTOFMONTH(DimDate[MonthStartDate]),ENDOFMONTH(DimDate[MonthEndDate]),DAY)",0.2,No qualified references - simpler measure,0.2,,0.4,,0.4,,1.0,0.8,0.5,critical,1,RED,#FF0000
M_Date,# Days in Month,[Start End Date Diff] + 1,,No,,No,,Yes,start end date diff,Yes,,"# Days in Month -> M_Date + [Start End Date Diff] + 1 | REFERENCES: Start End Date Diff -> M_Date + DATEDIFF(STARTOFMONTH(DimDate[MonthStartDate]),ENDOFMONTH(DimDate[MonthEndDate]),DAY)",0.2,No qualified references - simpler measure,0.2,,0.4,,0.4,,1.0,0.8,0.5,critical,1,RED,#FF0000
M_Date,DATE - Last Closed Azure Month,"
// Returns start date of last closed Azure month
VAR LastClosedAzureMonth = CALCULATE(SELECTEDVALUE('DimDate'[MonthStartDate]), ALL('DimDate'), 'DimDate'[IsLastAzureClosedMonth] = 1)
RETURN
LastClosedAzureMonth",,No,,No,,No,,Yes,,"DATE - Last Closed Azure Month -> M_Date + 
// Returns start date of last closed Azure month
VAR LastClosedAzureMonth = CALCULATE(SELECTEDVALUE('DimDate'[MonthStartDate]), ALL('DimDate'), 'DimDate'[IsLastAzureClosedMonth] = 1)
RETURN
LastClosedAzureMonth",0.2,No qualified references - simpler measure,0.2,,0.4,,0.4,,1.0,0.8,0.5,critical,1,RED,#FF0000
M_Date,DATE - 1 Month Prior to Last Closed Azure Month,"
// Returns the start date of the month before the latest selected azure closed month
VAR LastAzureClosedMonth = [DATE - Last Closed Azure Month]
VAR OneMonthPrior = CALCULATE(EDATE ( LastAzureClosedMonth, -1),ALL(DimDate))
RETURN
OneMonthPrior",,No,,No,,Yes,date - last closed azure month,Yes,,"DATE - 1 Month Prior to Last Closed Azure Month -> M_Date + 
// Returns the start date of the month before the latest selected azure closed month
VAR LastAzureClosedMonth = [DATE - Last Closed Azure Month]
VAR OneMonthPrior = CALCULATE(EDATE ( LastAzureClosedMonth, -1),ALL(DimDate))
RETURN
OneMonthPrior | REFERENCES: DATE - Last Closed Azure Month -> M_Date + 
// Returns start date of last closed Azure month
VAR LastClosedAzureMonth = CALCULATE(SELECTEDVALUE('DimDate'[MonthStartDate]), ALL('DimDate'), 'DimDate'[IsLastAzureClosedMonth] = 1)
RETURN
LastClosedAzureMonth",0.2,No qualified references - simpler measure,0.2,,0.4,,0.4,,1.0,0.8,0.5,critical,1,RED,#FF0000
M_Date,DATE - Latest Selected Month,"
// Returns the value of the latest selected month
VAR LatestSelectedMonth = CALCULATE ( MAX('DimDate'[MonthStartDate]) )
RETURN
LatestSelectedMonth",,No,,No,,No,,Yes,,"DATE - Latest Selected Month -> M_Date + 
// Returns the value of the latest selected month
VAR LatestSelectedMonth = CALCULATE ( MAX('DimDate'[MonthStartDate]) )
RETURN
LatestSelectedMonth",0.2,No qualified references - simpler measure,0.2,,0.4,,0.4,,1.0,0.8,0.5,critical,1,RED,#FF0000
M_Date,DATE - 12 Month Prior to Selected Month,"
// Returns the start date of 12 months before the last azure closed month
VAR LastAzureClosedMonth = [DATE - Latest Selected Month]
VAR OneMonthPrior = EDATE ( LastAzureClosedMonth, -12)
RETURN
OneMonthPrior",,No,,No,,Yes,date - latest selected month,Yes,,"DATE - 12 Month Prior to Selected Month -> M_Date + 
// Returns the start date of 12 months before the last azure closed month
VAR LastAzureClosedMonth = [DATE - Latest Selected Month]
VAR OneMonthPrior = EDATE ( LastAzureClosedMonth, -12)
RETURN
OneMonthPrior | REFERENCES: DATE - Latest Selected Month -> M_Date + 
// Returns the value of the latest selected month
VAR LatestSelectedMonth = CALCULATE ( MAX('DimDate'[MonthStartDate]) )
RETURN
LatestSelectedMonth",0.2,No qualified references - simpler measure,0.2,,0.4,,0.4,,1.0,0.8,0.5,critical,1,RED,#FF0000
M_Date,DATE - 1 Month Prior to Latest Selected Month,"
// Returns the start date of the month before the latest selected azure closed month
VAR LatestSelectedAzureClosedMonth = [DATE - Latest Selected Month]
VAR OneMonthPrior = EDATE ( LatestSelectedAzureClosedMonth, -1)
RETURN
OneMonthPrior",,No,,No,,Yes,date - latest selected month,Yes,,"DATE - 1 Month Prior to Latest Selected Month -> M_Date + 
// Returns the start date of the month before the latest selected azure closed month
VAR LatestSelectedAzureClosedMonth = [DATE - Latest Selected Month]
VAR OneMonthPrior = EDATE ( LatestSelectedAzureClosedMonth, -1)
RETURN
OneMonthPrior | REFERENCES: DATE - Latest Selected Month -> M_Date + 
// Returns the value of the latest selected month
VAR LatestSelectedMonth = CALCULATE ( MAX('DimDate'[MonthStartDate]) )
RETURN
LatestSelectedMonth",0.2,No qualified references - simpler measure,0.2,,0.4,,0.4,,1.0,0.8,0.5,critical,1,RED,#FF0000
M_Date,DATE - Latest Selected Azure Closed Month,"
// Returns the date of the latest Azure closed month in the selection
VAR LastClosedAzureMonth = [DATE - Last Closed Azure Month]
VAR LatestSelectedMonth = [DATE - Latest Selected Month]
VAR LastClosedAzureMonth_IS_LESS_THAN_LatestSelectedMonth = LastClosedAzureMonth < LatestSelectedMonth
RETURN
IF(LastClosedAzureMonth_IS_LESS_THAN_LatestSelectedMonth, LastClosedAzureMonth, LatestSelectedMonth)",,No,,No,,Yes,"date - last closed azure month, date - latest selected month",Yes,,"DATE - Latest Selected Azure Closed Month -> M_Date + 
// Returns the date of the latest Azure closed month in the selection
VAR LastClosedAzureMonth = [DATE - Last Closed Azure Month]
VAR LatestSelectedMonth = [DATE - Latest Selected Month]
VAR LastClosedAzureMonth_IS_LESS_THAN_LatestSelectedMonth = LastClosedAzureMonth < LatestSelectedMonth
RETURN
IF(LastClosedAzureMonth_IS_LESS_THAN_LatestSelectedMonth, LastClosedAzureMonth, LatestSelectedMonth) | REFERENCES: DATE - Last Closed Azure Month -> M_Date + 
// Returns start date of last closed Azure month
VAR LastClosedAzureMonth = CALCULATE(SELECTEDVALUE('DimDate'[MonthStartDate]), ALL('DimDate'), 'DimDate'[IsLastAzureClosedMonth] = 1)
RETURN
LastClosedAzureMonth, DATE - Latest Selected Month -> M_Date + 
// Returns the value of the latest selected month
VAR LatestSelectedMonth = CALCULATE ( MAX('DimDate'[MonthStartDate]) )
RETURN
LatestSelectedMonth",0.2,No qualified references - simpler measure,0.2,,0.4,,0.4,,1.0,0.8,0.5,critical,1,RED,#FF0000
M_Date,DATE - Azure Current Month,"
// Returns the value of the latest selected month
VAR LatestSelectedMonth = CALCULATE ( MAX('DimDate'[MonthStartDate]), DimDate[IsCurrentAzureMonth]=1 )
RETURN
LatestSelectedMonth",,No,,No,,No,,Yes,,"DATE - Azure Current Month -> M_Date + 
// Returns the value of the latest selected month
VAR LatestSelectedMonth = CALCULATE ( MAX('DimDate'[MonthStartDate]), DimDate[IsCurrentAzureMonth]=1 )
RETURN
LatestSelectedMonth",0.2,No qualified references - simpler measure,0.2,,0.4,,0.4,,1.0,0.8,0.5,critical,1,RED,#FF0000
M_Date,DATE - Latest Selected Week (Defender DimDate),"
// Returns the value of the latest selected month
VAR LatestSelectedMonth = CALCULATE ( MAX('DimDate_DefenderSnapshots'[Week_Number]) )
RETURN
LatestSelectedMonth",,No,,No,,No,,Yes,,"DATE - Latest Selected Week (Defender DimDate) -> M_Date + 
// Returns the value of the latest selected month
VAR LatestSelectedMonth = CALCULATE ( MAX('DimDate_DefenderSnapshots'[Week_Number]) )
RETURN
LatestSelectedMonth",0.2,No qualified references - simpler measure,0.2,,0.4,,0.4,,1.0,0.8,0.5,critical,1,RED,#FF0000
M_Date,DATE - Previous Selected Week (Defender DimDate),[DATE - Latest Selected Week (Defender DimDate)] - 1,,No,,No,,Yes,date - latest selected week (defender dimdate),No,,"DATE - Previous Selected Week (Defender DimDate) -> M_Date + [DATE - Latest Selected Week (Defender DimDate)] - 1 | REFERENCES: DATE - Latest Selected Week (Defender DimDate) -> M_Date + 
// Returns the value of the latest selected month
VAR LatestSelectedMonth = CALCULATE ( MAX('DimDate_DefenderSnapshots'[Week_Number]) )
RETURN
LatestSelectedMonth",0.2,No qualified references - simpler measure,0.2,,0.4,,0.4,,1.0,0.8,0.5,critical,1,RED,#FF0000
M_Date,DATE + 1 Month After Last Closed Azure Month,"
// Returns the start date of the month after the last closed azure month
VAR LastAzureClosedMonth = [DATE - Last Closed Azure Month]
VAR OneMonthAfter = EDATE ( LastAzureClosedMonth, 1)
RETURN
OneMonthAfter",,No,,No,,Yes,date - last closed azure month,Yes,,"DATE + 1 Month After Last Closed Azure Month -> M_Date + 
// Returns the start date of the month after the last closed azure month
VAR LastAzureClosedMonth = [DATE - Last Closed Azure Month]
VAR OneMonthAfter = EDATE ( LastAzureClosedMonth, 1)
RETURN
OneMonthAfter | REFERENCES: DATE - Last Closed Azure Month -> M_Date + 
// Returns start date of last closed Azure month
VAR LastClosedAzureMonth = CALCULATE(SELECTEDVALUE('DimDate'[MonthStartDate]), ALL('DimDate'), 'DimDate'[IsLastAzureClosedMonth] = 1)
RETURN
LastClosedAzureMonth",0.2,No qualified references - simpler measure,0.2,,0.4,,0.4,,1.0,0.8,0.5,critical,1,RED,#FF0000
M_SLG_Migration,$ Azure SQL ACR,"CALCULATE(M_ACR[$ ACR],'Distinct StrategicPillar'[StrategicPillar]=""Azure SQL"")",,No,,Yes,$ acr,Yes,$ acr,Yes,"Please use unqualified measures references i.e., [Measure Name] instead of Fully Qualified reference i.e., Table[MeasureName] or 'Table'[MeasureName]. Referenced measures: $ acr","$ Azure SQL ACR -> M_SLG_Migration + CALCULATE(M_ACR[$ ACR],'Distinct StrategicPillar'[StrategicPillar]=""Azure SQL"") | REFERENCES: $ ACR -> M_ACR + VAR CY = SUM(ACR_CY[AzureConsumedRevenue])
VAR PY = SUM(ACR_PY[AzureConsumedRevenue])
VAR A = CY + PY
VAR S = IF(ISFILTERED(DimCustomer[TPAccountName]),BLANK(),SUM(ACR_Summarized[AzureConsumedRevenue]))
VAR SelectedView = SELECTEDVALUE(DimViewType[ViewType])
RETURN
SWITCH(SelectedView,""Non-Curated"",S,A)",0.0,Has qualified references - complex measure,0.2,,0.4,,0.0,The abbreviation 'ACR' is not self-explanatory.,0.6,0.4,0.30000000000000004,critical,1,RED,#FF0000
M_SLG_Migration,$ AVD ACR,"CALCULATE(M_ACR[$ ACR],'Distinct StrategicPillar'[StrategicPillar]=""AVD"")",,No,,Yes,$ acr,Yes,$ acr,Yes,"Please use unqualified measures references i.e., [Measure Name] instead of Fully Qualified reference i.e., Table[MeasureName] or 'Table'[MeasureName]. Referenced measures: $ acr","$ AVD ACR -> M_SLG_Migration + CALCULATE(M_ACR[$ ACR],'Distinct StrategicPillar'[StrategicPillar]=""AVD"") | REFERENCES: $ ACR -> M_ACR + VAR CY = SUM(ACR_CY[AzureConsumedRevenue])
VAR PY = SUM(ACR_PY[AzureConsumedRevenue])
VAR A = CY + PY
VAR S = IF(ISFILTERED(DimCustomer[TPAccountName]),BLANK(),SUM(ACR_Summarized[AzureConsumedRevenue]))
VAR SelectedView = SELECTEDVALUE(DimViewType[ViewType])
RETURN
SWITCH(SelectedView,""Non-Curated"",S,A)",0.0,Has qualified references - complex measure,0.2,,0.4,,0.0,The abbreviations 'AVD' and 'ACR' are not self-explanatory.,0.6,0.4,0.30000000000000004,critical,1,RED,#FF0000
M_SLG_Migration,$ Windows GP ACR,"CALCULATE(M_ACR[$ ACR],'Distinct StrategicPillar'[StrategicPillar]=""Windows Gen Purpose"")",,No,,Yes,$ acr,Yes,$ acr,Yes,"Please use unqualified measures references i.e., [Measure Name] instead of Fully Qualified reference i.e., Table[MeasureName] or 'Table'[MeasureName]. Referenced measures: $ acr","$ Windows GP ACR -> M_SLG_Migration + CALCULATE(M_ACR[$ ACR],'Distinct StrategicPillar'[StrategicPillar]=""Windows Gen Purpose"") | REFERENCES: $ ACR -> M_ACR + VAR CY = SUM(ACR_CY[AzureConsumedRevenue])
VAR PY = SUM(ACR_PY[AzureConsumedRevenue])
VAR A = CY + PY
VAR S = IF(ISFILTERED(DimCustomer[TPAccountName]),BLANK(),SUM(ACR_Summarized[AzureConsumedRevenue]))
VAR SelectedView = SELECTEDVALUE(DimViewType[ViewType])
RETURN
SWITCH(SelectedView,""Non-Curated"",S,A)",0.0,Has qualified references - complex measure,0.2,,0.4,,0.0,The abbreviations 'GP' and 'ACR' are not self-explanatory.,0.6,0.4,0.30000000000000004,critical,1,RED,#FF0000
M_SLG_Migration,$ Linux GP ACR,"CALCULATE(M_ACR[$ ACR],'Distinct StrategicPillar'[StrategicPillar]=""Linux Gen Purpose"")",,No,,Yes,$ acr,Yes,$ acr,Yes,"Please use unqualified measures references i.e., [Measure Name] instead of Fully Qualified reference i.e., Table[MeasureName] or 'Table'[MeasureName]. Referenced measures: $ acr","$ Linux GP ACR -> M_SLG_Migration + CALCULATE(M_ACR[$ ACR],'Distinct StrategicPillar'[StrategicPillar]=""Linux Gen Purpose"") | REFERENCES: $ ACR -> M_ACR + VAR CY = SUM(ACR_CY[AzureConsumedRevenue])
VAR PY = SUM(ACR_PY[AzureConsumedRevenue])
VAR A = CY + PY
VAR S = IF(ISFILTERED(DimCustomer[TPAccountName]),BLANK(),SUM(ACR_Summarized[AzureConsumedRevenue]))
VAR SelectedView = SELECTEDVALUE(DimViewType[ViewType])
RETURN
SWITCH(SelectedView,""Non-Curated"",S,A)",0.0,Has qualified references - complex measure,0.2,,0.4,,0.0,The abbreviations 'GP' and 'ACR' are not self-explanatory.,0.6,0.4,0.30000000000000004,critical,1,RED,#FF0000
M_SLG_Migration,$ Total Migration ACR,[$ AVD ACR] + [$ Azure SQL ACR] + [$ Linux GP ACR] + [$ Windows GP ACR],,No,,No,,Yes,"$ avd acr, $ azure sql acr, $ linux gp acr, $ windows gp acr",No,,"$ Total Migration ACR -> M_SLG_Migration + [$ AVD ACR] + [$ Azure SQL ACR] + [$ Linux GP ACR] + [$ Windows GP ACR] | REFERENCES: $ AVD ACR -> M_SLG_Migration + CALCULATE(M_ACR[$ ACR],'Distinct StrategicPillar'[StrategicPillar]=""AVD""), $ Azure SQL ACR -> M_SLG_Migration + CALCULATE(M_ACR[$ ACR],'Distinct StrategicPillar'[StrategicPillar]=""Azure SQL""), $ Linux GP ACR -> M_SLG_Migration + CALCULATE(M_ACR[$ ACR],'Distinct StrategicPillar'[StrategicPillar]=""Linux Gen Purpose""), $ Windows GP ACR -> M_SLG_Migration + CALCULATE(M_ACR[$ ACR],'Distinct StrategicPillar'[StrategicPillar]=""Windows Gen Purpose"")",0.2,No qualified references - simpler measure,0.2,,0.4,,0.0,The abbreviation 'ACR' is not self-explanatory.,0.6,0.4,0.30000000000000004,critical,1,RED,#FF0000
M_SLG_Migration,$ ACR Pipe,"CALCULATE(SUM(SLG_EDU_MigrationPipe[EstUsage]),FILTER(SLG_EDU_MigrationPipe, NOT SLG_EDU_MigrationPipe[ConsumptionStatusReasonCombined] in {""Closed - Lost"",""Closed - Cancelled/Delayed"",""Closed - Cancelled by Customer"",""Closed - Pipeline Hygiene/Duplicate""}),FILTER(SLG_EDU_MigrationPipe,NOT SLG_EDU_MigrationPipe[MilestoneStatus] in {""Cancelled"",""Lost to Competitor""}))",,No,,No,,No,,Yes,,"$ ACR Pipe -> M_SLG_Migration + CALCULATE(SUM(SLG_EDU_MigrationPipe[EstUsage]),FILTER(SLG_EDU_MigrationPipe, NOT SLG_EDU_MigrationPipe[ConsumptionStatusReasonCombined] in {""Closed - Lost"",""Closed - Cancelled/Delayed"",""Closed - Cancelled by Customer"",""Closed - Pipeline Hygiene/Duplicate""}),FILTER(SLG_EDU_MigrationPipe,NOT SLG_EDU_MigrationPipe[MilestoneStatus] in {""Cancelled"",""Lost to Competitor""}))",0.2,No qualified references - simpler measure,0.2,,0.4,,0.0,The abbreviation 'ACR' is not self-explanatory.,0.6,0.4,0.30000000000000004,critical,1,RED,#FF0000
M_SLG_Migration,$ Azure SQL Pipe,"CALCULATE([$ ACR Pipe],FILTER(SLG_EDU_MigrationPipe,SLG_EDU_MigrationPipe[Workload] in {""Data: SQL Hybrid - Arc-Enabled SQL Server""
,""Data: SQL Modernization to Azure SQL DB (PaaS)""
,""Data: SQL VM Migrations (IaaS)""
,""Data: Oracle to Azure SQL Migration""
,""Data: SQL Modernization to Managed Instance (PaaS)""}))",,No,,No,,Yes,$ acr pipe,Yes,,"$ Azure SQL Pipe -> M_SLG_Migration + CALCULATE([$ ACR Pipe],FILTER(SLG_EDU_MigrationPipe,SLG_EDU_MigrationPipe[Workload] in {""Data: SQL Hybrid - Arc-Enabled SQL Server""
,""Data: SQL Modernization to Azure SQL DB (PaaS)""
,""Data: SQL VM Migrations (IaaS)""
,""Data: Oracle to Azure SQL Migration""
,""Data: SQL Modernization to Managed Instance (PaaS)""})) | REFERENCES: $ ACR Pipe -> M_SLG_Migration + CALCULATE(SUM(SLG_EDU_MigrationPipe[EstUsage]),FILTER(SLG_EDU_MigrationPipe, NOT SLG_EDU_MigrationPipe[ConsumptionStatusReasonCombined] in {""Closed - Lost"",""Closed - Cancelled/Delayed"",""Closed - Cancelled by Customer"",""Closed - Pipeline Hygiene/Duplicate""}),FILTER(SLG_EDU_MigrationPipe,NOT SLG_EDU_MigrationPipe[MilestoneStatus] in {""Cancelled"",""Lost to Competitor""}))",0.2,No qualified references - simpler measure,0.2,,0.4,,0.0,The abbreviation 'Pipe' is not self-explanatory.,0.6,0.4,0.30000000000000004,critical,1,RED,#FF0000
M_SLG_Migration,$ Windows GPC Pipe,"CALCULATE([$ ACR Pipe],FILTER(SLG_EDU_MigrationPipe,SLG_EDU_MigrationPipe[Workload] in {""Infra: Windows"",""Infra: Mainframe Migration""}))",,No,,No,,Yes,$ acr pipe,Yes,,"$ Windows GPC Pipe -> M_SLG_Migration + CALCULATE([$ ACR Pipe],FILTER(SLG_EDU_MigrationPipe,SLG_EDU_MigrationPipe[Workload] in {""Infra: Windows"",""Infra: Mainframe Migration""})) | REFERENCES: $ ACR Pipe -> M_SLG_Migration + CALCULATE(SUM(SLG_EDU_MigrationPipe[EstUsage]),FILTER(SLG_EDU_MigrationPipe, NOT SLG_EDU_MigrationPipe[ConsumptionStatusReasonCombined] in {""Closed - Lost"",""Closed - Cancelled/Delayed"",""Closed - Cancelled by Customer"",""Closed - Pipeline Hygiene/Duplicate""}),FILTER(SLG_EDU_MigrationPipe,NOT SLG_EDU_MigrationPipe[MilestoneStatus] in {""Cancelled"",""Lost to Competitor""}))",0.2,No qualified references - simpler measure,0.2,,0.4,,0.0,The abbreviations 'GPC' and 'Pipe' are not self-explanatory.,0.6,0.4,0.30000000000000004,critical,1,RED,#FF0000
M_SLG_Migration,$ Linux Pipe,"CALCULATE([$ ACR Pipe],FILTER(SLG_EDU_MigrationPipe,SLG_EDU_MigrationPipe[Workload] in {""Infra: Linux"",""Infra: Linux (RedHat)""}))",,No,,No,,Yes,$ acr pipe,Yes,,"$ Linux Pipe -> M_SLG_Migration + CALCULATE([$ ACR Pipe],FILTER(SLG_EDU_MigrationPipe,SLG_EDU_MigrationPipe[Workload] in {""Infra: Linux"",""Infra: Linux (RedHat)""})) | REFERENCES: $ ACR Pipe -> M_SLG_Migration + CALCULATE(SUM(SLG_EDU_MigrationPipe[EstUsage]),FILTER(SLG_EDU_MigrationPipe, NOT SLG_EDU_MigrationPipe[ConsumptionStatusReasonCombined] in {""Closed - Lost"",""Closed - Cancelled/Delayed"",""Closed - Cancelled by Customer"",""Closed - Pipeline Hygiene/Duplicate""}),FILTER(SLG_EDU_MigrationPipe,NOT SLG_EDU_MigrationPipe[MilestoneStatus] in {""Cancelled"",""Lost to Competitor""}))",0.2,No qualified references - simpler measure,0.2,,0.4,,0.0,The abbreviation 'Pipe' is not self-explanatory.,0.6,0.4,0.30000000000000004,critical,1,RED,#FF0000
M_SLG_Migration,$ AVD Pipe,"CALCULATE([$ ACR Pipe],FILTER(SLG_EDU_MigrationPipe,SLG_EDU_MigrationPipe[Workload] in {""Infra: AVD (Citrix + AVD)"",""Infra: AVD (Horizon + AVD (VMware))"",""Infra: AVD (Native AVD)""}))",,No,,No,,Yes,$ acr pipe,Yes,,"$ AVD Pipe -> M_SLG_Migration + CALCULATE([$ ACR Pipe],FILTER(SLG_EDU_MigrationPipe,SLG_EDU_MigrationPipe[Workload] in {""Infra: AVD (Citrix + AVD)"",""Infra: AVD (Horizon + AVD (VMware))"",""Infra: AVD (Native AVD)""})) | REFERENCES: $ ACR Pipe -> M_SLG_Migration + CALCULATE(SUM(SLG_EDU_MigrationPipe[EstUsage]),FILTER(SLG_EDU_MigrationPipe, NOT SLG_EDU_MigrationPipe[ConsumptionStatusReasonCombined] in {""Closed - Lost"",""Closed - Cancelled/Delayed"",""Closed - Cancelled by Customer"",""Closed - Pipeline Hygiene/Duplicate""}),FILTER(SLG_EDU_MigrationPipe,NOT SLG_EDU_MigrationPipe[MilestoneStatus] in {""Cancelled"",""Lost to Competitor""}))",0.2,No qualified references - simpler measure,0.2,,0.4,,0.0,The abbreviations 'AVD' and 'Pipe' are not self-explanatory.,0.6,0.4,0.30000000000000004,critical,1,RED,#FF0000
M_SLG_Migration,$ AVS Pipe,"CALCULATE([$ ACR Pipe],FILTER(SLG_EDU_MigrationPipe,SLG_EDU_MigrationPipe[Workload] in {""Infra: Azure VMWare Solution""}))",,No,,No,,Yes,$ acr pipe,Yes,,"$ AVS Pipe -> M_SLG_Migration + CALCULATE([$ ACR Pipe],FILTER(SLG_EDU_MigrationPipe,SLG_EDU_MigrationPipe[Workload] in {""Infra: Azure VMWare Solution""})) | REFERENCES: $ ACR Pipe -> M_SLG_Migration + CALCULATE(SUM(SLG_EDU_MigrationPipe[EstUsage]),FILTER(SLG_EDU_MigrationPipe, NOT SLG_EDU_MigrationPipe[ConsumptionStatusReasonCombined] in {""Closed - Lost"",""Closed - Cancelled/Delayed"",""Closed - Cancelled by Customer"",""Closed - Pipeline Hygiene/Duplicate""}),FILTER(SLG_EDU_MigrationPipe,NOT SLG_EDU_MigrationPipe[MilestoneStatus] in {""Cancelled"",""Lost to Competitor""}))",0.2,No qualified references - simpler measure,0.2,,0.4,,0.0,The abbreviations 'AVS' and 'Pipe' are not self-explanatory.,0.6,0.4,0.30000000000000004,critical,1,RED,#FF0000
M_SLG_Migration,$ Total Migration Pipe,[$ AVD Pipe] + [$ AVS Pipe] + [$ Linux Pipe] + [$ Azure SQL Pipe] + [$ Windows GPC Pipe],,No,,No,,Yes,"$ avd pipe, $ avs pipe, $ azure sql pipe, $ linux pipe, $ windows gpc pipe",Yes,,"$ Total Migration Pipe -> M_SLG_Migration + [$ AVD Pipe] + [$ AVS Pipe] + [$ Linux Pipe] + [$ Azure SQL Pipe] + [$ Windows GPC Pipe] | REFERENCES: $ AVD Pipe -> M_SLG_Migration + CALCULATE([$ ACR Pipe],FILTER(SLG_EDU_MigrationPipe,SLG_EDU_MigrationPipe[Workload] in {""Infra: AVD (Citrix + AVD)"",""Infra: AVD (Horizon + AVD (VMware))"",""Infra: AVD (Native AVD)""})), $ AVS Pipe -> M_SLG_Migration + CALCULATE([$ ACR Pipe],FILTER(SLG_EDU_MigrationPipe,SLG_EDU_MigrationPipe[Workload] in {""Infra: Azure VMWare Solution""})), $ Azure SQL Pipe -> M_SLG_Migration + CALCULATE([$ ACR Pipe],FILTER(SLG_EDU_MigrationPipe,SLG_EDU_MigrationPipe[Workload] in {""Data: SQL Hybrid - Arc-Enabled SQL Server""
,""Data: SQL Modernization to Azure SQL DB (PaaS)""
,""Data: SQL VM Migrations (IaaS)""
,""Data: Oracle to Azure SQL Migration""
,""Data: SQL Modernization to Managed Instance (PaaS)""})), $ Linux Pipe -> M_SLG_Migration + CALCULATE([$ ACR Pipe],FILTER(SLG_EDU_MigrationPipe,SLG_EDU_MigrationPipe[Workload] in {""Infra: Linux"",""Infra: Linux (RedHat)""})), $ Windows GPC Pipe -> M_SLG_Migration + CALCULATE([$ ACR Pipe],FILTER(SLG_EDU_MigrationPipe,SLG_EDU_MigrationPipe[Workload] in {""Infra: Windows"",""Infra: Mainframe Migration""}))",0.2,No qualified references - simpler measure,0.2,,0.4,,0.0,"The measure name contains the abbreviation '$', which is not self-explanatory.",0.6,0.4,0.30000000000000004,critical,1,RED,#FF0000
M_SLG_Migration,# Migration Opportunities,DISTINCTCOUNT(SLG_EDU_MigrationPipe[OpportunityNumber]),,No,,No,,No,,Yes,,# Migration Opportunities -> M_SLG_Migration + DISTINCTCOUNT(SLG_EDU_MigrationPipe[OpportunityNumber]),0.2,No qualified references - simpler measure,0.2,,0.4,,0.4,,1.0,0.8,0.5,critical,1,RED,#FF0000
M_SLG_Migration,# Target Departments,COUNT('Distinct SLG_Department'[Department]),,No,,No,,No,,No,,# Target Departments -> M_SLG_Migration + COUNT('Distinct SLG_Department'[Department]),0.2,No qualified references - simpler measure,0.2,,0.4,,0.4,,1.0,0.8,0.5,critical,1,RED,#FF0000
M_SLG_Migration,$ Infra Migration Pipe,[$ AVD Pipe] + [$ AVS Pipe] + [$ Linux Pipe] + [$ Windows GPC Pipe],,No,,No,,Yes,"$ avd pipe, $ avs pipe, $ linux pipe, $ windows gpc pipe",Yes,,"$ Infra Migration Pipe -> M_SLG_Migration + [$ AVD Pipe] + [$ AVS Pipe] + [$ Linux Pipe] + [$ Windows GPC Pipe] | REFERENCES: $ AVD Pipe -> M_SLG_Migration + CALCULATE([$ ACR Pipe],FILTER(SLG_EDU_MigrationPipe,SLG_EDU_MigrationPipe[Workload] in {""Infra: AVD (Citrix + AVD)"",""Infra: AVD (Horizon + AVD (VMware))"",""Infra: AVD (Native AVD)""})), $ AVS Pipe -> M_SLG_Migration + CALCULATE([$ ACR Pipe],FILTER(SLG_EDU_MigrationPipe,SLG_EDU_MigrationPipe[Workload] in {""Infra: Azure VMWare Solution""})), $ Linux Pipe -> M_SLG_Migration + CALCULATE([$ ACR Pipe],FILTER(SLG_EDU_MigrationPipe,SLG_EDU_MigrationPipe[Workload] in {""Infra: Linux"",""Infra: Linux (RedHat)""})), $ Windows GPC Pipe -> M_SLG_Migration + CALCULATE([$ ACR Pipe],FILTER(SLG_EDU_MigrationPipe,SLG_EDU_MigrationPipe[Workload] in {""Infra: Windows"",""Infra: Mainframe Migration""}))",0.2,No qualified references - simpler measure,0.2,,0.4,,0.0,"The measure name contains the abbreviation '$', which is not self-explanatory.",0.6,0.4,0.30000000000000004,critical,1,RED,#FF0000
M_SLG_Migration,$ Azure SQL Committed Pipe,"CALCULATE([$ Azure SQL Pipe],SLG_EDU_MigrationPipe[CommitmentRecommendation]=""Committed"")",,No,,No,,Yes,$ azure sql pipe,No,,"$ Azure SQL Committed Pipe -> M_SLG_Migration + CALCULATE([$ Azure SQL Pipe],SLG_EDU_MigrationPipe[CommitmentRecommendation]=""Committed"") | REFERENCES: $ Azure SQL Pipe -> M_SLG_Migration + CALCULATE([$ ACR Pipe],FILTER(SLG_EDU_MigrationPipe,SLG_EDU_MigrationPipe[Workload] in {""Data: SQL Hybrid - Arc-Enabled SQL Server""
,""Data: SQL Modernization to Azure SQL DB (PaaS)""
,""Data: SQL VM Migrations (IaaS)""
,""Data: Oracle to Azure SQL Migration""
,""Data: SQL Modernization to Managed Instance (PaaS)""}))",0.2,No qualified references - simpler measure,0.2,,0.4,,0.0,"The measure name contains the abbreviation '$', which is not self-explanatory.",0.6,0.4,0.30000000000000004,critical,1,RED,#FF0000
M_SLG_Migration,$ Infra Migration Committed Pipe,"CALCULATE([$ Infra Migration Pipe],SLG_EDU_MigrationPipe[CommitmentRecommendation]=""Committed"")",,No,,No,,Yes,$ infra migration pipe,No,,"$ Infra Migration Committed Pipe -> M_SLG_Migration + CALCULATE([$ Infra Migration Pipe],SLG_EDU_MigrationPipe[CommitmentRecommendation]=""Committed"") | REFERENCES: $ Infra Migration Pipe -> M_SLG_Migration + [$ AVD Pipe] + [$ AVS Pipe] + [$ Linux Pipe] + [$ Windows GPC Pipe]",0.2,No qualified references - simpler measure,0.2,,0.4,,0.0,"The measure name contains the abbreviation '$', which is not self-explanatory.",0.6,0.4,0.30000000000000004,critical,1,RED,#FF0000
M_SLG_Migration,# Committed Migration Opps,"CALCULATE(M_SLG_Migration[# Migration Opportunities],SLG_EDU_MigrationPipe[CommitmentRecommendation]=""Committed"")",,No,,Yes,# migration opportunities,Yes,# migration opportunities,No,"Please use unqualified measures references i.e., [Measure Name] instead of Fully Qualified reference i.e., Table[MeasureName] or 'Table'[MeasureName]. Referenced measures: # migration opportunities","# Committed Migration Opps -> M_SLG_Migration + CALCULATE(M_SLG_Migration[# Migration Opportunities],SLG_EDU_MigrationPipe[CommitmentRecommendation]=""Committed"") | REFERENCES: # Migration Opportunities -> M_SLG_Migration + DISTINCTCOUNT(SLG_EDU_MigrationPipe[OpportunityNumber])",0.0,Has qualified references - complex measure,0.2,,0.4,,0.0,"The measure name contains the abbreviation 'Opps', which is not self-explanatory.",0.6,0.4,0.30000000000000004,critical,1,RED,#FF0000
M_SLG_Migration,$ Total Migration Committed Pipe,"CALCULATE([$ Total Migration Pipe],SLG_EDU_MigrationPipe[CommitmentRecommendation]=""Committed"")",,No,,No,,Yes,$ total migration pipe,Yes,,"$ Total Migration Committed Pipe -> M_SLG_Migration + CALCULATE([$ Total Migration Pipe],SLG_EDU_MigrationPipe[CommitmentRecommendation]=""Committed"") | REFERENCES: $ Total Migration Pipe -> M_SLG_Migration + [$ AVD Pipe] + [$ AVS Pipe] + [$ Linux Pipe] + [$ Azure SQL Pipe] + [$ Windows GPC Pipe]",0.2,No qualified references - simpler measure,0.2,,0.4,,0.0,"The measure name contains the abbreviation '$', which is not self-explanatory.",0.6,0.4,0.30000000000000004,critical,1,RED,#FF0000
M_SLG_Migration,$ ACR Pipe Last Week,"CALCULATE(SUM(SLG_EDU_MigrationPipe[EstMonthlyUsageCW1]),FILTER(SLG_EDU_MigrationPipe, NOT SLG_EDU_MigrationPipe[ConsumptionStatusReasonCombined] in {""Closed - Lost"",""Closed - Cancelled/Delayed"",""Closed - Cancelled by Customer"",""Closed - Pipeline Hygiene/Duplicate""}),FILTER(SLG_EDU_MigrationPipe,NOT SLG_EDU_MigrationPipe[MilestoneStatus] in {""Cancelled"",""Lost to Competitor""}))",,No,,No,,No,,Yes,,"$ ACR Pipe Last Week -> M_SLG_Migration + CALCULATE(SUM(SLG_EDU_MigrationPipe[EstMonthlyUsageCW1]),FILTER(SLG_EDU_MigrationPipe, NOT SLG_EDU_MigrationPipe[ConsumptionStatusReasonCombined] in {""Closed - Lost"",""Closed - Cancelled/Delayed"",""Closed - Cancelled by Customer"",""Closed - Pipeline Hygiene/Duplicate""}),FILTER(SLG_EDU_MigrationPipe,NOT SLG_EDU_MigrationPipe[MilestoneStatus] in {""Cancelled"",""Lost to Competitor""}))",0.2,No qualified references - simpler measure,0.0,"The measure name does not clearly explain what it calculates, even with context.",0.0,"The measure name does not clearly describe the calculation, as 'ACR' is not explained.",0.0,"The measure name contains the abbreviation 'ACR', which is not self-explanatory.",0.0,0.0,0.0,critical,1,RED,#FF0000
M_SLG_Migration,$ Azure SQL Pipe Last Week,"CALCULATE([$ ACR Pipe Last Week],FILTER(SLG_EDU_MigrationPipe,SLG_EDU_MigrationPipe[Workload] in {""Data: SQL Hybrid - Arc-Enabled SQL Server"",""Data: SQL Modernization to Azure SQL DB (PaaS)"",""Data: SQL VM Migrations (IaaS)"",""Data: Oracle to Azure SQL Migration"",""Data: SQL Modernization to Managed Instance (PaaS)""}))",,No,,No,,Yes,$ acr pipe last week,Yes,,"$ Azure SQL Pipe Last Week -> M_SLG_Migration + CALCULATE([$ ACR Pipe Last Week],FILTER(SLG_EDU_MigrationPipe,SLG_EDU_MigrationPipe[Workload] in {""Data: SQL Hybrid - Arc-Enabled SQL Server"",""Data: SQL Modernization to Azure SQL DB (PaaS)"",""Data: SQL VM Migrations (IaaS)"",""Data: Oracle to Azure SQL Migration"",""Data: SQL Modernization to Managed Instance (PaaS)""})) | REFERENCES: $ ACR Pipe Last Week -> M_SLG_Migration + CALCULATE(SUM(SLG_EDU_MigrationPipe[EstMonthlyUsageCW1]),FILTER(SLG_EDU_MigrationPipe, NOT SLG_EDU_MigrationPipe[ConsumptionStatusReasonCombined] in {""Closed - Lost"",""Closed - Cancelled/Delayed"",""Closed - Cancelled by Customer"",""Closed - Pipeline Hygiene/Duplicate""}),FILTER(SLG_EDU_MigrationPipe,NOT SLG_EDU_MigrationPipe[MilestoneStatus] in {""Cancelled"",""Lost to Competitor""}))",0.2,No qualified references - simpler measure,0.2,,0.4,,0.0,"The measure name contains the abbreviation '$', which is not self-explanatory.",0.6,0.4,0.30000000000000004,critical,1,RED,#FF0000
M_SLG_Migration,$ AVD Pipe Last Week,"CALCULATE([$ ACR Pipe Last Week],FILTER(SLG_EDU_MigrationPipe,SLG_EDU_MigrationPipe[Workload] in {""Infra: AVD (Citrix + AVD)"",""Infra: AVD (Horizon + AVD (VMware))"",""Infra: AVD (Native AVD)""}))",,No,,No,,Yes,$ acr pipe last week,Yes,,"$ AVD Pipe Last Week -> M_SLG_Migration + CALCULATE([$ ACR Pipe Last Week],FILTER(SLG_EDU_MigrationPipe,SLG_EDU_MigrationPipe[Workload] in {""Infra: AVD (Citrix + AVD)"",""Infra: AVD (Horizon + AVD (VMware))"",""Infra: AVD (Native AVD)""})) | REFERENCES: $ ACR Pipe Last Week -> M_SLG_Migration + CALCULATE(SUM(SLG_EDU_MigrationPipe[EstMonthlyUsageCW1]),FILTER(SLG_EDU_MigrationPipe, NOT SLG_EDU_MigrationPipe[ConsumptionStatusReasonCombined] in {""Closed - Lost"",""Closed - Cancelled/Delayed"",""Closed - Cancelled by Customer"",""Closed - Pipeline Hygiene/Duplicate""}),FILTER(SLG_EDU_MigrationPipe,NOT SLG_EDU_MigrationPipe[MilestoneStatus] in {""Cancelled"",""Lost to Competitor""}))",0.2,No qualified references - simpler measure,0.0,"The measure name does not clearly explain what it calculates, even with context.",0.0,"The measure name does not clearly describe the calculation, as 'AVD' is not explained.",0.0,"The measure name contains the abbreviation 'AVD', which is not self-explanatory.",0.0,0.0,0.0,critical,1,RED,#FF0000
M_SLG_Migration,$ AVS Pipe Last Week,"CALCULATE([$ ACR Pipe Last Week],FILTER(SLG_EDU_MigrationPipe,SLG_EDU_MigrationPipe[Workload] in {""Infra: Azure VMWare Solution""}))",,No,,No,,Yes,$ acr pipe last week,Yes,,"$ AVS Pipe Last Week -> M_SLG_Migration + CALCULATE([$ ACR Pipe Last Week],FILTER(SLG_EDU_MigrationPipe,SLG_EDU_MigrationPipe[Workload] in {""Infra: Azure VMWare Solution""})) | REFERENCES: $ ACR Pipe Last Week -> M_SLG_Migration + CALCULATE(SUM(SLG_EDU_MigrationPipe[EstMonthlyUsageCW1]),FILTER(SLG_EDU_MigrationPipe, NOT SLG_EDU_MigrationPipe[ConsumptionStatusReasonCombined] in {""Closed - Lost"",""Closed - Cancelled/Delayed"",""Closed - Cancelled by Customer"",""Closed - Pipeline Hygiene/Duplicate""}),FILTER(SLG_EDU_MigrationPipe,NOT SLG_EDU_MigrationPipe[MilestoneStatus] in {""Cancelled"",""Lost to Competitor""}))",0.2,No qualified references - simpler measure,0.0,"The measure name does not clearly explain what it calculates, even with context.",0.0,"The measure name does not clearly describe the calculation, as 'AVS' is not explained.",0.0,"The measure name contains the abbreviation 'AVS', which is not self-explanatory.",0.0,0.0,0.0,critical,1,RED,#FF0000
M_SLG_Migration,$ Linux Pipe Last Week,"CALCULATE([$ ACR Pipe Last Week],FILTER(SLG_EDU_MigrationPipe,SLG_EDU_MigrationPipe[Workload] in {""Infra: Linux"",""Infra: Linux (RedHat)""}))",,No,,No,,Yes,$ acr pipe last week,Yes,,"$ Linux Pipe Last Week -> M_SLG_Migration + CALCULATE([$ ACR Pipe Last Week],FILTER(SLG_EDU_MigrationPipe,SLG_EDU_MigrationPipe[Workload] in {""Infra: Linux"",""Infra: Linux (RedHat)""})) | REFERENCES: $ ACR Pipe Last Week -> M_SLG_Migration + CALCULATE(SUM(SLG_EDU_MigrationPipe[EstMonthlyUsageCW1]),FILTER(SLG_EDU_MigrationPipe, NOT SLG_EDU_MigrationPipe[ConsumptionStatusReasonCombined] in {""Closed - Lost"",""Closed - Cancelled/Delayed"",""Closed - Cancelled by Customer"",""Closed - Pipeline Hygiene/Duplicate""}),FILTER(SLG_EDU_MigrationPipe,NOT SLG_EDU_MigrationPipe[MilestoneStatus] in {""Cancelled"",""Lost to Competitor""}))",0.2,No qualified references - simpler measure,0.2,,0.4,,0.0,"The measure name contains the abbreviation '$', which is not self-explanatory.",0.6,0.4,0.30000000000000004,critical,1,RED,#FF0000
M_SLG_Migration,$ Windows GPC Pipe Last Week,"CALCULATE([$ ACR Pipe Last Week],FILTER(SLG_EDU_MigrationPipe,SLG_EDU_MigrationPipe[Workload] in {""Infra: Windows"",""Infra: Mainframe Migration""}))",,No,,No,,Yes,$ acr pipe last week,Yes,,"$ Windows GPC Pipe Last Week -> M_SLG_Migration + CALCULATE([$ ACR Pipe Last Week],FILTER(SLG_EDU_MigrationPipe,SLG_EDU_MigrationPipe[Workload] in {""Infra: Windows"",""Infra: Mainframe Migration""})) | REFERENCES: $ ACR Pipe Last Week -> M_SLG_Migration + CALCULATE(SUM(SLG_EDU_MigrationPipe[EstMonthlyUsageCW1]),FILTER(SLG_EDU_MigrationPipe, NOT SLG_EDU_MigrationPipe[ConsumptionStatusReasonCombined] in {""Closed - Lost"",""Closed - Cancelled/Delayed"",""Closed - Cancelled by Customer"",""Closed - Pipeline Hygiene/Duplicate""}),FILTER(SLG_EDU_MigrationPipe,NOT SLG_EDU_MigrationPipe[MilestoneStatus] in {""Cancelled"",""Lost to Competitor""}))",0.2,No qualified references - simpler measure,0.0,"The measure name does not clearly explain what it calculates, even with context.",0.0,"The measure name does not clearly describe the calculation, as 'GPC' is not explained.",0.0,"The measure name contains the abbreviation 'GPC', which is not self-explanatory.",0.0,0.0,0.0,critical,1,RED,#FF0000
M_SLG_Migration,$ Infra Migration Pipe Last Week,[$ AVD Pipe Last Week] + [$ AVS Pipe Last Week] + [$ Linux Pipe Last Week] + [$ Windows GPC Pipe Last Week],,No,,No,,Yes,"$ avd pipe last week, $ avs pipe last week, $ linux pipe last week, $ windows gpc pipe last week",No,,"$ Infra Migration Pipe Last Week -> M_SLG_Migration + [$ AVD Pipe Last Week] + [$ AVS Pipe Last Week] + [$ Linux Pipe Last Week] + [$ Windows GPC Pipe Last Week] | REFERENCES: $ AVD Pipe Last Week -> M_SLG_Migration + CALCULATE([$ ACR Pipe Last Week],FILTER(SLG_EDU_MigrationPipe,SLG_EDU_MigrationPipe[Workload] in {""Infra: AVD (Citrix + AVD)"",""Infra: AVD (Horizon + AVD (VMware))"",""Infra: AVD (Native AVD)""})), $ AVS Pipe Last Week -> M_SLG_Migration + CALCULATE([$ ACR Pipe Last Week],FILTER(SLG_EDU_MigrationPipe,SLG_EDU_MigrationPipe[Workload] in {""Infra: Azure VMWare Solution""})), $ Linux Pipe Last Week -> M_SLG_Migration + CALCULATE([$ ACR Pipe Last Week],FILTER(SLG_EDU_MigrationPipe,SLG_EDU_MigrationPipe[Workload] in {""Infra: Linux"",""Infra: Linux (RedHat)""})), $ Windows GPC Pipe Last Week -> M_SLG_Migration + CALCULATE([$ ACR Pipe Last Week],FILTER(SLG_EDU_MigrationPipe,SLG_EDU_MigrationPipe[Workload] in {""Infra: Windows"",""Infra: Mainframe Migration""}))",0.2,No qualified references - simpler measure,0.2,,0.4,,0.0,"The measure name contains the abbreviation '$', which is not self-explanatory.",0.6,0.4,0.30000000000000004,critical,1,RED,#FF0000
M_SLG_Migration,$ Total Migration Pipe Last Week,[$ AVD Pipe Last Week] + [$ AVS Pipe Last Week] + [$ Linux Pipe Last Week] + [$ Azure SQL Pipe Last Week] + [$ Windows GPC Pipe Last Week],,No,,No,,Yes,"$ avd pipe last week, $ avs pipe last week, $ azure sql pipe last week, $ linux pipe last week, $ windows gpc pipe last week",Yes,,"$ Total Migration Pipe Last Week -> M_SLG_Migration + [$ AVD Pipe Last Week] + [$ AVS Pipe Last Week] + [$ Linux Pipe Last Week] + [$ Azure SQL Pipe Last Week] + [$ Windows GPC Pipe Last Week] | REFERENCES: $ AVD Pipe Last Week -> M_SLG_Migration + CALCULATE([$ ACR Pipe Last Week],FILTER(SLG_EDU_MigrationPipe,SLG_EDU_MigrationPipe[Workload] in {""Infra: AVD (Citrix + AVD)"",""Infra: AVD (Horizon + AVD (VMware))"",""Infra: AVD (Native AVD)""})), $ AVS Pipe Last Week -> M_SLG_Migration + CALCULATE([$ ACR Pipe Last Week],FILTER(SLG_EDU_MigrationPipe,SLG_EDU_MigrationPipe[Workload] in {""Infra: Azure VMWare Solution""})), $ Azure SQL Pipe Last Week -> M_SLG_Migration + CALCULATE([$ ACR Pipe Last Week],FILTER(SLG_EDU_MigrationPipe,SLG_EDU_MigrationPipe[Workload] in {""Data: SQL Hybrid - Arc-Enabled SQL Server"",""Data: SQL Modernization to Azure SQL DB (PaaS)"",""Data: SQL VM Migrations (IaaS)"",""Data: Oracle to Azure SQL Migration"",""Data: SQL Modernization to Managed Instance (PaaS)""})), $ Linux Pipe Last Week -> M_SLG_Migration + CALCULATE([$ ACR Pipe Last Week],FILTER(SLG_EDU_MigrationPipe,SLG_EDU_MigrationPipe[Workload] in {""Infra: Linux"",""Infra: Linux (RedHat)""})), $ Windows GPC Pipe Last Week -> M_SLG_Migration + CALCULATE([$ ACR Pipe Last Week],FILTER(SLG_EDU_MigrationPipe,SLG_EDU_MigrationPipe[Workload] in {""Infra: Windows"",""Infra: Mainframe Migration""}))",0.2,No qualified references - simpler measure,0.2,,0.4,,0.4,,1.0,0.8,0.5,critical,1,RED,#FF0000
M_SLG_Migration,$ Total Migration Committed Pipe Last Week,"CALCULATE([$ Total Migration Pipe Last Week],SLG_EDU_MigrationPipe[CommitmentRecommendation]=""Committed"")",,No,,No,,Yes,$ total migration pipe last week,Yes,,"$ Total Migration Committed Pipe Last Week -> M_SLG_Migration + CALCULATE([$ Total Migration Pipe Last Week],SLG_EDU_MigrationPipe[CommitmentRecommendation]=""Committed"") | REFERENCES: $ Total Migration Pipe Last Week -> M_SLG_Migration + [$ AVD Pipe Last Week] + [$ AVS Pipe Last Week] + [$ Linux Pipe Last Week] + [$ Azure SQL Pipe Last Week] + [$ Windows GPC Pipe Last Week]",0.2,No qualified references - simpler measure,0.2,,0.4,,0.4,,1.0,0.8,0.5,critical,1,RED,#FF0000
M_SLG_Migration,$ Total Migration Pipe WoW Change,[$ Total Migration Pipe] - [$ Total Migration Pipe Last Week],,No,,No,,Yes,"$ total migration pipe, $ total migration pipe last week",No,,"$ Total Migration Pipe WoW Change -> M_SLG_Migration + [$ Total Migration Pipe] - [$ Total Migration Pipe Last Week] | REFERENCES: $ Total Migration Pipe -> M_SLG_Migration + [$ AVD Pipe] + [$ AVS Pipe] + [$ Linux Pipe] + [$ Azure SQL Pipe] + [$ Windows GPC Pipe], $ Total Migration Pipe Last Week -> M_SLG_Migration + [$ AVD Pipe Last Week] + [$ AVS Pipe Last Week] + [$ Linux Pipe Last Week] + [$ Azure SQL Pipe Last Week] + [$ Windows GPC Pipe Last Week]",0.2,No qualified references - simpler measure,0.2,,0.4,,0.4,,1.0,0.8,0.5,critical,1,RED,#FF0000
M_SLG_Migration,$ Total Migration Committed Pipe WoW Change,[$ Total Migration Committed Pipe] - [$ Total Migration Committed Pipe Last Week],,No,,No,,Yes,"$ total migration committed pipe, $ total migration committed pipe last week",No,,"$ Total Migration Committed Pipe WoW Change -> M_SLG_Migration + [$ Total Migration Committed Pipe] - [$ Total Migration Committed Pipe Last Week] | REFERENCES: $ Total Migration Committed Pipe -> M_SLG_Migration + CALCULATE([$ Total Migration Pipe],SLG_EDU_MigrationPipe[CommitmentRecommendation]=""Committed""), $ Total Migration Committed Pipe Last Week -> M_SLG_Migration + CALCULATE([$ Total Migration Pipe Last Week],SLG_EDU_MigrationPipe[CommitmentRecommendation]=""Committed"")",0.2,No qualified references - simpler measure,0.2,,0.4,,0.4,,1.0,0.8,0.5,critical,1,RED,#FF0000
M_SLG_Migration,# AMMP Opps,"CALCULATE([# Migration Opportunities],SLG_EDU_MigrationPipe[AMMP_Opportunity]=""Y"")",,No,,No,,Yes,# migration opportunities,No,,"# AMMP Opps -> M_SLG_Migration + CALCULATE([# Migration Opportunities],SLG_EDU_MigrationPipe[AMMP_Opportunity]=""Y"") | REFERENCES: # Migration Opportunities -> M_SLG_Migration + DISTINCTCOUNT(SLG_EDU_MigrationPipe[OpportunityNumber])",0.2,No qualified references - simpler measure,0.0,"The abbreviation 'AMMP' is not explained in the context, making the measure name unclear.",0.0,"The abbreviation 'AMMP' is not defined, so the name does not clearly reflect the calculation.",0.0,The abbreviation 'AMMP' is cryptic and not self-explanatory.,0.0,0.0,0.0,critical,1,RED,#FF0000
M_SLG_Migration,# Target Accounts,DISTINCTCOUNT(SLG_MigrationECIDs[TPID]),,No,,No,,No,,No,,# Target Accounts -> M_SLG_Migration + DISTINCTCOUNT(SLG_MigrationECIDs[TPID]),0.2,No qualified references - simpler measure,0.2,,0.4,,0.4,,1.0,0.8,0.5,critical,1,RED,#FF0000
M_SLG_Migration,# SA Opps,"CALCULATE([# Migration Opportunities],SLG_EDU_MigrationPipe[SA_Opportunity]=""Y"")",,No,,No,,Yes,# migration opportunities,No,,"# SA Opps -> M_SLG_Migration + CALCULATE([# Migration Opportunities],SLG_EDU_MigrationPipe[SA_Opportunity]=""Y"") | REFERENCES: # Migration Opportunities -> M_SLG_Migration + DISTINCTCOUNT(SLG_EDU_MigrationPipe[OpportunityNumber])",0.2,No qualified references - simpler measure,0.0,"The abbreviation 'SA' is not explained in the context, making the measure name unclear.",0.0,"The abbreviation 'SA' is not defined, so the name does not clearly reflect the calculation.",0.0,The abbreviation 'SA' is cryptic and not self-explanatory.,0.0,0.0,0.0,critical,1,RED,#FF0000
M_SLG_Migration,# Migration Milestones,COUNT(MigrationMilestoneDetails[MilestoneNumber]),,No,,No,,No,,No,,# Migration Milestones -> M_SLG_Migration + COUNT(MigrationMilestoneDetails[MilestoneNumber]),0.2,No qualified references - simpler measure,0.2,,0.4,,0.4,,1.0,0.8,0.5,critical,1,RED,#FF0000
M_Defender,$ Servers ACR,"CALCULATE(M_ACR[$ ACR],FILTER('Distinct ServiceLevel4','Distinct ServiceLevel4'[ServiceLevel2]=""Virtual Machines""))",,No,,Yes,$ acr,Yes,$ acr,Yes,"Please use unqualified measures references i.e., [Measure Name] instead of Fully Qualified reference i.e., Table[MeasureName] or 'Table'[MeasureName]. Referenced measures: $ acr","$ Servers ACR -> M_Defender + CALCULATE(M_ACR[$ ACR],FILTER('Distinct ServiceLevel4','Distinct ServiceLevel4'[ServiceLevel2]=""Virtual Machines"")) | REFERENCES: $ ACR -> M_ACR + VAR CY = SUM(ACR_CY[AzureConsumedRevenue])
VAR PY = SUM(ACR_PY[AzureConsumedRevenue])
VAR A = CY + PY
VAR S = IF(ISFILTERED(DimCustomer[TPAccountName]),BLANK(),SUM(ACR_Summarized[AzureConsumedRevenue]))
VAR SelectedView = SELECTEDVALUE(DimViewType[ViewType])
RETURN
SWITCH(SelectedView,""Non-Curated"",S,A)",0.0,Has qualified references - complex measure,0.0,"The abbreviation 'ACR' is not explained in the context, making the measure name unclear.",0.0,"The abbreviation 'ACR' is not defined, so the name does not clearly reflect the calculation.",0.0,The abbreviation 'ACR' is cryptic and not self-explanatory.,0.0,0.0,0.0,critical,1,RED,#FF0000
M_Defender,$ Defender for Servers ACR,"CALCULATE([$ ACR],'Distinct ServiceLevel4'[ServiceLevel4]=""Microsoft Defender for Servers"")",,No,,No,,Yes,$ acr,Yes,,"$ Defender for Servers ACR -> M_Defender + CALCULATE([$ ACR],'Distinct ServiceLevel4'[ServiceLevel4]=""Microsoft Defender for Servers"") | REFERENCES: $ ACR -> M_ACR + VAR CY = SUM(ACR_CY[AzureConsumedRevenue])
VAR PY = SUM(ACR_PY[AzureConsumedRevenue])
VAR A = CY + PY
VAR S = IF(ISFILTERED(DimCustomer[TPAccountName]),BLANK(),SUM(ACR_Summarized[AzureConsumedRevenue]))
VAR SelectedView = SELECTEDVALUE(DimViewType[ViewType])
RETURN
SWITCH(SelectedView,""Non-Curated"",S,A)",0.2,No qualified references - simpler measure,0.0,"The abbreviation 'ACR' is not explained in the context, making the measure name unclear.",0.0,"The abbreviation 'ACR' is not defined, so the name does not clearly reflect the calculation.",0.0,The abbreviation 'ACR' is cryptic and not self-explanatory.,0.0,0.0,0.0,critical,1,RED,#FF0000
M_Defender,% Defender for Servers ACR of Total Servers ACR,"VAR Defender = [$ Servers ACR] * 0.08
RETURN
DIVIDE(M_Defender[$ Defender for Servers ACR] , [$ Servers ACR])",,No,,Yes,$ defender for servers acr,Yes,"$ defender for servers acr, $ servers acr",No,"Please use unqualified measures references i.e., [Measure Name] instead of Fully Qualified reference i.e., Table[MeasureName] or 'Table'[MeasureName]. Referenced measures: $ defender for servers acr","% Defender for Servers ACR of Total Servers ACR -> M_Defender + VAR Defender = [$ Servers ACR] * 0.08
RETURN
DIVIDE(M_Defender[$ Defender for Servers ACR] , [$ Servers ACR]) | REFERENCES: $ Defender for Servers ACR -> M_Defender + CALCULATE([$ ACR],'Distinct ServiceLevel4'[ServiceLevel4]=""Microsoft Defender for Servers""), $ Servers ACR -> M_Defender + CALCULATE(M_ACR[$ ACR],FILTER('Distinct ServiceLevel4','Distinct ServiceLevel4'[ServiceLevel2]=""Virtual Machines""))",0.0,Has qualified references - complex measure,0.0,"The abbreviation 'ACR' is not explained in the context, making the measure name unclear.",0.0,"The abbreviation 'ACR' is not defined, so the name does not clearly reflect the calculation.",0.0,The abbreviation 'ACR' is cryptic and not self-explanatory.,0.0,0.0,0.0,critical,1,RED,#FF0000
M_Defender,$ Defender for Storage ACR,"CALCULATE([$ ACR],'Distinct ServiceLevel4'[ServiceLevel4] in {""Microsoft Defender for Storage"",""Microsoft Defender for Storage Malware Scanning""})",,No,,No,,Yes,$ acr,Yes,,"$ Defender for Storage ACR -> M_Defender + CALCULATE([$ ACR],'Distinct ServiceLevel4'[ServiceLevel4] in {""Microsoft Defender for Storage"",""Microsoft Defender for Storage Malware Scanning""}) | REFERENCES: $ ACR -> M_ACR + VAR CY = SUM(ACR_CY[AzureConsumedRevenue])
VAR PY = SUM(ACR_PY[AzureConsumedRevenue])
VAR A = CY + PY
VAR S = IF(ISFILTERED(DimCustomer[TPAccountName]),BLANK(),SUM(ACR_Summarized[AzureConsumedRevenue]))
VAR SelectedView = SELECTEDVALUE(DimViewType[ViewType])
RETURN
SWITCH(SelectedView,""Non-Curated"",S,A)",0.2,No qualified references - simpler measure,0.0,"The abbreviation 'ACR' is not explained in the context, making the measure name unclear.",0.0,"The abbreviation 'ACR' is not defined, so the name does not clearly reflect the calculation.",0.0,The abbreviation 'ACR' is cryptic and not self-explanatory.,0.0,0.0,0.0,critical,1,RED,#FF0000
M_Defender,$ Defender for CSPM ACR,"CALCULATE([$ ACR],'Distinct ServiceLevel4'[ServiceLevel4]=""Microsoft Defender CSPM"")",,No,,No,,Yes,$ acr,Yes,,"$ Defender for CSPM ACR -> M_Defender + CALCULATE([$ ACR],'Distinct ServiceLevel4'[ServiceLevel4]=""Microsoft Defender CSPM"") | REFERENCES: $ ACR -> M_ACR + VAR CY = SUM(ACR_CY[AzureConsumedRevenue])
VAR PY = SUM(ACR_PY[AzureConsumedRevenue])
VAR A = CY + PY
VAR S = IF(ISFILTERED(DimCustomer[TPAccountName]),BLANK(),SUM(ACR_Summarized[AzureConsumedRevenue]))
VAR SelectedView = SELECTEDVALUE(DimViewType[ViewType])
RETURN
SWITCH(SelectedView,""Non-Curated"",S,A)",0.2,No qualified references - simpler measure,0.0,"The abbreviation 'ACR' is not explained in the context, making the measure name unclear.",0.0,"The abbreviation 'ACR' is not defined, so the name does not clearly reflect the calculation.",0.0,The abbreviation 'ACR' is cryptic and not self-explanatory.,0.0,0.0,0.0,critical,1,RED,#FF0000
M_Defender,$ Defender for App Service ACR,"CALCULATE([$ ACR],'Distinct ServiceLevel4'[ServiceLevel4]=""Microsoft Defender for App Service"")",,No,,No,,Yes,$ acr,Yes,,"$ Defender for App Service ACR -> M_Defender + CALCULATE([$ ACR],'Distinct ServiceLevel4'[ServiceLevel4]=""Microsoft Defender for App Service"") | REFERENCES: $ ACR -> M_ACR + VAR CY = SUM(ACR_CY[AzureConsumedRevenue])
VAR PY = SUM(ACR_PY[AzureConsumedRevenue])
VAR A = CY + PY
VAR S = IF(ISFILTERED(DimCustomer[TPAccountName]),BLANK(),SUM(ACR_Summarized[AzureConsumedRevenue]))
VAR SelectedView = SELECTEDVALUE(DimViewType[ViewType])
RETURN
SWITCH(SelectedView,""Non-Curated"",S,A)",0.2,No qualified references - simpler measure,0.0,"The abbreviation 'ACR' is not explained in the context, making the measure name unclear.",0.0,"The abbreviation 'ACR' is not defined, so the name does not clearly reflect the calculation.",0.0,The abbreviation 'ACR' is cryptic and not self-explanatory.,0.0,0.0,0.0,critical,1,RED,#FF0000
M_Defender,$ Defender for Containers ACR,"CALCULATE([$ ACR],'Distinct ServiceLevel4'[ServiceLevel4] in {""Microsoft Defender for Container Registries"",""Microsoft Defender for Containers"",""Microsoft Defender for Kubernetes""})",,No,,No,,Yes,$ acr,Yes,,"$ Defender for Containers ACR -> M_Defender + CALCULATE([$ ACR],'Distinct ServiceLevel4'[ServiceLevel4] in {""Microsoft Defender for Container Registries"",""Microsoft Defender for Containers"",""Microsoft Defender for Kubernetes""}) | REFERENCES: $ ACR -> M_ACR + VAR CY = SUM(ACR_CY[AzureConsumedRevenue])
VAR PY = SUM(ACR_PY[AzureConsumedRevenue])
VAR A = CY + PY
VAR S = IF(ISFILTERED(DimCustomer[TPAccountName]),BLANK(),SUM(ACR_Summarized[AzureConsumedRevenue]))
VAR SelectedView = SELECTEDVALUE(DimViewType[ViewType])
RETURN
SWITCH(SelectedView,""Non-Curated"",S,A)",0.2,No qualified references - simpler measure,0.0,"The abbreviation 'ACR' is not explained in the context, making the measure name unclear.",0.0,"The abbreviation 'ACR' is not defined, so the name does not clearly reflect the calculation.",0.0,The abbreviation 'ACR' is cryptic and not self-explanatory.,0.0,0.0,0.0,critical,1,RED,#FF0000
M_Defender,$ Defender for SQL ACR,"CALCULATE([$ ACR],'Distinct ServiceLevel4'[ServiceLevel4]=""Microsoft Defender for SQL"")",,No,,No,,Yes,$ acr,Yes,,"$ Defender for SQL ACR -> M_Defender + CALCULATE([$ ACR],'Distinct ServiceLevel4'[ServiceLevel4]=""Microsoft Defender for SQL"") | REFERENCES: $ ACR -> M_ACR + VAR CY = SUM(ACR_CY[AzureConsumedRevenue])
VAR PY = SUM(ACR_PY[AzureConsumedRevenue])
VAR A = CY + PY
VAR S = IF(ISFILTERED(DimCustomer[TPAccountName]),BLANK(),SUM(ACR_Summarized[AzureConsumedRevenue]))
VAR SelectedView = SELECTEDVALUE(DimViewType[ViewType])
RETURN
SWITCH(SelectedView,""Non-Curated"",S,A)",0.2,No qualified references - simpler measure,0.2,,0.4,,0.0,The abbreviation 'ACR' is not self-explanatory and could confuse users unfamiliar with the term.,0.6,0.4,0.30000000000000004,critical,1,RED,#FF0000
M_Defender,$ Defender for OSS DBs ACR,"CALCULATE([$ ACR],'Distinct ServiceLevel4'[ServiceLevel4] in {""Microsoft Defender for MariaDB"",""Microsoft Defender for MySQL"",""Microsoft Defender for PostgreSQL""})",,No,,No,,Yes,$ acr,Yes,,"$ Defender for OSS DBs ACR -> M_Defender + CALCULATE([$ ACR],'Distinct ServiceLevel4'[ServiceLevel4] in {""Microsoft Defender for MariaDB"",""Microsoft Defender for MySQL"",""Microsoft Defender for PostgreSQL""}) | REFERENCES: $ ACR -> M_ACR + VAR CY = SUM(ACR_CY[AzureConsumedRevenue])
VAR PY = SUM(ACR_PY[AzureConsumedRevenue])
VAR A = CY + PY
VAR S = IF(ISFILTERED(DimCustomer[TPAccountName]),BLANK(),SUM(ACR_Summarized[AzureConsumedRevenue]))
VAR SelectedView = SELECTEDVALUE(DimViewType[ViewType])
RETURN
SWITCH(SelectedView,""Non-Curated"",S,A)",0.2,No qualified references - simpler measure,0.2,,0.4,,0.0,The abbreviation 'ACR' is not self-explanatory and could confuse users unfamiliar with the term.,0.6,0.4,0.30000000000000004,critical,1,RED,#FF0000
M_Defender,$ Defender for Cosmos DB ACR,"CALCULATE([$ ACR],'Distinct ServiceLevel4'[ServiceLevel4]=""Microsoft Defender for Azure Cosmos DB"")",,No,,No,,Yes,$ acr,Yes,,"$ Defender for Cosmos DB ACR -> M_Defender + CALCULATE([$ ACR],'Distinct ServiceLevel4'[ServiceLevel4]=""Microsoft Defender for Azure Cosmos DB"") | REFERENCES: $ ACR -> M_ACR + VAR CY = SUM(ACR_CY[AzureConsumedRevenue])
VAR PY = SUM(ACR_PY[AzureConsumedRevenue])
VAR A = CY + PY
VAR S = IF(ISFILTERED(DimCustomer[TPAccountName]),BLANK(),SUM(ACR_Summarized[AzureConsumedRevenue]))
VAR SelectedView = SELECTEDVALUE(DimViewType[ViewType])
RETURN
SWITCH(SelectedView,""Non-Curated"",S,A)",0.2,No qualified references - simpler measure,0.2,,0.4,,0.0,The abbreviation 'ACR' is not self-explanatory and could confuse users unfamiliar with the term.,0.6,0.4,0.30000000000000004,critical,1,RED,#FF0000
M_Defender,$ Defender for APIM ACR,"CALCULATE([$ ACR],'Distinct ServiceLevel4'[ServiceLevel4]=""Defender for APIs"")",,No,,No,,Yes,$ acr,Yes,,"$ Defender for APIM ACR -> M_Defender + CALCULATE([$ ACR],'Distinct ServiceLevel4'[ServiceLevel4]=""Defender for APIs"") | REFERENCES: $ ACR -> M_ACR + VAR CY = SUM(ACR_CY[AzureConsumedRevenue])
VAR PY = SUM(ACR_PY[AzureConsumedRevenue])
VAR A = CY + PY
VAR S = IF(ISFILTERED(DimCustomer[TPAccountName]),BLANK(),SUM(ACR_Summarized[AzureConsumedRevenue]))
VAR SelectedView = SELECTEDVALUE(DimViewType[ViewType])
RETURN
SWITCH(SelectedView,""Non-Curated"",S,A)",0.2,No qualified references - simpler measure,0.2,,0.4,,0.0,The abbreviation 'APIM' and 'ACR' are not self-explanatory and could confuse users unfamiliar with the terms.,0.6,0.4,0.30000000000000004,critical,1,RED,#FF0000
M_Defender,$ Storage ACR,"CALCULATE(M_ACR[$ ACR],'Distinct ServiceLevel4'[ServiceLevel4] in {""Blob Features""
,""Blob Storage""
,""General Block Blob""
,""General Block Blob v2""
,""General Block Blob v2 Hierarchical Namespace""
,""Premium Block Blob""
,""Premium Block Blob v2 Hierarchical Namespace""
,""Premium Page Blob""
,""Standard Page Blob""
,""Standard Page Blob v2""
,""Azure Data Lake Storage Gen2 Flat Namespace""
,""Files""
,""Files v2""
,""Premium Files""
,""Azure Data Lake Storage Gen2 Hierarchical Namespace""})",,No,,Yes,$ acr,Yes,$ acr,Yes,"Please use unqualified measures references i.e., [Measure Name] instead of Fully Qualified reference i.e., Table[MeasureName] or 'Table'[MeasureName]. Referenced measures: $ acr","$ Storage ACR -> M_Defender + CALCULATE(M_ACR[$ ACR],'Distinct ServiceLevel4'[ServiceLevel4] in {""Blob Features""
,""Blob Storage""
,""General Block Blob""
,""General Block Blob v2""
,""General Block Blob v2 Hierarchical Namespace""
,""Premium Block Blob""
,""Premium Block Blob v2 Hierarchical Namespace""
,""Premium Page Blob""
,""Standard Page Blob""
,""Standard Page Blob v2""
,""Azure Data Lake Storage Gen2 Flat Namespace""
,""Files""
,""Files v2""
,""Premium Files""
,""Azure Data Lake Storage Gen2 Hierarchical Namespace""}) | REFERENCES: $ ACR -> M_ACR + VAR CY = SUM(ACR_CY[AzureConsumedRevenue])
VAR PY = SUM(ACR_PY[AzureConsumedRevenue])
VAR A = CY + PY
VAR S = IF(ISFILTERED(DimCustomer[TPAccountName]),BLANK(),SUM(ACR_Summarized[AzureConsumedRevenue]))
VAR SelectedView = SELECTEDVALUE(DimViewType[ViewType])
RETURN
SWITCH(SelectedView,""Non-Curated"",S,A)",0.0,Has qualified references - complex measure,0.2,,0.4,,0.0,The abbreviation 'ACR' is not self-explanatory and could confuse users unfamiliar with the term.,0.6,0.4,0.30000000000000004,critical,1,RED,#FF0000
M_Defender,$ Containers ACR,"VAR A = CALCULATE(M_ACR[$ ACR],FILTER('Distinct ServiceLevel4','Distinct ServiceLevel4'[ServiceLevel2] in {""Azure Kubernetes Service"",""AKS on Azure Stack HCI"",""Container Registry""}))
VAR B = CALCULATE(M_ACR[$ ACR],FILTER('Distinct ServiceLevel4','Distinct ServiceLevel4'[ServiceLevel2] in {""Virtual Machines"",""Virtual Machines Licenses""}),FILTER('Distinct ServiceInfluencer','Distinct ServiceInfluencer'[ServiceInfluencer]=""AZURE RED HAT OPENSHIFT""))
RETURN
A + B",,No,,Yes,$ acr,Yes,$ acr,Yes,"Please use unqualified measures references i.e., [Measure Name] instead of Fully Qualified reference i.e., Table[MeasureName] or 'Table'[MeasureName]. Referenced measures: $ acr","$ Containers ACR -> M_Defender + VAR A = CALCULATE(M_ACR[$ ACR],FILTER('Distinct ServiceLevel4','Distinct ServiceLevel4'[ServiceLevel2] in {""Azure Kubernetes Service"",""AKS on Azure Stack HCI"",""Container Registry""}))
VAR B = CALCULATE(M_ACR[$ ACR],FILTER('Distinct ServiceLevel4','Distinct ServiceLevel4'[ServiceLevel2] in {""Virtual Machines"",""Virtual Machines Licenses""}),FILTER('Distinct ServiceInfluencer','Distinct ServiceInfluencer'[ServiceInfluencer]=""AZURE RED HAT OPENSHIFT""))
RETURN
A + B | REFERENCES: $ ACR -> M_ACR + VAR CY = SUM(ACR_CY[AzureConsumedRevenue])
VAR PY = SUM(ACR_PY[AzureConsumedRevenue])
VAR A = CY + PY
VAR S = IF(ISFILTERED(DimCustomer[TPAccountName]),BLANK(),SUM(ACR_Summarized[AzureConsumedRevenue]))
VAR SelectedView = SELECTEDVALUE(DimViewType[ViewType])
RETURN
SWITCH(SelectedView,""Non-Curated"",S,A)",0.0,Has qualified references - complex measure,0.2,,0.4,,0.0,The abbreviation 'ACR' is not self-explanatory and could confuse users unfamiliar with the term.,0.6,0.4,0.30000000000000004,critical,1,RED,#FF0000
M_Defender,$ App Service ACR,"CALCULATE(M_ACR[$ ACR],FILTER('Distinct ServiceLevel4','Distinct ServiceLevel4'[ServiceLevel2]=""Azure App Service""))",,No,,Yes,$ acr,Yes,$ acr,Yes,"Please use unqualified measures references i.e., [Measure Name] instead of Fully Qualified reference i.e., Table[MeasureName] or 'Table'[MeasureName]. Referenced measures: $ acr","$ App Service ACR -> M_Defender + CALCULATE(M_ACR[$ ACR],FILTER('Distinct ServiceLevel4','Distinct ServiceLevel4'[ServiceLevel2]=""Azure App Service"")) | REFERENCES: $ ACR -> M_ACR + VAR CY = SUM(ACR_CY[AzureConsumedRevenue])
VAR PY = SUM(ACR_PY[AzureConsumedRevenue])
VAR A = CY + PY
VAR S = IF(ISFILTERED(DimCustomer[TPAccountName]),BLANK(),SUM(ACR_Summarized[AzureConsumedRevenue]))
VAR SelectedView = SELECTEDVALUE(DimViewType[ViewType])
RETURN
SWITCH(SelectedView,""Non-Curated"",S,A)",0.0,Has qualified references - complex measure,0.2,,0.4,,0.0,The abbreviation 'ACR' is not self-explanatory and could confuse users unfamiliar with the term.,0.6,0.4,0.30000000000000004,critical,1,RED,#FF0000
M_Defender,$ SQL DBs ACR,"CALCULATE(M_ACR[$ ACR],FILTER('Distinct ServiceLevel4','Distinct ServiceLevel4'[ServiceLevel2] in {""SQL Database"",""SQL Managed Instance""}))",,No,,Yes,$ acr,Yes,$ acr,Yes,"Please use unqualified measures references i.e., [Measure Name] instead of Fully Qualified reference i.e., Table[MeasureName] or 'Table'[MeasureName]. Referenced measures: $ acr","$ SQL DBs ACR -> M_Defender + CALCULATE(M_ACR[$ ACR],FILTER('Distinct ServiceLevel4','Distinct ServiceLevel4'[ServiceLevel2] in {""SQL Database"",""SQL Managed Instance""})) | REFERENCES: $ ACR -> M_ACR + VAR CY = SUM(ACR_CY[AzureConsumedRevenue])
VAR PY = SUM(ACR_PY[AzureConsumedRevenue])
VAR A = CY + PY
VAR S = IF(ISFILTERED(DimCustomer[TPAccountName]),BLANK(),SUM(ACR_Summarized[AzureConsumedRevenue]))
VAR SelectedView = SELECTEDVALUE(DimViewType[ViewType])
RETURN
SWITCH(SelectedView,""Non-Curated"",S,A)",0.0,Has qualified references - complex measure,0.2,,0.4,,0.0,The abbreviation 'ACR' is not self-explanatory and could confuse users unfamiliar with the term.,0.6,0.4,0.30000000000000004,critical,1,RED,#FF0000
M_Defender,$ CSPM ACR,"CALCULATE(M_ACR[$ ACR],FILTER('Distinct ServiceLevel4','Distinct ServiceLevel4'[ServiceLevel2] in {""SQL Database"",""SQL Managed Instance"",""Virtual Machines"",""Storage"",""Azure Database for MariaDB"",""Azure Database for MySQL"",""Azure Database for PostgreSQL"",""Azure Synapse Analytics""}), NOT 'Distinct ServiceLevel4'[ServiceLevel4] in {""Blob Features""
,""Blob Storage""
,""General Block Blob""
,""General Block Blob v2""
,""General Block Blob v2 Hierarchical Namespace""
,""Premium Block Blob""
,""Premium Block Blob v2 Hierarchical Namespace""
,""Premium Page Blob""
,""Standard Page Blob""
,""Standard Page Blob v2""
,""Azure Data Lake Storage Gen2 Flat Namespace""
,""Files""
,""Files v2""
,""Premium Files""
,""Azure Data Lake Storage Gen2 Hierarchical Namespace""})",,No,,Yes,$ acr,Yes,$ acr,Yes,"Please use unqualified measures references i.e., [Measure Name] instead of Fully Qualified reference i.e., Table[MeasureName] or 'Table'[MeasureName]. Referenced measures: $ acr","$ CSPM ACR -> M_Defender + CALCULATE(M_ACR[$ ACR],FILTER('Distinct ServiceLevel4','Distinct ServiceLevel4'[ServiceLevel2] in {""SQL Database"",""SQL Managed Instance"",""Virtual Machines"",""Storage"",""Azure Database for MariaDB"",""Azure Database for MySQL"",""Azure Database for PostgreSQL"",""Azure Synapse Analytics""}), NOT 'Distinct ServiceLevel4'[ServiceLevel4] in {""Blob Features""
,""Blob Storage""
,""General Block Blob""
,""General Block Blob v2""
,""General Block Blob v2 Hierarchical Namespace""
,""Premium Block Blob""
,""Premium Block Blob v2 Hierarchical Namespace""
,""Premium Page Blob""
,""Standard Page Blob""
,""Standard Page Blob v2""
,""Azure Data Lake Storage Gen2 Flat Namespace""
,""Files""
,""Files v2""
,""Premium Files""
,""Azure Data Lake Storage Gen2 Hierarchical Namespace""}) | REFERENCES: $ ACR -> M_ACR + VAR CY = SUM(ACR_CY[AzureConsumedRevenue])
VAR PY = SUM(ACR_PY[AzureConsumedRevenue])
VAR A = CY + PY
VAR S = IF(ISFILTERED(DimCustomer[TPAccountName]),BLANK(),SUM(ACR_Summarized[AzureConsumedRevenue]))
VAR SelectedView = SELECTEDVALUE(DimViewType[ViewType])
RETURN
SWITCH(SelectedView,""Non-Curated"",S,A)",0.0,Has qualified references - complex measure,0.0,The term 'CSPM' is not self-explanatory even with the context provided.,0.0,"The name does not clearly reflect the calculation, as 'CSPM' is not defined or explained in the context.",0.0,The abbreviation 'CSPM' is not self-explanatory and could confuse users unfamiliar with the term.,0.0,0.0,0.0,critical,1,RED,#FF0000
M_Defender,$ APIM ACR,"CALCULATE(M_ACR[$ ACR],FILTER('Distinct ServiceLevel4','Distinct ServiceLevel4'[ServiceLevel2]=""API Management""))",,No,,Yes,$ acr,Yes,$ acr,Yes,"Please use unqualified measures references i.e., [Measure Name] instead of Fully Qualified reference i.e., Table[MeasureName] or 'Table'[MeasureName]. Referenced measures: $ acr","$ APIM ACR -> M_Defender + CALCULATE(M_ACR[$ ACR],FILTER('Distinct ServiceLevel4','Distinct ServiceLevel4'[ServiceLevel2]=""API Management"")) | REFERENCES: $ ACR -> M_ACR + VAR CY = SUM(ACR_CY[AzureConsumedRevenue])
VAR PY = SUM(ACR_PY[AzureConsumedRevenue])
VAR A = CY + PY
VAR S = IF(ISFILTERED(DimCustomer[TPAccountName]),BLANK(),SUM(ACR_Summarized[AzureConsumedRevenue]))
VAR SelectedView = SELECTEDVALUE(DimViewType[ViewType])
RETURN
SWITCH(SelectedView,""Non-Curated"",S,A)",0.0,Has qualified references - complex measure,0.2,,0.4,,0.0,The abbreviation 'APIM' and 'ACR' are not self-explanatory and could confuse users unfamiliar with the terms.,0.6,0.4,0.30000000000000004,critical,1,RED,#FF0000
M_Defender,$ Cosmos DB ACR,"CALCULATE(M_ACR[$ ACR],FILTER('Distinct ServiceLevel4','Distinct ServiceLevel4'[ServiceLevel2]=""Azure Cosmos DB""))",,No,,Yes,$ acr,Yes,$ acr,Yes,"Please use unqualified measures references i.e., [Measure Name] instead of Fully Qualified reference i.e., Table[MeasureName] or 'Table'[MeasureName]. Referenced measures: $ acr","$ Cosmos DB ACR -> M_Defender + CALCULATE(M_ACR[$ ACR],FILTER('Distinct ServiceLevel4','Distinct ServiceLevel4'[ServiceLevel2]=""Azure Cosmos DB"")) | REFERENCES: $ ACR -> M_ACR + VAR CY = SUM(ACR_CY[AzureConsumedRevenue])
VAR PY = SUM(ACR_PY[AzureConsumedRevenue])
VAR A = CY + PY
VAR S = IF(ISFILTERED(DimCustomer[TPAccountName]),BLANK(),SUM(ACR_Summarized[AzureConsumedRevenue]))
VAR SelectedView = SELECTEDVALUE(DimViewType[ViewType])
RETURN
SWITCH(SelectedView,""Non-Curated"",S,A)",0.0,Has qualified references - complex measure,0.2,,0.4,,0.0,The abbreviation 'ACR' is not self-explanatory and could confuse users unfamiliar with the term.,0.6,0.4,0.30000000000000004,critical,1,RED,#FF0000
M_Defender,$ OSS DBs ACR,"CALCULATE(M_ACR[$ ACR],FILTER('Distinct ServiceLevel4','Distinct ServiceLevel4'[ServiceLevel2] in {""Azure Database for MariaDB"",""Azure Database for MySQL"",""Azure Database for PostgreSQL""}))",,No,,Yes,$ acr,Yes,$ acr,Yes,"Please use unqualified measures references i.e., [Measure Name] instead of Fully Qualified reference i.e., Table[MeasureName] or 'Table'[MeasureName]. Referenced measures: $ acr","$ OSS DBs ACR -> M_Defender + CALCULATE(M_ACR[$ ACR],FILTER('Distinct ServiceLevel4','Distinct ServiceLevel4'[ServiceLevel2] in {""Azure Database for MariaDB"",""Azure Database for MySQL"",""Azure Database for PostgreSQL""})) | REFERENCES: $ ACR -> M_ACR + VAR CY = SUM(ACR_CY[AzureConsumedRevenue])
VAR PY = SUM(ACR_PY[AzureConsumedRevenue])
VAR A = CY + PY
VAR S = IF(ISFILTERED(DimCustomer[TPAccountName]),BLANK(),SUM(ACR_Summarized[AzureConsumedRevenue]))
VAR SelectedView = SELECTEDVALUE(DimViewType[ViewType])
RETURN
SWITCH(SelectedView,""Non-Curated"",S,A)",0.0,Has qualified references - complex measure,0.2,,0.4,,0.0,The abbreviation 'ACR' is not self-explanatory and could confuse users unfamiliar with the term.,0.6,0.4,0.30000000000000004,critical,1,RED,#FF0000
M_Defender,% Defender for Containers ACR of Total Containers ACR,"VAR Defender = [$ Containers ACR] * 0.08
RETURN
DIVIDE(M_Defender[$ Defender for Containers ACR] , [$ Containers ACR])",,No,,Yes,$ defender for containers acr,Yes,"$ containers acr, $ defender for containers acr",No,"Please use unqualified measures references i.e., [Measure Name] instead of Fully Qualified reference i.e., Table[MeasureName] or 'Table'[MeasureName]. Referenced measures: $ defender for containers acr","% Defender for Containers ACR of Total Containers ACR -> M_Defender + VAR Defender = [$ Containers ACR] * 0.08
RETURN
DIVIDE(M_Defender[$ Defender for Containers ACR] , [$ Containers ACR]) | REFERENCES: $ Containers ACR -> M_Defender + VAR A = CALCULATE(M_ACR[$ ACR],FILTER('Distinct ServiceLevel4','Distinct ServiceLevel4'[ServiceLevel2] in {""Azure Kubernetes Service"",""AKS on Azure Stack HCI"",""Container Registry""}))
VAR B = CALCULATE(M_ACR[$ ACR],FILTER('Distinct ServiceLevel4','Distinct ServiceLevel4'[ServiceLevel2] in {""Virtual Machines"",""Virtual Machines Licenses""}),FILTER('Distinct ServiceInfluencer','Distinct ServiceInfluencer'[ServiceInfluencer]=""AZURE RED HAT OPENSHIFT""))
RETURN
A + B, $ Defender for Containers ACR -> M_Defender + CALCULATE([$ ACR],'Distinct ServiceLevel4'[ServiceLevel4] in {""Microsoft Defender for Container Registries"",""Microsoft Defender for Containers"",""Microsoft Defender for Kubernetes""})",0.0,Has qualified references - complex measure,0.2,,0.4,,0.0,The abbreviation 'ACR' is not self-explanatory and could confuse users unfamiliar with the term.,0.6,0.4,0.30000000000000004,critical,1,RED,#FF0000
M_Defender,% Defender for SQL ACR of Total SQL DBs ACR,"VAR Defender = [$ SQL DBs ACR] * 0.08
RETURN
DIVIDE(M_Defender[$ Defender for SQL ACR] , [$ SQL DBs ACR])",,No,,Yes,$ defender for sql acr,Yes,"$ defender for sql acr, $ sql dbs acr",No,"Please use unqualified measures references i.e., [Measure Name] instead of Fully Qualified reference i.e., Table[MeasureName] or 'Table'[MeasureName]. Referenced measures: $ defender for sql acr","% Defender for SQL ACR of Total SQL DBs ACR -> M_Defender + VAR Defender = [$ SQL DBs ACR] * 0.08
RETURN
DIVIDE(M_Defender[$ Defender for SQL ACR] , [$ SQL DBs ACR]) | REFERENCES: $ Defender for SQL ACR -> M_Defender + CALCULATE([$ ACR],'Distinct ServiceLevel4'[ServiceLevel4]=""Microsoft Defender for SQL""), $ SQL DBs ACR -> M_Defender + CALCULATE(M_ACR[$ ACR],FILTER('Distinct ServiceLevel4','Distinct ServiceLevel4'[ServiceLevel2] in {""SQL Database"",""SQL Managed Instance""}))",0.0,Has qualified references - complex measure,0.2,,0.4,,0.0,The abbreviation 'ACR' is not self-explanatory and could confuse users unfamiliar with the term.,0.6,0.4,0.30000000000000004,critical,1,RED,#FF0000
M_Defender,% Defender for App Service ACR of Total App Service ACR,"VAR Defender = [$ App Service ACR] * 0.08
RETURN
DIVIDE(M_Defender[$ Defender for App Service ACR] , [$ App Service ACR])",,No,,Yes,$ defender for app service acr,Yes,"$ app service acr, $ defender for app service acr",No,"Please use unqualified measures references i.e., [Measure Name] instead of Fully Qualified reference i.e., Table[MeasureName] or 'Table'[MeasureName]. Referenced measures: $ defender for app service acr","% Defender for App Service ACR of Total App Service ACR -> M_Defender + VAR Defender = [$ App Service ACR] * 0.08
RETURN
DIVIDE(M_Defender[$ Defender for App Service ACR] , [$ App Service ACR]) | REFERENCES: $ App Service ACR -> M_Defender + CALCULATE(M_ACR[$ ACR],FILTER('Distinct ServiceLevel4','Distinct ServiceLevel4'[ServiceLevel2]=""Azure App Service"")), $ Defender for App Service ACR -> M_Defender + CALCULATE([$ ACR],'Distinct ServiceLevel4'[ServiceLevel4]=""Microsoft Defender for App Service"")",0.0,Has qualified references - complex measure,0.2,,0.4,,0.0,The abbreviation 'ACR' is not self-explanatory and could confuse users unfamiliar with the term.,0.6,0.4,0.30000000000000004,critical,1,RED,#FF0000
M_Defender,% Defender for APIM ACR of Total APIM ACR,"VAR Defender = [$ APIM ACR] * 0.08
RETURN
DIVIDE(M_Defender[$ Defender for APIM ACR] , [$ APIM ACR])",,No,,Yes,$ defender for apim acr,Yes,"$ apim acr, $ defender for apim acr",No,"Please use unqualified measures references i.e., [Measure Name] instead of Fully Qualified reference i.e., Table[MeasureName] or 'Table'[MeasureName]. Referenced measures: $ defender for apim acr","% Defender for APIM ACR of Total APIM ACR -> M_Defender + VAR Defender = [$ APIM ACR] * 0.08
RETURN
DIVIDE(M_Defender[$ Defender for APIM ACR] , [$ APIM ACR]) | REFERENCES: $ APIM ACR -> M_Defender + CALCULATE(M_ACR[$ ACR],FILTER('Distinct ServiceLevel4','Distinct ServiceLevel4'[ServiceLevel2]=""API Management"")), $ Defender for APIM ACR -> M_Defender + CALCULATE([$ ACR],'Distinct ServiceLevel4'[ServiceLevel4]=""Defender for APIs"")",0.0,Has qualified references - complex measure,0.2,,0.4,,0.0,The abbreviation 'APIM' is not self-explanatory and could confuse users unfamiliar with the term.,0.6,0.4,0.30000000000000004,critical,1,RED,#FF0000
M_Defender,% Defender for CSPM ACR of Total CSPM ACR,"VAR Defender = [$ CSPM ACR] * 0.08
RETURN
DIVIDE(M_Defender[$ Defender for CSPM ACR] , [$ CSPM ACR])",,No,,Yes,$ defender for cspm acr,Yes,"$ cspm acr, $ defender for cspm acr",No,"Please use unqualified measures references i.e., [Measure Name] instead of Fully Qualified reference i.e., Table[MeasureName] or 'Table'[MeasureName]. Referenced measures: $ defender for cspm acr","% Defender for CSPM ACR of Total CSPM ACR -> M_Defender + VAR Defender = [$ CSPM ACR] * 0.08
RETURN
DIVIDE(M_Defender[$ Defender for CSPM ACR] , [$ CSPM ACR]) | REFERENCES: $ CSPM ACR -> M_Defender + CALCULATE(M_ACR[$ ACR],FILTER('Distinct ServiceLevel4','Distinct ServiceLevel4'[ServiceLevel2] in {""SQL Database"",""SQL Managed Instance"",""Virtual Machines"",""Storage"",""Azure Database for MariaDB"",""Azure Database for MySQL"",""Azure Database for PostgreSQL"",""Azure Synapse Analytics""}), NOT 'Distinct ServiceLevel4'[ServiceLevel4] in {""Blob Features""
,""Blob Storage""
,""General Block Blob""
,""General Block Blob v2""
,""General Block Blob v2 Hierarchical Namespace""
,""Premium Block Blob""
,""Premium Block Blob v2 Hierarchical Namespace""
,""Premium Page Blob""
,""Standard Page Blob""
,""Standard Page Blob v2""
,""Azure Data Lake Storage Gen2 Flat Namespace""
,""Files""
,""Files v2""
,""Premium Files""
,""Azure Data Lake Storage Gen2 Hierarchical Namespace""}), $ Defender for CSPM ACR -> M_Defender + CALCULATE([$ ACR],'Distinct ServiceLevel4'[ServiceLevel4]=""Microsoft Defender CSPM"")",0.0,Has qualified references - complex measure,0.2,,0.4,,0.0,The abbreviation 'CSPM' is not self-explanatory and could confuse users unfamiliar with the term.,0.6,0.4,0.30000000000000004,critical,1,RED,#FF0000
M_Defender,% Defender for OSS DBs ACR of Total OSS DBs ACR,"VAR Defender = [$ OSS DBs ACR] * 0.08
RETURN
DIVIDE(M_Defender[$ Defender for OSS DBs ACR] , [$ OSS DBs ACR])",,No,,Yes,$ defender for oss dbs acr,Yes,"$ defender for oss dbs acr, $ oss dbs acr",No,"Please use unqualified measures references i.e., [Measure Name] instead of Fully Qualified reference i.e., Table[MeasureName] or 'Table'[MeasureName]. Referenced measures: $ defender for oss dbs acr","% Defender for OSS DBs ACR of Total OSS DBs ACR -> M_Defender + VAR Defender = [$ OSS DBs ACR] * 0.08
RETURN
DIVIDE(M_Defender[$ Defender for OSS DBs ACR] , [$ OSS DBs ACR]) | REFERENCES: $ Defender for OSS DBs ACR -> M_Defender + CALCULATE([$ ACR],'Distinct ServiceLevel4'[ServiceLevel4] in {""Microsoft Defender for MariaDB"",""Microsoft Defender for MySQL"",""Microsoft Defender for PostgreSQL""}), $ OSS DBs ACR -> M_Defender + CALCULATE(M_ACR[$ ACR],FILTER('Distinct ServiceLevel4','Distinct ServiceLevel4'[ServiceLevel2] in {""Azure Database for MariaDB"",""Azure Database for MySQL"",""Azure Database for PostgreSQL""}))",0.0,Has qualified references - complex measure,0.2,,0.4,,0.0,The abbreviation 'OSS DBs' is not self-explanatory and could confuse users unfamiliar with the term.,0.6,0.4,0.30000000000000004,critical,1,RED,#FF0000
M_Defender,% Defender for Storage ACR of Total Storage ACR,"VAR Defender = [$ Storage ACR] * 0.08
RETURN
DIVIDE(M_Defender[$ Defender for Storage ACR] , [$ Storage ACR])",,No,,Yes,$ defender for storage acr,Yes,"$ defender for storage acr, $ storage acr",No,"Please use unqualified measures references i.e., [Measure Name] instead of Fully Qualified reference i.e., Table[MeasureName] or 'Table'[MeasureName]. Referenced measures: $ defender for storage acr","% Defender for Storage ACR of Total Storage ACR -> M_Defender + VAR Defender = [$ Storage ACR] * 0.08
RETURN
DIVIDE(M_Defender[$ Defender for Storage ACR] , [$ Storage ACR]) | REFERENCES: $ Defender for Storage ACR -> M_Defender + CALCULATE([$ ACR],'Distinct ServiceLevel4'[ServiceLevel4] in {""Microsoft Defender for Storage"",""Microsoft Defender for Storage Malware Scanning""}), $ Storage ACR -> M_Defender + CALCULATE(M_ACR[$ ACR],'Distinct ServiceLevel4'[ServiceLevel4] in {""Blob Features""
,""Blob Storage""
,""General Block Blob""
,""General Block Blob v2""
,""General Block Blob v2 Hierarchical Namespace""
,""Premium Block Blob""
,""Premium Block Blob v2 Hierarchical Namespace""
,""Premium Page Blob""
,""Standard Page Blob""
,""Standard Page Blob v2""
,""Azure Data Lake Storage Gen2 Flat Namespace""
,""Files""
,""Files v2""
,""Premium Files""
,""Azure Data Lake Storage Gen2 Hierarchical Namespace""})",0.0,Has qualified references - complex measure,0.2,,0.4,,0.4,,1.0,0.8,0.5,critical,1,RED,#FF0000
M_Defender,% Defender for Cosmos DB ACR of Total Cosmos DB ACR,"VAR Defender = [$ Cosmos DB ACR] * 0.08
RETURN
DIVIDE(M_Defender[$ Defender for Cosmos DB ACR] , [$ Cosmos DB ACR])",,No,,Yes,$ defender for cosmos db acr,Yes,"$ cosmos db acr, $ defender for cosmos db acr",No,"Please use unqualified measures references i.e., [Measure Name] instead of Fully Qualified reference i.e., Table[MeasureName] or 'Table'[MeasureName]. Referenced measures: $ defender for cosmos db acr","% Defender for Cosmos DB ACR of Total Cosmos DB ACR -> M_Defender + VAR Defender = [$ Cosmos DB ACR] * 0.08
RETURN
DIVIDE(M_Defender[$ Defender for Cosmos DB ACR] , [$ Cosmos DB ACR]) | REFERENCES: $ Cosmos DB ACR -> M_Defender + CALCULATE(M_ACR[$ ACR],FILTER('Distinct ServiceLevel4','Distinct ServiceLevel4'[ServiceLevel2]=""Azure Cosmos DB"")), $ Defender for Cosmos DB ACR -> M_Defender + CALCULATE([$ ACR],'Distinct ServiceLevel4'[ServiceLevel4]=""Microsoft Defender for Azure Cosmos DB"")",0.0,Has qualified references - complex measure,0.2,,0.4,,0.4,,1.0,0.8,0.5,critical,1,RED,#FF0000
M_Defender,$ Defender Avg Daily April 2024,"CALCULATE([$ Average Daily ACR],DimDate[FiscalMonth]=""FY24-Apr"",FILTER('Distinct SubStrategicPillar','Distinct SubStrategicPillar'[StrategicPillar]=""Defender for Cloud""))",,No,,No,,Yes,$ average daily acr,Yes,,"$ Defender Avg Daily April 2024 -> M_Defender + CALCULATE([$ Average Daily ACR],DimDate[FiscalMonth]=""FY24-Apr"",FILTER('Distinct SubStrategicPillar','Distinct SubStrategicPillar'[StrategicPillar]=""Defender for Cloud"")) | REFERENCES: $ Average Daily ACR -> M_ACR + 
VAR Days = [# Days in Month]
VAR DaysCurrent = DATEDIFF(CALCULATE(MAX(DimDate[MonthStartDate]),DimDate[IsCurrentAzureMonth]=1),TODAY(),DAY)
VAR ACR = M_ACR[$ ACR]
VAR SelectedMonth = [DATE - Latest Selected Month]
VAR AzureDate = CALCULATE(MAX(DimSourceRefreshDetails[SourceLastRefreshedDate]), DimSourceRefreshDetails[DataCategory]=""OCDM Azure Usage"")
VAR AzureCurrentM = [DATE - Azure Current Month]
VAR Today = TODAY()
VAR AzureLastClosed = M_Date[DATE - Last Closed Azure Month]
VAR CurrentMonthFY = M_Date[DATE + 1 Month After Last Closed Azure Month]
VAR SourceDate = CALCULATE(MAX(DimSourceRefreshDetails[SourceLastRefreshedDate]),DimSourceRefreshDetails[DataCategory]=""AzureDateGrain"")
VAR DaysSource = DATEDIFF(CALCULATE(MAX(DimDate[MonthStartDate]),DimDate[IsCurrentAzureMonth]=1),SourceDate,DAY)
VAR DaysSourceFY = DATEDIFF(CALCULATE(MAX(DimDate[MonthStartDate]),DimDate[CreateDate]=CurrentMonthFY),SourceDate,DAY)
RETURN
IF(SelectedMonth = AzureCurrentM,DIVIDE(ACR, DaysSource),IF(SelectedMonth > AzureLastClosed,BLANK(),DIVIDE(ACR, Days)))
--IF(SelectedMonth > AzureCurrentM,DIVIDE(ACR, DaysSourceFY),IF(SelectedMonth > AzureLastClosed,BLANK(),DIVIDE(ACR, Days)))",0.2,No qualified references - simpler measure,0.2,,0.4,,0.0,The abbreviation 'Avg' is not fully spelled out and could be unclear to some users.,0.6,0.4,0.30000000000000004,critical,1,RED,#FF0000
M_Defender,$ Defender Avg Daily LCM,"CALCULATE([$ Average Daily ACR],DimDate[IsLastAzureClosedMonth]=1,FILTER('Distinct SubStrategicPillar','Distinct SubStrategicPillar'[StrategicPillar]=""Defender for Cloud""))",,No,,No,,Yes,$ average daily acr,Yes,,"$ Defender Avg Daily LCM -> M_Defender + CALCULATE([$ Average Daily ACR],DimDate[IsLastAzureClosedMonth]=1,FILTER('Distinct SubStrategicPillar','Distinct SubStrategicPillar'[StrategicPillar]=""Defender for Cloud"")) | REFERENCES: $ Average Daily ACR -> M_ACR + 
VAR Days = [# Days in Month]
VAR DaysCurrent = DATEDIFF(CALCULATE(MAX(DimDate[MonthStartDate]),DimDate[IsCurrentAzureMonth]=1),TODAY(),DAY)
VAR ACR = M_ACR[$ ACR]
VAR SelectedMonth = [DATE - Latest Selected Month]
VAR AzureDate = CALCULATE(MAX(DimSourceRefreshDetails[SourceLastRefreshedDate]), DimSourceRefreshDetails[DataCategory]=""OCDM Azure Usage"")
VAR AzureCurrentM = [DATE - Azure Current Month]
VAR Today = TODAY()
VAR AzureLastClosed = M_Date[DATE - Last Closed Azure Month]
VAR CurrentMonthFY = M_Date[DATE + 1 Month After Last Closed Azure Month]
VAR SourceDate = CALCULATE(MAX(DimSourceRefreshDetails[SourceLastRefreshedDate]),DimSourceRefreshDetails[DataCategory]=""AzureDateGrain"")
VAR DaysSource = DATEDIFF(CALCULATE(MAX(DimDate[MonthStartDate]),DimDate[IsCurrentAzureMonth]=1),SourceDate,DAY)
VAR DaysSourceFY = DATEDIFF(CALCULATE(MAX(DimDate[MonthStartDate]),DimDate[CreateDate]=CurrentMonthFY),SourceDate,DAY)
RETURN
IF(SelectedMonth = AzureCurrentM,DIVIDE(ACR, DaysSource),IF(SelectedMonth > AzureLastClosed,BLANK(),DIVIDE(ACR, Days)))
--IF(SelectedMonth > AzureCurrentM,DIVIDE(ACR, DaysSourceFY),IF(SelectedMonth > AzureLastClosed,BLANK(),DIVIDE(ACR, Days)))",0.2,No qualified references - simpler measure,0.0,The term 'LCM' is not explained in the context and is unclear.,0.0,"The name does not clarify what 'LCM' refers to, making it unclear how it relates to the calculation.",0.0,The abbreviation 'LCM' is not self-explanatory.,0.0,0.0,0.0,critical,1,RED,#FF0000
M_Defender,% Defender Avg Daily Growth (LCM compared to April 2024),"VAR G = M_Defender[$ Defender Avg Daily LCM] - M_Defender[$ Defender Avg Daily April 2024]
RETURN
DIVIDE(G , M_Defender[$ Defender Avg Daily April 2024])",,No,,Yes,"$ defender avg daily april 2024, $ defender avg daily lcm",Yes,"$ defender avg daily april 2024, $ defender avg daily lcm",No,"Please use unqualified measures references i.e., [Measure Name] instead of Fully Qualified reference i.e., Table[MeasureName] or 'Table'[MeasureName]. Referenced measures: $ defender avg daily april 2024, $ defender avg daily lcm","% Defender Avg Daily Growth (LCM compared to April 2024) -> M_Defender + VAR G = M_Defender[$ Defender Avg Daily LCM] - M_Defender[$ Defender Avg Daily April 2024]
RETURN
DIVIDE(G , M_Defender[$ Defender Avg Daily April 2024]) | REFERENCES: $ Defender Avg Daily April 2024 -> M_Defender + CALCULATE([$ Average Daily ACR],DimDate[FiscalMonth]=""FY24-Apr"",FILTER('Distinct SubStrategicPillar','Distinct SubStrategicPillar'[StrategicPillar]=""Defender for Cloud"")), $ Defender Avg Daily LCM -> M_Defender + CALCULATE([$ Average Daily ACR],DimDate[IsLastAzureClosedMonth]=1,FILTER('Distinct SubStrategicPillar','Distinct SubStrategicPillar'[StrategicPillar]=""Defender for Cloud""))",0.0,Has qualified references - complex measure,0.0,The term 'LCM' is not explained in the context and is unclear.,0.0,"The name does not clarify what 'LCM' refers to, making it unclear how it relates to the calculation.",0.0,The abbreviation 'LCM' is not self-explanatory.,0.0,0.0,0.0,critical,1,RED,#FF0000
M_Defender,$ Total Defender for Cloud ACR,"CALCULATE([$ ACR],FILTER('Distinct ServiceLevel4','Distinct ServiceLevel4'[ServiceLevel2]=""Microsoft Defender for Cloud""))",,No,,No,,Yes,$ acr,Yes,,"$ Total Defender for Cloud ACR -> M_Defender + CALCULATE([$ ACR],FILTER('Distinct ServiceLevel4','Distinct ServiceLevel4'[ServiceLevel2]=""Microsoft Defender for Cloud"")) | REFERENCES: $ ACR -> M_ACR + VAR CY = SUM(ACR_CY[AzureConsumedRevenue])
VAR PY = SUM(ACR_PY[AzureConsumedRevenue])
VAR A = CY + PY
VAR S = IF(ISFILTERED(DimCustomer[TPAccountName]),BLANK(),SUM(ACR_Summarized[AzureConsumedRevenue]))
VAR SelectedView = SELECTEDVALUE(DimViewType[ViewType])
RETURN
SWITCH(SelectedView,""Non-Curated"",S,A)",0.2,No qualified references - simpler measure,0.2,,0.4,,0.4,,1.0,0.8,0.5,critical,1,RED,#FF0000
M_Defender,$ Total ACR to Defend,"VAR A = CALCULATE([$ ACR],FILTER('Distinct ServiceLevel4','Distinct ServiceLevel4'[ServiceLevel2] in {
    ""Virtual Machines"",
    ""Azure Kubernetes Service"",
    ""AKS on Azure Stack HCI"",
    ""Container Registry"",
    ""Azure App Service"",
    ""SQL Database"",
    ""SQL Managed Instance"",
    ""Storage"",
    ""Azure Database for MariaDB"",
    ""Azure Database for MySQL"",
    ""Azure Database for PostgreSQL"",
    ""Azure Synapse Analytics"",
    ""API Management"",
    ""Azure Cosmos DB"",
    ""Key Vault"",
    ""Azure DNS""}))
VAR B = CALCULATE([$ ACR],FILTER('Distinct ServiceLevel4','Distinct ServiceLevel4'[ServiceLevel4]=""Azure OpenAI""))
RETURN
A + B",,No,,No,,Yes,$ acr,Yes,,"$ Total ACR to Defend -> M_Defender + VAR A = CALCULATE([$ ACR],FILTER('Distinct ServiceLevel4','Distinct ServiceLevel4'[ServiceLevel2] in {
    ""Virtual Machines"",
    ""Azure Kubernetes Service"",
    ""AKS on Azure Stack HCI"",
    ""Container Registry"",
    ""Azure App Service"",
    ""SQL Database"",
    ""SQL Managed Instance"",
    ""Storage"",
    ""Azure Database for MariaDB"",
    ""Azure Database for MySQL"",
    ""Azure Database for PostgreSQL"",
    ""Azure Synapse Analytics"",
    ""API Management"",
    ""Azure Cosmos DB"",
    ""Key Vault"",
    ""Azure DNS""}))
VAR B = CALCULATE([$ ACR],FILTER('Distinct ServiceLevel4','Distinct ServiceLevel4'[ServiceLevel4]=""Azure OpenAI""))
RETURN
A + B | REFERENCES: $ ACR -> M_ACR + VAR CY = SUM(ACR_CY[AzureConsumedRevenue])
VAR PY = SUM(ACR_PY[AzureConsumedRevenue])
VAR A = CY + PY
VAR S = IF(ISFILTERED(DimCustomer[TPAccountName]),BLANK(),SUM(ACR_Summarized[AzureConsumedRevenue]))
VAR SelectedView = SELECTEDVALUE(DimViewType[ViewType])
RETURN
SWITCH(SelectedView,""Non-Curated"",S,A)",0.2,No qualified references - simpler measure,0.2,,0.4,,0.4,,1.0,0.8,0.5,critical,1,RED,#FF0000
M_Defender,% Defender ACR of Total ACR to Defend,"DIVIDE([$ Total Defender for Cloud ACR] , [$ Total ACR to Defend])",,No,,No,,Yes,"$ total acr to defend, $ total defender for cloud acr",Yes,,"% Defender ACR of Total ACR to Defend -> M_Defender + DIVIDE([$ Total Defender for Cloud ACR] , [$ Total ACR to Defend]) | REFERENCES: $ Total ACR to Defend -> M_Defender + VAR A = CALCULATE([$ ACR],FILTER('Distinct ServiceLevel4','Distinct ServiceLevel4'[ServiceLevel2] in {
    ""Virtual Machines"",
    ""Azure Kubernetes Service"",
    ""AKS on Azure Stack HCI"",
    ""Container Registry"",
    ""Azure App Service"",
    ""SQL Database"",
    ""SQL Managed Instance"",
    ""Storage"",
    ""Azure Database for MariaDB"",
    ""Azure Database for MySQL"",
    ""Azure Database for PostgreSQL"",
    ""Azure Synapse Analytics"",
    ""API Management"",
    ""Azure Cosmos DB"",
    ""Key Vault"",
    ""Azure DNS""}))
VAR B = CALCULATE([$ ACR],FILTER('Distinct ServiceLevel4','Distinct ServiceLevel4'[ServiceLevel4]=""Azure OpenAI""))
RETURN
A + B, $ Total Defender for Cloud ACR -> M_Defender + CALCULATE([$ ACR],FILTER('Distinct ServiceLevel4','Distinct ServiceLevel4'[ServiceLevel2]=""Microsoft Defender for Cloud""))",0.2,No qualified references - simpler measure,0.2,,0.4,,0.4,,1.0,0.8,0.5,critical,1,RED,#FF0000
M_Defender,% ACR Defended Baseline (May 2024),"CALCULATE([% Defender ACR of Total ACR to Defend],ALL(DimDate),DimDate[FiscalMonth]=""FY24-May"")",,No,,No,,Yes,% defender acr of total acr to defend,Yes,,"% ACR Defended Baseline (May 2024) -> M_Defender + CALCULATE([% Defender ACR of Total ACR to Defend],ALL(DimDate),DimDate[FiscalMonth]=""FY24-May"") | REFERENCES: % Defender ACR of Total ACR to Defend -> M_Defender + DIVIDE([$ Total Defender for Cloud ACR] , [$ Total ACR to Defend])",0.2,No qualified references - simpler measure,0.2,,0.4,,0.4,,1.0,0.8,0.5,critical,1,RED,#FF0000
M_Defender,% ACR Defended LCM,"CALCULATE([% Defender ACR of Total ACR to Defend],ALL(DimDate),DimDate[IsLastAzureClosedMonth]=1)",,No,,No,,Yes,% defender acr of total acr to defend,Yes,,"% ACR Defended LCM -> M_Defender + CALCULATE([% Defender ACR of Total ACR to Defend],ALL(DimDate),DimDate[IsLastAzureClosedMonth]=1) | REFERENCES: % Defender ACR of Total ACR to Defend -> M_Defender + DIVIDE([$ Total Defender for Cloud ACR] , [$ Total ACR to Defend])",0.2,No qualified references - simpler measure,0.0,The term 'LCM' is not explained in the context and is unclear.,0.0,"The name does not clarify what 'LCM' refers to, making it unclear how it relates to the calculation.",0.0,The abbreviation 'LCM' is not self-explanatory.,0.0,0.0,0.0,critical,1,RED,#FF0000
M_Defender,Incremental Growth on ACR Defended,[% ACR Defended LCM] - [% ACR Defended Baseline (May 2024)],,No,,No,,Yes,"% acr defended baseline (may 2024), % acr defended lcm",No,,"Incremental Growth on ACR Defended -> M_Defender + [% ACR Defended LCM] - [% ACR Defended Baseline (May 2024)] | REFERENCES: % ACR Defended Baseline (May 2024) -> M_Defender + CALCULATE([% Defender ACR of Total ACR to Defend],ALL(DimDate),DimDate[FiscalMonth]=""FY24-May""), % ACR Defended LCM -> M_Defender + CALCULATE([% Defender ACR of Total ACR to Defend],ALL(DimDate),DimDate[IsLastAzureClosedMonth]=1)",0.2,No qualified references - simpler measure,0.2,,0.4,,0.4,,1.0,0.8,0.5,critical,1,RED,#FF0000
M_Defender,# Accounts w/ Defender Pipe,"CALCULATE(COUNTX(FILTER(SUMMARIZE(DimCustomer,DimCustomer[TPID],""Pipe"",[$ Defender Pipe]),[Pipe]>0),DimCustomer[TPID]))",,No,,No,,Yes,$ defender pipe,No,,"# Accounts w/ Defender Pipe -> M_Defender + CALCULATE(COUNTX(FILTER(SUMMARIZE(DimCustomer,DimCustomer[TPID],""Pipe"",[$ Defender Pipe]),[Pipe]>0),DimCustomer[TPID])) | REFERENCES: $ Defender Pipe -> M_Pipe + CALCULATE([$ ACR Pipe All],FILTER(F_AzureConsumptionPipe,F_AzureConsumptionPipe[StrategicPillar]=""Defender for Cloud""))",0.2,No qualified references - simpler measure,0.0,The term 'Defender Pipe' is not explained in the context and is unclear.,0.0,"The name does not clarify what 'Defender Pipe' refers to, making it unclear how it relates to the calculation.",0.0,The abbreviation 'w/' is not self-explanatory.,0.0,0.0,0.0,critical,1,RED,#FF0000
M_Defender,# Accounts w/ Defender Stage 1 Pipe,"CALCULATE(COUNTX(FILTER(SUMMARIZE(DimCustomer,DimCustomer[TPID],""Pipe"",[$ Defender Stage 1 Pipe]),[Pipe]>0),DimCustomer[TPID]))",,No,,No,,Yes,$ defender stage 1 pipe,No,,"# Accounts w/ Defender Stage 1 Pipe -> M_Defender + CALCULATE(COUNTX(FILTER(SUMMARIZE(DimCustomer,DimCustomer[TPID],""Pipe"",[$ Defender Stage 1 Pipe]),[Pipe]>0),DimCustomer[TPID])) | REFERENCES: $ Defender Stage 1 Pipe -> M_Pipe + CALCULATE([$ Defender Pipe],FILTER(F_AzureConsumptionPipe,F_AzureConsumptionPipe[SalesStageName]=""Listen & Consult""))",0.2,No qualified references - simpler measure,0.0,The measure name does not clearly explain what 'Defender Stage 1 Pipe' refers to without additional context.,0.4,,0.0,"The abbreviation 'w/' is used, which is not self-explanatory.",0.4,0.4,0.2,critical,1,RED,#FF0000
M_Defender,# Accounts w/ Uncommitted Defender Pipe,"CALCULATE(COUNTX(FILTER(SUMMARIZE(DimCustomer,DimCustomer[TPID],""Pipe"",[$ Defender Uncommitted Qualified Pipe]),[Pipe]>0),DimCustomer[TPID]))",,No,,No,,Yes,$ defender uncommitted qualified pipe,No,,"# Accounts w/ Uncommitted Defender Pipe -> M_Defender + CALCULATE(COUNTX(FILTER(SUMMARIZE(DimCustomer,DimCustomer[TPID],""Pipe"",[$ Defender Uncommitted Qualified Pipe]),[Pipe]>0),DimCustomer[TPID])) | REFERENCES: $ Defender Uncommitted Qualified Pipe -> M_Pipe + CALCULATE([$ Defender Pipe], FILTER(F_AzureConsumptionPipe,F_AzureConsumptionPipe[SalesStageName]<>""Listen & Consult""),FILTER(F_AzureConsumptionPipe,F_AzureConsumptionPipe[CommitmentRecommendation]<>""Committed""))",0.2,No qualified references - simpler measure,0.0,The measure name does not clearly explain what 'Uncommitted Defender Pipe' refers to without additional context.,0.4,,0.0,"The abbreviation 'w/' is used, which is not self-explanatory.",0.4,0.4,0.2,critical,1,RED,#FF0000
M_Defender,# Accounts w/ Defender Committed Pipe,"CALCULATE(COUNTX(FILTER(SUMMARIZE(DimCustomer,DimCustomer[TPID],""Pipe"",[$ Defender Committed Qualified Pipe]),[Pipe]>0),DimCustomer[TPID]))",,No,,No,,Yes,$ defender committed qualified pipe,No,,"# Accounts w/ Defender Committed Pipe -> M_Defender + CALCULATE(COUNTX(FILTER(SUMMARIZE(DimCustomer,DimCustomer[TPID],""Pipe"",[$ Defender Committed Qualified Pipe]),[Pipe]>0),DimCustomer[TPID])) | REFERENCES: $ Defender Committed Qualified Pipe -> M_Pipe + CALCULATE([$ Defender Pipe], FILTER(F_AzureConsumptionPipe,F_AzureConsumptionPipe[SalesStageName]<>""Listen & Consult""),FILTER(F_AzureConsumptionPipe,F_AzureConsumptionPipe[CommitmentRecommendation]=""Committed""))",0.2,No qualified references - simpler measure,0.0,The measure name does not clearly explain what 'Defender Committed Pipe' refers to without additional context.,0.4,,0.0,"The abbreviation 'w/' is used, which is not self-explanatory.",0.4,0.4,0.2,critical,1,RED,#FF0000
M_Defender,$ Potential Defender ACR,[$ Total ACR to Defend] * 0.08,,No,,No,,Yes,$ total acr to defend,Yes,,"$ Potential Defender ACR -> M_Defender + [$ Total ACR to Defend] * 0.08 | REFERENCES: $ Total ACR to Defend -> M_Defender + VAR A = CALCULATE([$ ACR],FILTER('Distinct ServiceLevel4','Distinct ServiceLevel4'[ServiceLevel2] in {
    ""Virtual Machines"",
    ""Azure Kubernetes Service"",
    ""AKS on Azure Stack HCI"",
    ""Container Registry"",
    ""Azure App Service"",
    ""SQL Database"",
    ""SQL Managed Instance"",
    ""Storage"",
    ""Azure Database for MariaDB"",
    ""Azure Database for MySQL"",
    ""Azure Database for PostgreSQL"",
    ""Azure Synapse Analytics"",
    ""API Management"",
    ""Azure Cosmos DB"",
    ""Key Vault"",
    ""Azure DNS""}))
VAR B = CALCULATE([$ ACR],FILTER('Distinct ServiceLevel4','Distinct ServiceLevel4'[ServiceLevel4]=""Azure OpenAI""))
RETURN
A + B",0.2,No qualified references - simpler measure,0.0,The measure name does not clearly explain what 'Potential Defender ACR' refers to without additional context.,0.4,,0.4,,0.8,0.8,0.4,critical,1,RED,#FF0000
M_Defender,% Defender Coverage Whitespace from Baseline,0.08 - [% ACR Defended Baseline (May 2024)],,No,,No,,Yes,% acr defended baseline (may 2024),No,,"% Defender Coverage Whitespace from Baseline -> M_Defender + 0.08 - [% ACR Defended Baseline (May 2024)] | REFERENCES: % ACR Defended Baseline (May 2024) -> M_Defender + CALCULATE([% Defender ACR of Total ACR to Defend],ALL(DimDate),DimDate[FiscalMonth]=""FY24-May"")",0.2,No qualified references - simpler measure,0.0,The measure name does not clearly explain what 'Defender Coverage Whitespace' refers to without additional context.,0.4,,0.4,,0.8,0.8,0.4,critical,1,RED,#FF0000
M_Defender,$ Total Defender for Cloud ACR LCM,"CALCULATE([$ Total Defender for Cloud ACR], DimDate[IsLastAzureClosedMonth]=1)",,No,,No,,Yes,$ total defender for cloud acr,No,,"$ Total Defender for Cloud ACR LCM -> M_Defender + CALCULATE([$ Total Defender for Cloud ACR], DimDate[IsLastAzureClosedMonth]=1) | REFERENCES: $ Total Defender for Cloud ACR -> M_Defender + CALCULATE([$ ACR],FILTER('Distinct ServiceLevel4','Distinct ServiceLevel4'[ServiceLevel2]=""Microsoft Defender for Cloud""))",0.2,No qualified references - simpler measure,0.0,The measure name does not clearly explain what 'Defender for Cloud ACR LCM' refers to without additional context.,0.4,,0.4,,0.8,0.8,0.4,critical,1,RED,#FF0000
M_Defender,$ Total ACR to Defend LCM,"CALCULATE([$ Total ACR to Defend], DimDate[IsLastAzureClosedMonth]=1)",,No,,No,,Yes,$ total acr to defend,No,,"$ Total ACR to Defend LCM -> M_Defender + CALCULATE([$ Total ACR to Defend], DimDate[IsLastAzureClosedMonth]=1) | REFERENCES: $ Total ACR to Defend -> M_Defender + VAR A = CALCULATE([$ ACR],FILTER('Distinct ServiceLevel4','Distinct ServiceLevel4'[ServiceLevel2] in {
    ""Virtual Machines"",
    ""Azure Kubernetes Service"",
    ""AKS on Azure Stack HCI"",
    ""Container Registry"",
    ""Azure App Service"",
    ""SQL Database"",
    ""SQL Managed Instance"",
    ""Storage"",
    ""Azure Database for MariaDB"",
    ""Azure Database for MySQL"",
    ""Azure Database for PostgreSQL"",
    ""Azure Synapse Analytics"",
    ""API Management"",
    ""Azure Cosmos DB"",
    ""Key Vault"",
    ""Azure DNS""}))
VAR B = CALCULATE([$ ACR],FILTER('Distinct ServiceLevel4','Distinct ServiceLevel4'[ServiceLevel4]=""Azure OpenAI""))
RETURN
A + B",0.2,No qualified references - simpler measure,0.0,The measure name does not clearly explain what 'ACR to Defend LCM' refers to without additional context.,0.4,,0.4,,0.8,0.8,0.4,critical,1,RED,#FF0000
M_Defender,$ Potential Defender ACR LCM,"CALCULATE([$ Potential Defender ACR],DimDate[IsLastAzureClosedMonth]=1)",,No,,No,,Yes,$ potential defender acr,No,,"$ Potential Defender ACR LCM -> M_Defender + CALCULATE([$ Potential Defender ACR],DimDate[IsLastAzureClosedMonth]=1) | REFERENCES: $ Potential Defender ACR -> M_Defender + [$ Total ACR to Defend] * 0.08",0.2,No qualified references - simpler measure,0.0,The measure name does not clearly explain what 'Potential Defender ACR LCM' refers to without additional context.,0.4,,0.4,,0.8,0.8,0.4,critical,1,RED,#FF0000
M_Defender,% ACR Defended Current Open Month,"CALCULATE([% Defender ACR of Total ACR to Defend],DimDate[IsCurrentAzureMonth]=1)",,No,,No,,Yes,% defender acr of total acr to defend,No,,"% ACR Defended Current Open Month -> M_Defender + CALCULATE([% Defender ACR of Total ACR to Defend],DimDate[IsCurrentAzureMonth]=1) | REFERENCES: % Defender ACR of Total ACR to Defend -> M_Defender + DIVIDE([$ Total Defender for Cloud ACR] , [$ Total ACR to Defend])",0.2,No qualified references - simpler measure,0.0,The measure name does not clearly explain what 'ACR Defended Current Open Month' refers to without additional context.,0.4,,0.4,,0.8,0.8,0.4,critical,1,RED,#FF0000
M_Defender,Defender Coverage Title,"VAR LCM = MAX(DimDate[IsLastAzureClosedMonth])
VAR COM = MAX(DimDate[IsCurrentAzureMonth])
VAR A = ""Customer ACR by Azure Workloads and Defender Coverage   (Last Closed Month Only)""
VAR B = ""Customer ACR by Azure Workloads and Defender Coverage   (Current Open Month Only)""
RETURN
IF(LCM=1,A,B)",,No,,No,,No,,No,,"Defender Coverage Title -> M_Defender + VAR LCM = MAX(DimDate[IsLastAzureClosedMonth])
VAR COM = MAX(DimDate[IsCurrentAzureMonth])
VAR A = ""Customer ACR by Azure Workloads and Defender Coverage   (Last Closed Month Only)""
VAR B = ""Customer ACR by Azure Workloads and Defender Coverage   (Current Open Month Only)""
RETURN
IF(LCM=1,A,B)",0.2,No qualified references - simpler measure,0.2,,0.4,,0.4,,1.0,0.8,0.5,critical,1,RED,#FF0000
M_Defender,Defender Coverage with Subscriptions Title,"VAR LCM = MAX(DimDate[IsLastAzureClosedMonth])
VAR COM = MAX(DimDate[IsCurrentAzureMonth])
VAR A = ""Customer ACR Details with Subscriptions by Azure Workloads and Defender Coverage   (Last Closed Month Only)""
VAR B = ""Customer ACR Details with Subscriptions by Azure Workloads and Defender Coverage   (Current Open Month Only)""
RETURN
IF(LCM=1,A,B)",,No,,No,,No,,No,,"Defender Coverage with Subscriptions Title -> M_Defender + VAR LCM = MAX(DimDate[IsLastAzureClosedMonth])
VAR COM = MAX(DimDate[IsCurrentAzureMonth])
VAR A = ""Customer ACR Details with Subscriptions by Azure Workloads and Defender Coverage   (Last Closed Month Only)""
VAR B = ""Customer ACR Details with Subscriptions by Azure Workloads and Defender Coverage   (Current Open Month Only)""
RETURN
IF(LCM=1,A,B)",0.2,No qualified references - simpler measure,0.2,,0.4,,0.4,,1.0,0.8,0.5,critical,1,RED,#FF0000
M_Defender,# Defendable Subscriptions,SUM(DefendableSubscriptions[DefendableSubscription]),,No,,No,,No,,Yes,,# Defendable Subscriptions -> M_Defender + SUM(DefendableSubscriptions[DefendableSubscription]),0.2,No qualified references - simpler measure,0.2,,0.4,,0.4,,1.0,0.8,0.5,critical,1,RED,#FF0000
M_Defender,# Defended Subscriptions,SUM(DefendableSubscriptions[Defended Subscription]),,No,,No,,No,,Yes,,# Defended Subscriptions -> M_Defender + SUM(DefendableSubscriptions[Defended Subscription]),0.2,No qualified references - simpler measure,0.2,,0.4,,0.4,,1.0,0.8,0.5,critical,1,RED,#FF0000
M_Defender,# Defendable Subscriptions Snapshot,SUM(DefendableSubscriptions_Snapshot[DefendableSubscription]),,No,,No,,No,,Yes,,# Defendable Subscriptions Snapshot -> M_Defender + SUM(DefendableSubscriptions_Snapshot[DefendableSubscription]),0.2,No qualified references - simpler measure,0.2,,0.4,,0.4,,1.0,0.8,0.5,critical,1,RED,#FF0000
M_Defender,# Defended Subscriptions Snapshot,SUM(DefendableSubscriptions_Snapshot[DefendedSubscription]),,No,,No,,No,,Yes,,# Defended Subscriptions Snapshot -> M_Defender + SUM(DefendableSubscriptions_Snapshot[DefendedSubscription]),0.2,No qualified references - simpler measure,0.2,,0.4,,0.4,,1.0,0.8,0.5,critical,1,RED,#FF0000
M_Defender,% Subscriptions Defended Snapshot,"DIVIDE([# Defended Subscriptions Snapshot] , [# Defendable Subscriptions Snapshot])",,No,,No,,Yes,"# defendable subscriptions snapshot, # defended subscriptions snapshot",No,,"% Subscriptions Defended Snapshot -> M_Defender + DIVIDE([# Defended Subscriptions Snapshot] , [# Defendable Subscriptions Snapshot]) | REFERENCES: # Defendable Subscriptions Snapshot -> M_Defender + SUM(DefendableSubscriptions_Snapshot[DefendableSubscription]), # Defended Subscriptions Snapshot -> M_Defender + SUM(DefendableSubscriptions_Snapshot[DefendedSubscription])",0.2,No qualified references - simpler measure,0.2,,0.4,,0.4,,1.0,0.8,0.5,critical,1,RED,#FF0000
M_Defender,Selected BatchID Row,MAX('Distinct BatchID_DefenderSnapshot'[RowNum]),,No,,No,,No,,Yes,,Selected BatchID Row -> M_Defender + MAX('Distinct BatchID_DefenderSnapshot'[RowNum]),0.2,No qualified references - simpler measure,0.0,The name does not clearly indicate what 'Selected BatchID Row' represents or calculates.,0.0,The name does not reflect that it calculates the maximum row number for a specific BatchID.,0.4,,0.4,0.4,0.2,critical,1,RED,#FF0000
M_Defender,Previous Selected BatchID Row,[Selected BatchID Row] - 1,,No,,No,,Yes,selected batchid row,Yes,,Previous Selected BatchID Row -> M_Defender + [Selected BatchID Row] - 1 | REFERENCES: Selected BatchID Row -> M_Defender + MAX('Distinct BatchID_DefenderSnapshot'[RowNum]),0.2,No qualified references - simpler measure,0.0,The name does not clearly indicate what 'Previous Selected BatchID Row' represents or calculates.,0.0,The name does not reflect that it calculates the previous row number by subtracting 1 from the selected BatchID row.,0.4,,0.4,0.4,0.2,critical,1,RED,#FF0000
M_Defender,Selected Defended Subscriptions,"VAR BatchID = [Selected BatchID Row]
VAR PrevBatchID = [Previous Selected BatchID Row]
VAR Subs = [# Defended Subscriptions Snapshot]
RETURN
CALCULATE(Subs,'Distinct BatchID_DefenderSnapshot'[RowNum]=BatchID)",,No,,No,,Yes,"# defended subscriptions snapshot, previous selected batchid row, selected batchid row",Yes,,"Selected Defended Subscriptions -> M_Defender + VAR BatchID = [Selected BatchID Row]
VAR PrevBatchID = [Previous Selected BatchID Row]
VAR Subs = [# Defended Subscriptions Snapshot]
RETURN
CALCULATE(Subs,'Distinct BatchID_DefenderSnapshot'[RowNum]=BatchID) | REFERENCES: # Defended Subscriptions Snapshot -> M_Defender + SUM(DefendableSubscriptions_Snapshot[DefendedSubscription]), Previous Selected BatchID Row -> M_Defender + [Selected BatchID Row] - 1, Selected BatchID Row -> M_Defender + MAX('Distinct BatchID_DefenderSnapshot'[RowNum])",0.2,No qualified references - simpler measure,0.0,The name does not clearly indicate that it calculates defended subscriptions for a specific BatchID.,0.0,The name does not reflect that it calculates defended subscriptions for the selected BatchID.,0.4,,0.4,0.4,0.2,critical,1,RED,#FF0000
M_Defender,Previous Selected Defended Subscriptions,"VAR BatchID = [Selected BatchID Row]
VAR PrevBatchID = [Previous Selected BatchID Row]
VAR Subs = [# Defended Subscriptions Snapshot]
RETURN
CALCULATE(Subs,'Distinct BatchID_DefenderSnapshot'[RowNum]=PrevBatchID)",,No,,No,,Yes,"# defended subscriptions snapshot, previous selected batchid row, selected batchid row",Yes,,"Previous Selected Defended Subscriptions -> M_Defender + VAR BatchID = [Selected BatchID Row]
VAR PrevBatchID = [Previous Selected BatchID Row]
VAR Subs = [# Defended Subscriptions Snapshot]
RETURN
CALCULATE(Subs,'Distinct BatchID_DefenderSnapshot'[RowNum]=PrevBatchID) | REFERENCES: # Defended Subscriptions Snapshot -> M_Defender + SUM(DefendableSubscriptions_Snapshot[DefendedSubscription]), Previous Selected BatchID Row -> M_Defender + [Selected BatchID Row] - 1, Selected BatchID Row -> M_Defender + MAX('Distinct BatchID_DefenderSnapshot'[RowNum])",0.2,No qualified references - simpler measure,0.0,The name does not clearly indicate that it calculates defended subscriptions for the previous BatchID.,0.0,The name does not reflect that it calculates defended subscriptions for the previous BatchID.,0.4,,0.4,0.4,0.2,critical,1,RED,#FF0000
M_Defender,# Defended Subscriptions Growth over Previous Snapshot,"VAR S = [Selected Defended Subscriptions] - [Previous Selected Defended Subscriptions]
RETURN
IF(ISBLANK([# Defended Subscriptions Snapshot]),BLANK(),S)",,No,,No,,Yes,"# defended subscriptions snapshot, previous selected defended subscriptions, selected defended subscriptions",No,,"# Defended Subscriptions Growth over Previous Snapshot -> M_Defender + VAR S = [Selected Defended Subscriptions] - [Previous Selected Defended Subscriptions]
RETURN
IF(ISBLANK([# Defended Subscriptions Snapshot]),BLANK(),S) | REFERENCES: # Defended Subscriptions Snapshot -> M_Defender + SUM(DefendableSubscriptions_Snapshot[DefendedSubscription]), Previous Selected Defended Subscriptions -> M_Defender + VAR BatchID = [Selected BatchID Row]
VAR PrevBatchID = [Previous Selected BatchID Row]
VAR Subs = [# Defended Subscriptions Snapshot]
RETURN
CALCULATE(Subs,'Distinct BatchID_DefenderSnapshot'[RowNum]=PrevBatchID), Selected Defended Subscriptions -> M_Defender + VAR BatchID = [Selected BatchID Row]
VAR PrevBatchID = [Previous Selected BatchID Row]
VAR Subs = [# Defended Subscriptions Snapshot]
RETURN
CALCULATE(Subs,'Distinct BatchID_DefenderSnapshot'[RowNum]=BatchID)",0.2,No qualified references - simpler measure,0.2,,0.4,,0.4,,1.0,0.8,0.5,critical,1,RED,#FF0000
M_Defender,CSAM Defender Subscription Title,"VAR LCM = MAX(DimDate[IsLastAzureClosedMonth])
VAR COM = MAX(DimDate[IsCurrentAzureMonth])
VAR A = ""# Defended Subscriptions and Potential Defender ACR by Account   (Last Closed Month Only)""
VAR B = ""# Defended Subscriptions and Potential Defender ACR by Account   (Current Open Month Only)""
RETURN
IF(LCM=1,A,B)",,No,,No,,No,,No,,"CSAM Defender Subscription Title -> M_Defender + VAR LCM = MAX(DimDate[IsLastAzureClosedMonth])
VAR COM = MAX(DimDate[IsCurrentAzureMonth])
VAR A = ""# Defended Subscriptions and Potential Defender ACR by Account   (Last Closed Month Only)""
VAR B = ""# Defended Subscriptions and Potential Defender ACR by Account   (Current Open Month Only)""
RETURN
IF(LCM=1,A,B)",0.2,No qualified references - simpler measure,0.2,,0.4,,0.4,,1.0,0.8,0.5,critical,1,RED,#FF0000
M_Defender,% Accounts w/ Defender Conversation Complete,"VAR A = CALCULATE(SUM(DefenderActivities[CompleteStatus]),DefendableAccounts[DefendableAccount]=1)
VAR B = SUM(DefendableAccounts[DefendableAccount])
RETURN
DIVIDE(A , B)",,No,,No,,No,,No,,"% Accounts w/ Defender Conversation Complete -> M_Defender + VAR A = CALCULATE(SUM(DefenderActivities[CompleteStatus]),DefendableAccounts[DefendableAccount]=1)
VAR B = SUM(DefendableAccounts[DefendableAccount])
RETURN
DIVIDE(A , B)",0.2,No qualified references - simpler measure,0.2,,0.4,,0.0,The abbreviation 'w/' is used in the measure name.,0.6,0.4,0.30000000000000004,critical,1,RED,#FF0000
M_Defender,Defender Conversation w/ Customer,MAX(DefenderActivities[Status]),,No,,No,,No,,No,,Defender Conversation w/ Customer -> M_Defender + MAX(DefenderActivities[Status]),0.2,No qualified references - simpler measure,0.2,,0.4,,0.0,The abbreviation 'w/' is used in the measure name.,0.6,0.4,0.30000000000000004,critical,1,RED,#FF0000
M_Defender,$ Defender ACR (Snapshot),SUM(DefendableSubscriptions_Snapshot[DefenderACR]),,No,,No,,No,,No,,$ Defender ACR (Snapshot) -> M_Defender + SUM(DefendableSubscriptions_Snapshot[DefenderACR]),0.2,No qualified references - simpler measure,0.2,,0.4,,0.4,,1.0,0.8,0.5,critical,1,RED,#FF0000
M_Defender,$ Defender ACR (sub),SUM(DefendableSubscriptions[DefenderACR]),,No,,No,,No,,No,,$ Defender ACR (sub) -> M_Defender + SUM(DefendableSubscriptions[DefenderACR]),0.2,No qualified references - simpler measure,0.0,The abbreviation '(sub)' is not clear in the context of the measure name.,0.0,The name does not clearly reflect that it calculates the sum of Defender ACR for subscriptions.,0.0,The abbreviation '(sub)' is used in the measure name.,0.0,0.0,0.0,critical,1,RED,#FF0000
M_Defender,$ Defendable ACR (sub),SUM(DefendableSubscriptions[DefendableACR]),,No,,No,,No,,Yes,,$ Defendable ACR (sub) -> M_Defender + SUM(DefendableSubscriptions[DefendableACR]),0.2,No qualified references - simpler measure,0.0,The abbreviation '(sub)' is not clear in the context of the measure name.,0.0,The name does not clearly reflect that it calculates the sum of Defendable ACR for subscriptions.,0.0,The abbreviation '(sub)' is used in the measure name.,0.0,0.0,0.0,critical,1,RED,#FF0000
M_Defender,$ Potential Defender ACR (sub),[$ Defendable ACR (sub)] * 0.08,,No,,No,,Yes,$ defendable acr (sub),No,,$ Potential Defender ACR (sub) -> M_Defender + [$ Defendable ACR (sub)] * 0.08 | REFERENCES: $ Defendable ACR (sub) -> M_Defender + SUM(DefendableSubscriptions[DefendableACR]),0.2,No qualified references - simpler measure,0.0,The abbreviation '(sub)' is not clear in the context of the measure name.,0.0,The name does not clearly reflect that it calculates 8% of Defendable ACR for subscriptions.,0.0,The abbreviation '(sub)' is used in the measure name.,0.0,0.0,0.0,critical,1,RED,#FF0000
M_Defender,% Subscriptions Defended,"DIVIDE([# Defended Subscriptions] , [# Defendable Subscriptions])",,No,,No,,Yes,"# defendable subscriptions, # defended subscriptions",No,,"% Subscriptions Defended -> M_Defender + DIVIDE([# Defended Subscriptions] , [# Defendable Subscriptions]) | REFERENCES: # Defendable Subscriptions -> M_Defender + SUM(DefendableSubscriptions[DefendableSubscription]), # Defended Subscriptions -> M_Defender + SUM(DefendableSubscriptions[Defended Subscription])",0.2,No qualified references - simpler measure,0.2,,0.4,,0.4,,1.0,0.8,0.5,critical,1,RED,#FF0000
M_Defender,$ Azure Firewall ACR,"CALCULATE([$ ACR],'Distinct ServiceLevel4'[ServiceLevel2] in {""Azure Firewall""})",,No,,No,,Yes,$ acr,Yes,,"$ Azure Firewall ACR -> M_Defender + CALCULATE([$ ACR],'Distinct ServiceLevel4'[ServiceLevel2] in {""Azure Firewall""}) | REFERENCES: $ ACR -> M_ACR + VAR CY = SUM(ACR_CY[AzureConsumedRevenue])
VAR PY = SUM(ACR_PY[AzureConsumedRevenue])
VAR A = CY + PY
VAR S = IF(ISFILTERED(DimCustomer[TPAccountName]),BLANK(),SUM(ACR_Summarized[AzureConsumedRevenue]))
VAR SelectedView = SELECTEDVALUE(DimViewType[ViewType])
RETURN
SWITCH(SelectedView,""Non-Curated"",S,A)",0.2,No qualified references - simpler measure,0.2,,0.4,,0.4,,1.0,0.8,0.5,critical,1,RED,#FF0000
M_Defender,$ Azure Front Door ACR,"CALCULATE([$ ACR],'Distinct ServiceLevel4'[ServiceLevel2] in {""Azure Front Door Service""})",,No,,No,,Yes,$ acr,Yes,,"$ Azure Front Door ACR -> M_Defender + CALCULATE([$ ACR],'Distinct ServiceLevel4'[ServiceLevel2] in {""Azure Front Door Service""}) | REFERENCES: $ ACR -> M_ACR + VAR CY = SUM(ACR_CY[AzureConsumedRevenue])
VAR PY = SUM(ACR_PY[AzureConsumedRevenue])
VAR A = CY + PY
VAR S = IF(ISFILTERED(DimCustomer[TPAccountName]),BLANK(),SUM(ACR_Summarized[AzureConsumedRevenue]))
VAR SelectedView = SELECTEDVALUE(DimViewType[ViewType])
RETURN
SWITCH(SelectedView,""Non-Curated"",S,A)",0.2,No qualified references - simpler measure,0.2,,0.4,,0.0,The abbreviation 'ACR' is not self-explanatory and could confuse users unfamiliar with its meaning.,0.6,0.4,0.30000000000000004,critical,1,RED,#FF0000
M_Defender,$ Azure DDOS ACR,"CALCULATE([$ ACR],'Distinct ServiceLevel4'[ServiceLevel2] in {""Azure DDOS Protection""})",,No,,No,,Yes,$ acr,Yes,,"$ Azure DDOS ACR -> M_Defender + CALCULATE([$ ACR],'Distinct ServiceLevel4'[ServiceLevel2] in {""Azure DDOS Protection""}) | REFERENCES: $ ACR -> M_ACR + VAR CY = SUM(ACR_CY[AzureConsumedRevenue])
VAR PY = SUM(ACR_PY[AzureConsumedRevenue])
VAR A = CY + PY
VAR S = IF(ISFILTERED(DimCustomer[TPAccountName]),BLANK(),SUM(ACR_Summarized[AzureConsumedRevenue]))
VAR SelectedView = SELECTEDVALUE(DimViewType[ViewType])
RETURN
SWITCH(SelectedView,""Non-Curated"",S,A)",0.2,No qualified references - simpler measure,0.2,,0.4,,0.0,The abbreviation 'ACR' is not self-explanatory and could confuse users unfamiliar with its meaning.,0.6,0.4,0.30000000000000004,critical,1,RED,#FF0000
M_Defender,$ Network Security ACR,"CALCULATE([$ ACR],'Distinct SubStrategicPillar'[StrategicPillar]=""Network Security + IAM"")",,No,,No,,Yes,$ acr,No,,"$ Network Security ACR -> M_Defender + CALCULATE([$ ACR],'Distinct SubStrategicPillar'[StrategicPillar]=""Network Security + IAM"") | REFERENCES: $ ACR -> M_ACR + VAR CY = SUM(ACR_CY[AzureConsumedRevenue])
VAR PY = SUM(ACR_PY[AzureConsumedRevenue])
VAR A = CY + PY
VAR S = IF(ISFILTERED(DimCustomer[TPAccountName]),BLANK(),SUM(ACR_Summarized[AzureConsumedRevenue]))
VAR SelectedView = SELECTEDVALUE(DimViewType[ViewType])
RETURN
SWITCH(SelectedView,""Non-Curated"",S,A)",0.2,No qualified references - simpler measure,0.2,,0.4,,0.0,The abbreviation 'ACR' is not self-explanatory and could confuse users unfamiliar with its meaning.,0.6,0.4,0.30000000000000004,critical,1,RED,#FF0000
M_Defender,$ WAF Application Gateway ACR,"CALCULATE([$ ACR],'Distinct ServiceLevel4'[ServiceLevel4] in {""WAF Application Gateway""})",,No,,No,,Yes,$ acr,No,,"$ WAF Application Gateway ACR -> M_Defender + CALCULATE([$ ACR],'Distinct ServiceLevel4'[ServiceLevel4] in {""WAF Application Gateway""}) | REFERENCES: $ ACR -> M_ACR + VAR CY = SUM(ACR_CY[AzureConsumedRevenue])
VAR PY = SUM(ACR_PY[AzureConsumedRevenue])
VAR A = CY + PY
VAR S = IF(ISFILTERED(DimCustomer[TPAccountName]),BLANK(),SUM(ACR_Summarized[AzureConsumedRevenue]))
VAR SelectedView = SELECTEDVALUE(DimViewType[ViewType])
RETURN
SWITCH(SelectedView,""Non-Curated"",S,A)",0.2,No qualified references - simpler measure,0.2,,0.4,,0.0,The abbreviation 'ACR' is not self-explanatory and could confuse users unfamiliar with its meaning.,0.6,0.4,0.30000000000000004,critical,1,RED,#FF0000
M_Defender,$ Defender for AI Services ACR,"CALCULATE([$ ACR],'Distinct ServiceLevel4'[ServiceLevel4]=""Microsoft Defender for AI Services"")",,No,,No,,Yes,$ acr,Yes,,"$ Defender for AI Services ACR -> M_Defender + CALCULATE([$ ACR],'Distinct ServiceLevel4'[ServiceLevel4]=""Microsoft Defender for AI Services"") | REFERENCES: $ ACR -> M_ACR + VAR CY = SUM(ACR_CY[AzureConsumedRevenue])
VAR PY = SUM(ACR_PY[AzureConsumedRevenue])
VAR A = CY + PY
VAR S = IF(ISFILTERED(DimCustomer[TPAccountName]),BLANK(),SUM(ACR_Summarized[AzureConsumedRevenue]))
VAR SelectedView = SELECTEDVALUE(DimViewType[ViewType])
RETURN
SWITCH(SelectedView,""Non-Curated"",S,A)",0.2,No qualified references - simpler measure,0.2,,0.4,,0.0,The abbreviation 'ACR' is not self-explanatory and could confuse users unfamiliar with its meaning.,0.6,0.4,0.30000000000000004,critical,1,RED,#FF0000
M_Defender,$ Azure OpenAI ACR,"CALCULATE(M_ACR[$ ACR],FILTER('Distinct ServiceLevel4','Distinct ServiceLevel4'[ServiceLevel4] in {""Azure OpenAI""}))",,No,,Yes,$ acr,Yes,$ acr,Yes,"Please use unqualified measures references i.e., [Measure Name] instead of Fully Qualified reference i.e., Table[MeasureName] or 'Table'[MeasureName]. Referenced measures: $ acr","$ Azure OpenAI ACR -> M_Defender + CALCULATE(M_ACR[$ ACR],FILTER('Distinct ServiceLevel4','Distinct ServiceLevel4'[ServiceLevel4] in {""Azure OpenAI""})) | REFERENCES: $ ACR -> M_ACR + VAR CY = SUM(ACR_CY[AzureConsumedRevenue])
VAR PY = SUM(ACR_PY[AzureConsumedRevenue])
VAR A = CY + PY
VAR S = IF(ISFILTERED(DimCustomer[TPAccountName]),BLANK(),SUM(ACR_Summarized[AzureConsumedRevenue]))
VAR SelectedView = SELECTEDVALUE(DimViewType[ViewType])
RETURN
SWITCH(SelectedView,""Non-Curated"",S,A)",0.0,Has qualified references - complex measure,0.2,,0.4,,0.0,The abbreviation 'ACR' is not self-explanatory and could confuse users unfamiliar with its meaning.,0.6,0.4,0.30000000000000004,critical,1,RED,#FF0000
M_Defender,% Defender for AI Services ACR of Total AI Services ACR,"VAR Defender = [$ Azure OpenAI ACR] * 0.08
RETURN
DIVIDE(M_Defender[$ Defender for AI Services ACR] , [$ Azure OpenAI ACR])",,No,,Yes,$ defender for ai services acr,Yes,"$ azure openai acr, $ defender for ai services acr",No,"Please use unqualified measures references i.e., [Measure Name] instead of Fully Qualified reference i.e., Table[MeasureName] or 'Table'[MeasureName]. Referenced measures: $ defender for ai services acr","% Defender for AI Services ACR of Total AI Services ACR -> M_Defender + VAR Defender = [$ Azure OpenAI ACR] * 0.08
RETURN
DIVIDE(M_Defender[$ Defender for AI Services ACR] , [$ Azure OpenAI ACR]) | REFERENCES: $ Azure OpenAI ACR -> M_Defender + CALCULATE(M_ACR[$ ACR],FILTER('Distinct ServiceLevel4','Distinct ServiceLevel4'[ServiceLevel4] in {""Azure OpenAI""})), $ Defender for AI Services ACR -> M_Defender + CALCULATE([$ ACR],'Distinct ServiceLevel4'[ServiceLevel4]=""Microsoft Defender for AI Services"")",0.0,Has qualified references - complex measure,0.2,,0.4,,0.0,The abbreviation 'ACR' is not self-explanatory and could confuse users unfamiliar with its meaning.,0.6,0.4,0.30000000000000004,critical,1,RED,#FF0000
M_Pipe,$ ACR Pipe All,"CALCULATE(SUM(F_AzureConsumptionPipe[EstUsage]),FILTER(F_AzureConsumptionPipe,NOT F_AzureConsumptionPipe[MileStoneStatus] IN {""Cancelled"",""Lost to Competitor"",""Hygiene/Duplicate""}), FILTER(F_AzureConsumptionPipe, NOT F_AzureConsumptionPipe[ConsumptionStatusReasonCombined] IN {""Closed - Pipeline Hygiene/Duplicate"",""Closed - Cancelled/Delayed"",""Closed - Lost"",""Closed - Cancelled by Customer""}))",,No,,No,,No,,Yes,,"$ ACR Pipe All -> M_Pipe + CALCULATE(SUM(F_AzureConsumptionPipe[EstUsage]),FILTER(F_AzureConsumptionPipe,NOT F_AzureConsumptionPipe[MileStoneStatus] IN {""Cancelled"",""Lost to Competitor"",""Hygiene/Duplicate""}), FILTER(F_AzureConsumptionPipe, NOT F_AzureConsumptionPipe[ConsumptionStatusReasonCombined] IN {""Closed - Pipeline Hygiene/Duplicate"",""Closed - Cancelled/Delayed"",""Closed - Lost"",""Closed - Cancelled by Customer""}))",0.2,No qualified references - simpler measure,0.2,,0.4,,0.0,The abbreviation 'ACR' is not self-explanatory and could confuse users unfamiliar with its meaning.,0.6,0.4,0.30000000000000004,critical,1,RED,#FF0000
M_Pipe,$ Defender Pipe,"CALCULATE([$ ACR Pipe All],FILTER(F_AzureConsumptionPipe,F_AzureConsumptionPipe[StrategicPillar]=""Defender for Cloud""))",,No,,No,,Yes,$ acr pipe all,Yes,,"$ Defender Pipe -> M_Pipe + CALCULATE([$ ACR Pipe All],FILTER(F_AzureConsumptionPipe,F_AzureConsumptionPipe[StrategicPillar]=""Defender for Cloud"")) | REFERENCES: $ ACR Pipe All -> M_Pipe + CALCULATE(SUM(F_AzureConsumptionPipe[EstUsage]),FILTER(F_AzureConsumptionPipe,NOT F_AzureConsumptionPipe[MileStoneStatus] IN {""Cancelled"",""Lost to Competitor"",""Hygiene/Duplicate""}), FILTER(F_AzureConsumptionPipe, NOT F_AzureConsumptionPipe[ConsumptionStatusReasonCombined] IN {""Closed - Pipeline Hygiene/Duplicate"",""Closed - Cancelled/Delayed"",""Closed - Lost"",""Closed - Cancelled by Customer""}))",0.2,No qualified references - simpler measure,0.2,,0.4,,0.4,,1.0,0.8,0.5,critical,1,RED,#FF0000
M_Pipe,$ Defender Stage 1 Pipe,"CALCULATE([$ Defender Pipe],FILTER(F_AzureConsumptionPipe,F_AzureConsumptionPipe[SalesStageName]=""Listen & Consult""))",,No,,No,,Yes,$ defender pipe,Yes,,"$ Defender Stage 1 Pipe -> M_Pipe + CALCULATE([$ Defender Pipe],FILTER(F_AzureConsumptionPipe,F_AzureConsumptionPipe[SalesStageName]=""Listen & Consult"")) | REFERENCES: $ Defender Pipe -> M_Pipe + CALCULATE([$ ACR Pipe All],FILTER(F_AzureConsumptionPipe,F_AzureConsumptionPipe[StrategicPillar]=""Defender for Cloud""))",0.2,No qualified references - simpler measure,0.2,,0.4,,0.4,,1.0,0.8,0.5,critical,1,RED,#FF0000
M_Pipe,$ Defender Uncommitted Qualified Pipe,"CALCULATE([$ Defender Pipe], FILTER(F_AzureConsumptionPipe,F_AzureConsumptionPipe[SalesStageName]<>""Listen & Consult""),FILTER(F_AzureConsumptionPipe,F_AzureConsumptionPipe[CommitmentRecommendation]<>""Committed""))",,No,,No,,Yes,$ defender pipe,Yes,,"$ Defender Uncommitted Qualified Pipe -> M_Pipe + CALCULATE([$ Defender Pipe], FILTER(F_AzureConsumptionPipe,F_AzureConsumptionPipe[SalesStageName]<>""Listen & Consult""),FILTER(F_AzureConsumptionPipe,F_AzureConsumptionPipe[CommitmentRecommendation]<>""Committed"")) | REFERENCES: $ Defender Pipe -> M_Pipe + CALCULATE([$ ACR Pipe All],FILTER(F_AzureConsumptionPipe,F_AzureConsumptionPipe[StrategicPillar]=""Defender for Cloud""))",0.2,No qualified references - simpler measure,0.2,,0.4,,0.4,,1.0,0.8,0.5,critical,1,RED,#FF0000
M_Pipe,$ Defender Committed Qualified Pipe,"CALCULATE([$ Defender Pipe], FILTER(F_AzureConsumptionPipe,F_AzureConsumptionPipe[SalesStageName]<>""Listen & Consult""),FILTER(F_AzureConsumptionPipe,F_AzureConsumptionPipe[CommitmentRecommendation]=""Committed""))",,No,,No,,Yes,$ defender pipe,Yes,,"$ Defender Committed Qualified Pipe -> M_Pipe + CALCULATE([$ Defender Pipe], FILTER(F_AzureConsumptionPipe,F_AzureConsumptionPipe[SalesStageName]<>""Listen & Consult""),FILTER(F_AzureConsumptionPipe,F_AzureConsumptionPipe[CommitmentRecommendation]=""Committed"")) | REFERENCES: $ Defender Pipe -> M_Pipe + CALCULATE([$ ACR Pipe All],FILTER(F_AzureConsumptionPipe,F_AzureConsumptionPipe[StrategicPillar]=""Defender for Cloud""))",0.2,No qualified references - simpler measure,0.2,,0.4,,0.4,,1.0,0.8,0.5,critical,1,RED,#FF0000
M_Pipe,% Accounts w/ Azure Pipe (filterable),"VAR A = CALCULATE(COUNTROWS('Distinct TPID for Pipe'), NOT F_AzureConsumptionPipe[MileStoneStatus] IN {""Cancelled"",""Lost to Competitor""} && NOT F_AzureConsumptionPipe[ConsumptionStatusReasonCombined] IN {""Closed - Pipeline Hygiene/Duplicate"",""Closed - Cancelled/Delayed"",""Closed - Lost"",""Closed - Cancelled by Customer""}) 
VAR Accts = [# Accounts]
RETURN
DIVIDE(A , Accts)",,No,,No,,Yes,# accounts,Yes,,"% Accounts w/ Azure Pipe (filterable) -> M_Pipe + VAR A = CALCULATE(COUNTROWS('Distinct TPID for Pipe'), NOT F_AzureConsumptionPipe[MileStoneStatus] IN {""Cancelled"",""Lost to Competitor""} && NOT F_AzureConsumptionPipe[ConsumptionStatusReasonCombined] IN {""Closed - Pipeline Hygiene/Duplicate"",""Closed - Cancelled/Delayed"",""Closed - Lost"",""Closed - Cancelled by Customer""}) 
VAR Accts = [# Accounts]
RETURN
DIVIDE(A , Accts) | REFERENCES: # Accounts -> DimCustomer + DISTINCTCOUNT(DimCustomer[TPID])",0.2,No qualified references - simpler measure,0.2,,0.4,,0.4,,1.0,0.8,0.5,critical,1,RED,#FF0000
M_Pipe,$ ACR Pipe All Previous Week,"CALCULATE(SUM(F_AzureConsumptionPipe[EstMonthlyUsage_CW1]),FILTER(F_AzureConsumptionPipe,NOT F_AzureConsumptionPipe[MilestoneStatus_CW1] IN {""Cancelled"",""Lost to Competitor"",""Hygiene/Duplicate""}), FILTER(F_AzureConsumptionPipe, NOT F_AzureConsumptionPipe[ConsumptionStatusReasonCombined] IN {""Closed - Pipeline Hygiene/Duplicate"",""Closed - Cancelled/Delayed"",""Closed - Lost"",""Closed - Cancelled by Customer""}))",,No,,No,,No,,No,,"$ ACR Pipe All Previous Week -> M_Pipe + CALCULATE(SUM(F_AzureConsumptionPipe[EstMonthlyUsage_CW1]),FILTER(F_AzureConsumptionPipe,NOT F_AzureConsumptionPipe[MilestoneStatus_CW1] IN {""Cancelled"",""Lost to Competitor"",""Hygiene/Duplicate""}), FILTER(F_AzureConsumptionPipe, NOT F_AzureConsumptionPipe[ConsumptionStatusReasonCombined] IN {""Closed - Pipeline Hygiene/Duplicate"",""Closed - Cancelled/Delayed"",""Closed - Lost"",""Closed - Cancelled by Customer""}))",0.2,No qualified references - simpler measure,0.2,,0.4,,0.0,The abbreviation 'ACR' is not self-explanatory and could confuse users unfamiliar with its meaning.,0.6,0.4,0.30000000000000004,critical,1,RED,#FF0000
M_Pipe,$ ACR Pipe All Two Weeks Previous,"CALCULATE(SUM(F_AzureConsumptionPipe[EstMonthlyUsage_CW2]),FILTER(F_AzureConsumptionPipe,NOT F_AzureConsumptionPipe[MilestoneStatus_CW2] IN {""Cancelled"",""Lost to Competitor"",""Hygiene/Duplicate""}), FILTER(F_AzureConsumptionPipe, NOT F_AzureConsumptionPipe[ConsumptionStatusReasonCombined] IN {""Closed - Pipeline Hygiene/Duplicate"",""Closed - Cancelled/Delayed"",""Closed - Lost"",""Closed - Cancelled by Customer""}))",,No,,No,,No,,No,,"$ ACR Pipe All Two Weeks Previous -> M_Pipe + CALCULATE(SUM(F_AzureConsumptionPipe[EstMonthlyUsage_CW2]),FILTER(F_AzureConsumptionPipe,NOT F_AzureConsumptionPipe[MilestoneStatus_CW2] IN {""Cancelled"",""Lost to Competitor"",""Hygiene/Duplicate""}), FILTER(F_AzureConsumptionPipe, NOT F_AzureConsumptionPipe[ConsumptionStatusReasonCombined] IN {""Closed - Pipeline Hygiene/Duplicate"",""Closed - Cancelled/Delayed"",""Closed - Lost"",""Closed - Cancelled by Customer""}))",0.2,No qualified references - simpler measure,0.2,,0.4,,0.0,The abbreviation 'ACR' is not self-explanatory and could confuse users unfamiliar with its meaning.,0.6,0.4,0.30000000000000004,critical,1,RED,#FF0000
Ticker,Icon,"""🕘""",,Yes,"Refresh Date Icon, Icon",No,,No,,No,"DUPLICATE EXPRESSION: This measure has identical expression to: Refresh Date Icon, Icon","Icon -> Ticker + ""🕘""",0.2,No qualified references - simpler measure,0.2,,0.4,,0.4,,1.0,0.8,0.5,critical,1,RED,#FF0000
Text Measures,ACR Coming From,"""Where is your ACR coming from?""",,No,,No,,No,,No,,"ACR Coming From -> Text Measures + ""Where is your ACR coming from?""",0.2,No qualified references - simpler measure,0.2,,0.4,,0.0,The abbreviation 'ACR' is not explained in the measure name.,0.6,0.4,0.30000000000000004,critical,1,RED,#FF0000
Text Measures,New ACR,"""Where is your new ACR coming from?""",,No,,No,,No,,No,,"New ACR -> Text Measures + ""Where is your new ACR coming from?""",0.2,No qualified references - simpler measure,0.2,,0.4,,0.0,The abbreviation 'ACR' is not explained in the measure name.,0.6,0.4,0.30000000000000004,critical,1,RED,#FF0000
Text Measures,ACR Growing,"""What ACR is growing?""",,No,,No,,No,,No,,"ACR Growing -> Text Measures + ""What ACR is growing?""",0.2,No qualified references - simpler measure,0.2,,0.4,,0.0,The abbreviation 'ACR' is not explained in the measure name.,0.6,0.4,0.30000000000000004,critical,1,RED,#FF0000
Text Measures,ACR Declining,"""What ACR is declining?""",,No,,No,,No,,No,,"ACR Declining -> Text Measures + ""What ACR is declining?""",0.2,No qualified references - simpler measure,0.2,,0.4,,0.0,The abbreviation 'ACR' is not explained in the measure name.,0.6,0.4,0.30000000000000004,critical,1,RED,#FF0000
M_Epic,# Accounts w/ Epic Subscriptions,"CALCULATE([# Accounts],AzureCustomerAttributes[HasEpicACR]=""Y"")",,No,,No,,Yes,# accounts,No,,"# Accounts w/ Epic Subscriptions -> M_Epic + CALCULATE([# Accounts],AzureCustomerAttributes[HasEpicACR]=""Y"") | REFERENCES: # Accounts -> DimCustomer + DISTINCTCOUNT(DimCustomer[TPID])",0.2,No qualified references - simpler measure,0.2,,0.4,,0.4,,1.0,0.8,0.5,critical,1,RED,#FF0000
M_Epic,# Accounts w/ Epic Sales Program Pipe,"CALCULATE(COUNT('Distinct TPID for Pipe'[tpid]),SalesPrograms[ProgramName]=""Epic | On Azure"")",,No,,No,,No,,No,,"# Accounts w/ Epic Sales Program Pipe -> M_Epic + CALCULATE(COUNT('Distinct TPID for Pipe'[tpid]),SalesPrograms[ProgramName]=""Epic | On Azure"")",0.2,No qualified references - simpler measure,0.2,,0.4,,0.4,,1.0,0.8,0.5,critical,1,RED,#FF0000
M_Epic,$ Epic ACR,"CALCULATE([$ ACR],EpicSubscriptions[EpicSubscription]=""Y"")",,No,,No,,Yes,$ acr,Yes,,"$ Epic ACR -> M_Epic + CALCULATE([$ ACR],EpicSubscriptions[EpicSubscription]=""Y"") | REFERENCES: $ ACR -> M_ACR + VAR CY = SUM(ACR_CY[AzureConsumedRevenue])
VAR PY = SUM(ACR_PY[AzureConsumedRevenue])
VAR A = CY + PY
VAR S = IF(ISFILTERED(DimCustomer[TPAccountName]),BLANK(),SUM(ACR_Summarized[AzureConsumedRevenue]))
VAR SelectedView = SELECTEDVALUE(DimViewType[ViewType])
RETURN
SWITCH(SelectedView,""Non-Curated"",S,A)",0.2,No qualified references - simpler measure,0.0,The measure name does not clearly explain what 'Epic ACR' represents without additional context.,0.4,,0.0,The abbreviation 'ACR' is not explained in the measure name.,0.4,0.4,0.2,critical,1,RED,#FF0000
M_Epic,$ Epic ACR Last Closed Month,"CALCULATE(M_Epic[$ Epic ACR],DimDate[IsLastAzureClosedMonth]=1)",,No,,Yes,$ epic acr,Yes,$ epic acr,No,"Please use unqualified measures references i.e., [Measure Name] instead of Fully Qualified reference i.e., Table[MeasureName] or 'Table'[MeasureName]. Referenced measures: $ epic acr","$ Epic ACR Last Closed Month -> M_Epic + CALCULATE(M_Epic[$ Epic ACR],DimDate[IsLastAzureClosedMonth]=1) | REFERENCES: $ Epic ACR -> M_Epic + CALCULATE([$ ACR],EpicSubscriptions[EpicSubscription]=""Y"")",0.0,Has qualified references - complex measure,0.0,The measure name does not clearly explain what 'Epic ACR' represents without additional context.,0.4,,0.0,The abbreviation 'ACR' is not explained in the measure name.,0.4,0.4,0.2,critical,1,RED,#FF0000
M_Epic,$ Epic Avg Daily ACR MoM Growth LCM,"CALCULATE([$ Avg Daily ACR MoM Change],DimDate[IsLastAzureClosedMonth]=1,EpicSubscriptions[EpicSubscription]=""Y"")",,No,,No,,Yes,$ avg daily acr mom change,No,,"$ Epic Avg Daily ACR MoM Growth LCM -> M_Epic + CALCULATE([$ Avg Daily ACR MoM Change],DimDate[IsLastAzureClosedMonth]=1,EpicSubscriptions[EpicSubscription]=""Y"") | REFERENCES: $ Avg Daily ACR MoM Change -> M_ACR + [$ Avg Daily ACR Latest Selected Month] - [$ Avg Daily ACR Previous Selected Month]",0.2,No qualified references - simpler measure,0.0,"The measure name is too complex and uses abbreviations like 'ACR', 'MoM', and 'LCM' that are not self-explanatory.",0.0,The measure name does not clearly reflect the calculation due to the use of multiple unexplained abbreviations.,0.0,"The measure name contains multiple abbreviations: 'ACR', 'MoM', and 'LCM'.",0.0,0.0,0.0,critical,1,RED,#FF0000
M_Epic,% Epic Avg Daily ACR Growth LCM,"CALCULATE([% Avg Daily ACR MoM Change Last Closed Month],EpicSubscriptions[EpicSubscription]=""Y"")",,No,,No,,Yes,% avg daily acr mom change last closed month,No,,"% Epic Avg Daily ACR Growth LCM -> M_Epic + CALCULATE([% Avg Daily ACR MoM Change Last Closed Month],EpicSubscriptions[EpicSubscription]=""Y"") | REFERENCES: % Avg Daily ACR MoM Change Last Closed Month -> M_ACR + VAR Change = [$ Avg Daily ACR Last Closed Month] - [$ Avg Daily ACR Previous Last Closed Month]
RETURN
DIVIDE(Change , [$ Avg Daily ACR Previous Last Closed Month])",0.2,No qualified references - simpler measure,0.0,"The measure name is too complex and uses abbreviations like 'ACR', 'LCM', and 'Avg' that are not self-explanatory.",0.0,The measure name does not clearly reflect the calculation due to the use of multiple unexplained abbreviations.,0.0,"The measure name contains multiple abbreviations: 'ACR', 'LCM', and 'Avg'.",0.0,0.0,0.0,critical,1,RED,#FF0000
M_Epic,$ Epic Sales Program Pipe,"CALCULATE([$ ACR Pipe All],SalesPrograms[ProgramName]=""Epic | On Azure"")",,No,,No,,Yes,$ acr pipe all,No,,"$ Epic Sales Program Pipe -> M_Epic + CALCULATE([$ ACR Pipe All],SalesPrograms[ProgramName]=""Epic | On Azure"") | REFERENCES: $ ACR Pipe All -> M_Pipe + CALCULATE(SUM(F_AzureConsumptionPipe[EstUsage]),FILTER(F_AzureConsumptionPipe,NOT F_AzureConsumptionPipe[MileStoneStatus] IN {""Cancelled"",""Lost to Competitor"",""Hygiene/Duplicate""}), FILTER(F_AzureConsumptionPipe, NOT F_AzureConsumptionPipe[ConsumptionStatusReasonCombined] IN {""Closed - Pipeline Hygiene/Duplicate"",""Closed - Cancelled/Delayed"",""Closed - Lost"",""Closed - Cancelled by Customer""}))",0.2,No qualified references - simpler measure,0.0,The measure name does not clearly explain what 'Sales Program Pipe' represents without additional context.,0.4,,0.4,,0.8,0.8,0.4,critical,1,RED,#FF0000
M_Epic,% Epic ACR / Total Organic ACR,"VAR E = M_Epic[$ Epic ACR]
VAR A = CALCULATE([$ Organic ACR],AzureCustomerAttributes[HasEpicACR]=""Y"")
RETURN
DIVIDE(E , A)",,No,,Yes,$ epic acr,Yes,"$ epic acr, $ organic acr",No,"Please use unqualified measures references i.e., [Measure Name] instead of Fully Qualified reference i.e., Table[MeasureName] or 'Table'[MeasureName]. Referenced measures: $ epic acr","% Epic ACR / Total Organic ACR -> M_Epic + VAR E = M_Epic[$ Epic ACR]
VAR A = CALCULATE([$ Organic ACR],AzureCustomerAttributes[HasEpicACR]=""Y"")
RETURN
DIVIDE(E , A) | REFERENCES: $ Epic ACR -> M_Epic + CALCULATE([$ ACR],EpicSubscriptions[EpicSubscription]=""Y""), $ Organic ACR -> M_ACR + CALCULATE(M_ACR[$ ACR],'Distinct AdjustmentFlag'[AdjustmentFlag]=""N/A"")",0.0,Has qualified references - complex measure,0.0,The measure name does not clearly explain what 'Epic ACR' or 'Total Organic ACR' represents without additional context.,0.4,,0.0,The abbreviation 'ACR' is not explained in the measure name.,0.4,0.4,0.2,critical,1,RED,#FF0000
M_Epic,# Epic Subscriptions,COUNT(EpicSubscriptions[SubscriptionGUID]),,No,,No,,No,,No,,# Epic Subscriptions -> M_Epic + COUNT(EpicSubscriptions[SubscriptionGUID]),0.2,No qualified references - simpler measure,0.2,,0.4,,0.4,,1.0,0.8,0.5,critical,1,RED,#FF0000
M_Epic,% Epic YoY Growth LCM,"CALCULATE([% Avg Daily ACR YoY Last Closed Month],EpicSubscriptions[EpicSubscription]=""Y"")",,No,,No,,Yes,% avg daily acr yoy last closed month,No,,"% Epic YoY Growth LCM -> M_Epic + CALCULATE([% Avg Daily ACR YoY Last Closed Month],EpicSubscriptions[EpicSubscription]=""Y"") | REFERENCES: % Avg Daily ACR YoY Last Closed Month -> M_ACR + CALCULATE(M_ACR[% Avg Daily ACR YoY],DimDate[IsLastAzureClosedMonth]=1)",0.2,No qualified references - simpler measure,0.0,The measure name is too complex and uses abbreviations like 'YoY' and 'LCM' that are not self-explanatory.,0.0,The measure name does not clearly reflect the calculation due to the use of multiple unexplained abbreviations.,0.0,The measure name contains multiple abbreviations: 'YoY' and 'LCM'.,0.0,0.0,0.0,critical,1,RED,#FF0000
M_Epic,$ Epic Pipe (Workload),"CALCULATE([$ ACR Pipe All],F_AzureConsumptionPipe[Workload]=""Infra: Epic on Azure (EoA)"")",,No,,No,,Yes,$ acr pipe all,Yes,,"$ Epic Pipe (Workload) -> M_Epic + CALCULATE([$ ACR Pipe All],F_AzureConsumptionPipe[Workload]=""Infra: Epic on Azure (EoA)"") | REFERENCES: $ ACR Pipe All -> M_Pipe + CALCULATE(SUM(F_AzureConsumptionPipe[EstUsage]),FILTER(F_AzureConsumptionPipe,NOT F_AzureConsumptionPipe[MileStoneStatus] IN {""Cancelled"",""Lost to Competitor"",""Hygiene/Duplicate""}), FILTER(F_AzureConsumptionPipe, NOT F_AzureConsumptionPipe[ConsumptionStatusReasonCombined] IN {""Closed - Pipeline Hygiene/Duplicate"",""Closed - Cancelled/Delayed"",""Closed - Lost"",""Closed - Cancelled by Customer""}))",0.2,No qualified references - simpler measure,0.0,The measure name does not clearly indicate it calculates the pipeline for a specific workload ('Infra: Epic on Azure (EoA)').,0.0,"The name does not fully reflect the calculation, which filters the pipeline by a specific workload.",0.4,,0.4,0.4,0.2,critical,1,RED,#FF0000
M_Epic,$ Epic Pipe (Sales Program excl Workload),"CALCULATE([$ ACR Pipe All],F_AzureConsumptionPipe[Workload]<>""Infra: Epic on Azure (EoA)"",SalesPrograms[ProgramName]=""Epic | On Azure"")",,No,,No,,Yes,$ acr pipe all,Yes,,"$ Epic Pipe (Sales Program excl Workload) -> M_Epic + CALCULATE([$ ACR Pipe All],F_AzureConsumptionPipe[Workload]<>""Infra: Epic on Azure (EoA)"",SalesPrograms[ProgramName]=""Epic | On Azure"") | REFERENCES: $ ACR Pipe All -> M_Pipe + CALCULATE(SUM(F_AzureConsumptionPipe[EstUsage]),FILTER(F_AzureConsumptionPipe,NOT F_AzureConsumptionPipe[MileStoneStatus] IN {""Cancelled"",""Lost to Competitor"",""Hygiene/Duplicate""}), FILTER(F_AzureConsumptionPipe, NOT F_AzureConsumptionPipe[ConsumptionStatusReasonCombined] IN {""Closed - Pipeline Hygiene/Duplicate"",""Closed - Cancelled/Delayed"",""Closed - Lost"",""Closed - Cancelled by Customer""}))",0.2,No qualified references - simpler measure,0.0,The measure name does not clearly convey it calculates the pipeline for a specific sales program excluding a workload.,0.0,"The name does not fully reflect the calculation, which filters by a sales program and excludes a specific workload.",0.4,,0.4,0.4,0.2,critical,1,RED,#FF0000
M_Epic,$ Total Epic Pipe,[$ Epic Pipe (Sales Program excl Workload)] + [$ Epic Pipe (Workload)],,No,,No,,Yes,"$ epic pipe (sales program excl workload), $ epic pipe (workload)",No,,"$ Total Epic Pipe -> M_Epic + [$ Epic Pipe (Sales Program excl Workload)] + [$ Epic Pipe (Workload)] | REFERENCES: $ Epic Pipe (Sales Program excl Workload) -> M_Epic + CALCULATE([$ ACR Pipe All],F_AzureConsumptionPipe[Workload]<>""Infra: Epic on Azure (EoA)"",SalesPrograms[ProgramName]=""Epic | On Azure""), $ Epic Pipe (Workload) -> M_Epic + CALCULATE([$ ACR Pipe All],F_AzureConsumptionPipe[Workload]=""Infra: Epic on Azure (EoA)"")",0.2,No qualified references - simpler measure,0.2,,0.4,,0.4,,1.0,0.8,0.5,critical,1,RED,#FF0000
M_Epic,# Epic Target Customers,"CALCULATE([# Accounts],AzureCustomerAttributes[IsEpicTarget]=""Y"")",,No,,No,,Yes,# accounts,No,,"# Epic Target Customers -> M_Epic + CALCULATE([# Accounts],AzureCustomerAttributes[IsEpicTarget]=""Y"") | REFERENCES: # Accounts -> DimCustomer + DISTINCTCOUNT(DimCustomer[TPID])",0.2,No qualified references - simpler measure,0.2,,0.4,,0.4,,1.0,0.8,0.5,critical,1,RED,#FF0000
M_Epic,% Accts w/ Epic Pipe (Workload),"CALCULATE([% Accounts w/ Azure Pipe (filterable)],F_AzureConsumptionPipe[Workload]=""Infra: Epic on Azure (EoA)"")",,No,,No,,Yes,% accounts w/ azure pipe (filterable),No,,"% Accts w/ Epic Pipe (Workload) -> M_Epic + CALCULATE([% Accounts w/ Azure Pipe (filterable)],F_AzureConsumptionPipe[Workload]=""Infra: Epic on Azure (EoA)"") | REFERENCES: % Accounts w/ Azure Pipe (filterable) -> M_Pipe + VAR A = CALCULATE(COUNTROWS('Distinct TPID for Pipe'), NOT F_AzureConsumptionPipe[MileStoneStatus] IN {""Cancelled"",""Lost to Competitor""} && NOT F_AzureConsumptionPipe[ConsumptionStatusReasonCombined] IN {""Closed - Pipeline Hygiene/Duplicate"",""Closed - Cancelled/Delayed"",""Closed - Lost"",""Closed - Cancelled by Customer""}) 
VAR Accts = [# Accounts]
RETURN
DIVIDE(A , Accts)",0.2,No qualified references - simpler measure,0.0,The measure name does not clearly indicate it calculates the percentage of accounts with a specific workload pipeline.,0.0,"The name does not fully reflect the calculation, which filters accounts by a specific workload.",0.4,,0.4,0.4,0.2,critical,1,RED,#FF0000
M_Epic,% Accts w/ Epic Pipe (Sales Program),"CALCULATE([% Accounts w/ Azure Pipe (filterable)],SalesPrograms[ProgramName]=""Epic | On Azure"")",,No,,No,,Yes,% accounts w/ azure pipe (filterable),No,,"% Accts w/ Epic Pipe (Sales Program) -> M_Epic + CALCULATE([% Accounts w/ Azure Pipe (filterable)],SalesPrograms[ProgramName]=""Epic | On Azure"") | REFERENCES: % Accounts w/ Azure Pipe (filterable) -> M_Pipe + VAR A = CALCULATE(COUNTROWS('Distinct TPID for Pipe'), NOT F_AzureConsumptionPipe[MileStoneStatus] IN {""Cancelled"",""Lost to Competitor""} && NOT F_AzureConsumptionPipe[ConsumptionStatusReasonCombined] IN {""Closed - Pipeline Hygiene/Duplicate"",""Closed - Cancelled/Delayed"",""Closed - Lost"",""Closed - Cancelled by Customer""}) 
VAR Accts = [# Accounts]
RETURN
DIVIDE(A , Accts)",0.2,No qualified references - simpler measure,0.0,The measure name does not clearly indicate it calculates the percentage of accounts with a specific sales program pipeline.,0.0,"The name does not fully reflect the calculation, which filters accounts by a specific sales program.",0.4,,0.4,0.4,0.2,critical,1,RED,#FF0000
SubscriptionAttributes,Max Sub Enroll Change,"MAXX(VALUES('SubscriptionAttributes'[SubscriptionKey]),CALCULATE(MAX(SubscriptionAttributes[subchangedenroll_num])))",,No,,No,,No,,No,,"Max Sub Enroll Change -> SubscriptionAttributes + MAXX(VALUES('SubscriptionAttributes'[SubscriptionKey]),CALCULATE(MAX(SubscriptionAttributes[subchangedenroll_num])))",0.2,No qualified references - simpler measure,0.2,,0.4,,0.4,,1.0,0.8,0.5,critical,1,RED,#FF0000
SubscriptionAttributes,# Subscriptions Changed Enrollments,"CALCULATE([# Subscriptions (Attributes)],SubscriptionAttributes[SubChangedEnroll]=""Y"")",,No,,No,,Yes,# subscriptions (attributes),No,,"# Subscriptions Changed Enrollments -> SubscriptionAttributes + CALCULATE([# Subscriptions (Attributes)],SubscriptionAttributes[SubChangedEnroll]=""Y"") | REFERENCES: # Subscriptions (Attributes) -> Distinct SubscriptionKey + COUNT('Distinct SubscriptionGUID'[SubscriptionKey])",0.2,No qualified references - simpler measure,0.2,,0.4,,0.4,,1.0,0.8,0.5,critical,1,RED,#FF0000
SubscriptionAttributes,# Subscriptions Changed TPIDs,"CALCULATE([# Subscriptions (Attributes)],SubscriptionAttributes[SubChangedTPID]=""Y"")",,No,,No,,Yes,# subscriptions (attributes),No,,"# Subscriptions Changed TPIDs -> SubscriptionAttributes + CALCULATE([# Subscriptions (Attributes)],SubscriptionAttributes[SubChangedTPID]=""Y"") | REFERENCES: # Subscriptions (Attributes) -> Distinct SubscriptionKey + COUNT('Distinct SubscriptionGUID'[SubscriptionKey])",0.2,No qualified references - simpler measure,0.2,,0.4,,0.4,,1.0,0.8,0.5,critical,1,RED,#FF0000
SubscriptionAttributes,Max Sub TPID Change,"MAXX(VALUES('SubscriptionAttributes'[SubscriptionKey]),CALCULATE(MAX(SubscriptionAttributes[subchangedtpid_num])))",,No,,No,,No,,No,,"Max Sub TPID Change -> SubscriptionAttributes + MAXX(VALUES('SubscriptionAttributes'[SubscriptionKey]),CALCULATE(MAX(SubscriptionAttributes[subchangedtpid_num])))",0.2,No qualified references - simpler measure,0.2,,0.4,,0.4,,1.0,0.8,0.5,critical,1,RED,#FF0000
Distinct SubscriptionKey,# Subscriptions (Attributes),COUNT('Distinct SubscriptionGUID'[SubscriptionKey]),,No,,No,,No,,Yes,,# Subscriptions (Attributes) -> Distinct SubscriptionKey + COUNT('Distinct SubscriptionGUID'[SubscriptionKey]),0.2,No qualified references - simpler measure,0.2,,0.4,,0.4,,1.0,0.8,0.5,critical,1,RED,#FF0000
Day Adjustment,Day Adjustment Value,SELECTEDVALUE('Day Adjustment'[Day Adjustment]),,No,,No,,No,,Yes,,Day Adjustment Value -> Day Adjustment + SELECTEDVALUE('Day Adjustment'[Day Adjustment]),0.2,No qualified references - simpler measure,0.2,,0.4,,0.4,,1.0,0.8,0.5,critical,1,RED,#FF0000
M_OpenMonthForecast,Adjusted Days,[Full Days Azure Date Grain] + 'Day Adjustment'[Day Adjustment Value],,No,,Yes,day adjustment value,Yes,"day adjustment value, full days azure date grain",No,"Please use unqualified measures references i.e., [Measure Name] instead of Fully Qualified reference i.e., Table[MeasureName] or 'Table'[MeasureName]. Referenced measures: day adjustment value","Adjusted Days -> M_OpenMonthForecast + [Full Days Azure Date Grain] + 'Day Adjustment'[Day Adjustment Value] | REFERENCES: Day Adjustment Value -> Day Adjustment + SELECTEDVALUE('Day Adjustment'[Day Adjustment]), Full Days Azure Date Grain -> M_OpenMonthForecast + VAR SourceDate = CALCULATE(MAX(DimSourceRefreshDetails[SourceLastRefreshedDate]),DimSourceRefreshDetails[DataCategory]=""AzureDateGrain"")
VAR DaysSource = DATEDIFF(CALCULATE(MAX(DimDate[MonthStartDate]),DimDate[IsCurrentAzureMonth]=1),SourceDate,DAY)
RETURN
DaysSource",0.0,Has qualified references - complex measure,0.2,,0.4,,0.4,,1.0,0.8,0.5,critical,1,RED,#FF0000
M_OpenMonthForecast,Full Days Azure Date Grain,"VAR SourceDate = CALCULATE(MAX(DimSourceRefreshDetails[SourceLastRefreshedDate]),DimSourceRefreshDetails[DataCategory]=""AzureDateGrain"")
VAR DaysSource = DATEDIFF(CALCULATE(MAX(DimDate[MonthStartDate]),DimDate[IsCurrentAzureMonth]=1),SourceDate,DAY)
RETURN
DaysSource",,No,,No,,No,,Yes,,"Full Days Azure Date Grain -> M_OpenMonthForecast + VAR SourceDate = CALCULATE(MAX(DimSourceRefreshDetails[SourceLastRefreshedDate]),DimSourceRefreshDetails[DataCategory]=""AzureDateGrain"")
VAR DaysSource = DATEDIFF(CALCULATE(MAX(DimDate[MonthStartDate]),DimDate[IsCurrentAzureMonth]=1),SourceDate,DAY)
RETURN
DaysSource",0.2,No qualified references - simpler measure,0.2,,0.4,,0.4,,1.0,0.8,0.5,critical,1,RED,#FF0000
M_OpenMonthForecast,$ MTD Forecast (Standard),[$ Average Daily ACR] * [# Days in Month],,No,,No,,Yes,"# days in month, $ average daily acr",Yes,,"$ MTD Forecast (Standard) -> M_OpenMonthForecast + [$ Average Daily ACR] * [# Days in Month] | REFERENCES: # Days in Month -> M_Date + [Start End Date Diff] + 1, $ Average Daily ACR -> M_ACR + 
VAR Days = [# Days in Month]
VAR DaysCurrent = DATEDIFF(CALCULATE(MAX(DimDate[MonthStartDate]),DimDate[IsCurrentAzureMonth]=1),TODAY(),DAY)
VAR ACR = M_ACR[$ ACR]
VAR SelectedMonth = [DATE - Latest Selected Month]
VAR AzureDate = CALCULATE(MAX(DimSourceRefreshDetails[SourceLastRefreshedDate]), DimSourceRefreshDetails[DataCategory]=""OCDM Azure Usage"")
VAR AzureCurrentM = [DATE - Azure Current Month]
VAR Today = TODAY()
VAR AzureLastClosed = M_Date[DATE - Last Closed Azure Month]
VAR CurrentMonthFY = M_Date[DATE + 1 Month After Last Closed Azure Month]
VAR SourceDate = CALCULATE(MAX(DimSourceRefreshDetails[SourceLastRefreshedDate]),DimSourceRefreshDetails[DataCategory]=""AzureDateGrain"")
VAR DaysSource = DATEDIFF(CALCULATE(MAX(DimDate[MonthStartDate]),DimDate[IsCurrentAzureMonth]=1),SourceDate,DAY)
VAR DaysSourceFY = DATEDIFF(CALCULATE(MAX(DimDate[MonthStartDate]),DimDate[CreateDate]=CurrentMonthFY),SourceDate,DAY)
RETURN
IF(SelectedMonth = AzureCurrentM,DIVIDE(ACR, DaysSource),IF(SelectedMonth > AzureLastClosed,BLANK(),DIVIDE(ACR, Days)))
--IF(SelectedMonth > AzureCurrentM,DIVIDE(ACR, DaysSourceFY),IF(SelectedMonth > AzureLastClosed,BLANK(),DIVIDE(ACR, Days)))",0.2,No qualified references - simpler measure,0.0,The measure name does not clearly indicate it calculates a month-to-date forecast using average daily ACR and days in the month.,0.0,"The name does not fully reflect the calculation, which involves multiple referenced measures for forecasting.",0.4,,0.4,0.4,0.2,critical,1,RED,#FF0000
M_OpenMonthForecast,$ Forecasted Variance MoM (Standard),[$ MTD Forecast (Standard)] - [$ ACR Last Closed Month],,No,,No,,Yes,"$ acr last closed month, $ mtd forecast (standard)",No,,"$ Forecasted Variance MoM (Standard) -> M_OpenMonthForecast + [$ MTD Forecast (Standard)] - [$ ACR Last Closed Month] | REFERENCES: $ ACR Last Closed Month -> M_ACR + CALCULATE(M_ACR[$ ACR],ALL(DimDate),DimDate[IsLastAzureClosedMonth]=1), $ MTD Forecast (Standard) -> M_OpenMonthForecast + [$ Average Daily ACR] * [# Days in Month]",0.2,No qualified references - simpler measure,0.2,,0.4,,0.0,"The abbreviation 'MoM' (Month over Month) is used in the measure name, making it cryptic for users unfamiliar with the term.",0.6,0.4,0.30000000000000004,critical,1,RED,#FF0000
M_OpenMonthForecast,$ Average Daily ACR (Adjusted Days),"
VAR Days = [# Days in Month]
VAR DaysCurrent = DATEDIFF(CALCULATE(MAX(DimDate[MonthStartDate]),DimDate[IsCurrentAzureMonth]=1),TODAY(),DAY)
VAR ACR = M_ACR[$ ACR]
VAR SelectedMonth = [DATE - Latest Selected Month]
VAR AzureDate = CALCULATE(MAX(DimSourceRefreshDetails[SourceLastRefreshedDate]), DimSourceRefreshDetails[DataCategory]=""OCDM Azure Usage"")
VAR AzureCurrentM = [DATE - Azure Current Month]
VAR Today = TODAY()
VAR AzureLastClosed = M_Date[DATE - Last Closed Azure Month]
VAR CurrentMonthFY = M_Date[DATE + 1 Month After Last Closed Azure Month]
VAR SourceDate = CALCULATE(MAX(DimSourceRefreshDetails[SourceLastRefreshedDate]),DimSourceRefreshDetails[DataCategory]=""AzureDateGrain"")
VAR DaysSource = DATEDIFF(CALCULATE(MAX(DimDate[MonthStartDate]),DimDate[IsCurrentAzureMonth]=1),SourceDate,DAY)
VAR DaysAdjusted = DaysSource + 'Day Adjustment'[Day Adjustment Value]
VAR DaysSourceFY = DATEDIFF(CALCULATE(MAX(DimDate[MonthStartDate]),DimDate[CreateDate]=CurrentMonthFY),SourceDate,DAY)
RETURN
IF(SelectedMonth = AzureCurrentM,DIVIDE(ACR, DaysAdjusted),IF(SelectedMonth > AzureLastClosed,BLANK(),DIVIDE(ACR, Days)))",,No,,Yes,"$ acr, date + 1 month after last closed azure month, date - last closed azure month, day adjustment value",Yes,"# days in month, $ acr, date + 1 month after last closed azure month, date - azure current month, date - last closed azure month, date - latest selected month, day adjustment value",Yes,"Please use unqualified measures references i.e., [Measure Name] instead of Fully Qualified reference i.e., Table[MeasureName] or 'Table'[MeasureName]. Referenced measures: $ acr, date + 1 month after last closed azure month, date - last closed azure month, day adjustment value","$ Average Daily ACR (Adjusted Days) -> M_OpenMonthForecast + 
VAR Days = [# Days in Month]
VAR DaysCurrent = DATEDIFF(CALCULATE(MAX(DimDate[MonthStartDate]),DimDate[IsCurrentAzureMonth]=1),TODAY(),DAY)
VAR ACR = M_ACR[$ ACR]
VAR SelectedMonth = [DATE - Latest Selected Month]
VAR AzureDate = CALCULATE(MAX(DimSourceRefreshDetails[SourceLastRefreshedDate]), DimSourceRefreshDetails[DataCategory]=""OCDM Azure Usage"")
VAR AzureCurrentM = [DATE - Azure Current Month]
VAR Today = TODAY()
VAR AzureLastClosed = M_Date[DATE - Last Closed Azure Month]
VAR CurrentMonthFY = M_Date[DATE + 1 Month After Last Closed Azure Month]
VAR SourceDate = CALCULATE(MAX(DimSourceRefreshDetails[SourceLastRefreshedDate]),DimSourceRefreshDetails[DataCategory]=""AzureDateGrain"")
VAR DaysSource = DATEDIFF(CALCULATE(MAX(DimDate[MonthStartDate]),DimDate[IsCurrentAzureMonth]=1),SourceDate,DAY)
VAR DaysAdjusted = DaysSource + 'Day Adjustment'[Day Adjustment Value]
VAR DaysSourceFY = DATEDIFF(CALCULATE(MAX(DimDate[MonthStartDate]),DimDate[CreateDate]=CurrentMonthFY),SourceDate,DAY)
RETURN
IF(SelectedMonth = AzureCurrentM,DIVIDE(ACR, DaysAdjusted),IF(SelectedMonth > AzureLastClosed,BLANK(),DIVIDE(ACR, Days))) | REFERENCES: # Days in Month -> M_Date + [Start End Date Diff] + 1, $ ACR -> M_ACR + VAR CY = SUM(ACR_CY[AzureConsumedRevenue])
VAR PY = SUM(ACR_PY[AzureConsumedRevenue])
VAR A = CY + PY
VAR S = IF(ISFILTERED(DimCustomer[TPAccountName]),BLANK(),SUM(ACR_Summarized[AzureConsumedRevenue]))
VAR SelectedView = SELECTEDVALUE(DimViewType[ViewType])
RETURN
SWITCH(SelectedView,""Non-Curated"",S,A), DATE + 1 Month After Last Closed Azure Month -> M_Date + 
// Returns the start date of the month after the last closed azure month
VAR LastAzureClosedMonth = [DATE - Last Closed Azure Month]
VAR OneMonthAfter = EDATE ( LastAzureClosedMonth, 1)
RETURN
OneMonthAfter, DATE - Azure Current Month -> M_Date + 
// Returns the value of the latest selected month
VAR LatestSelectedMonth = CALCULATE ( MAX('DimDate'[MonthStartDate]), DimDate[IsCurrentAzureMonth]=1 )
RETURN
LatestSelectedMonth, DATE - Last Closed Azure Month -> M_Date + 
// Returns start date of last closed Azure month
VAR LastClosedAzureMonth = CALCULATE(SELECTEDVALUE('DimDate'[MonthStartDate]), ALL('DimDate'), 'DimDate'[IsLastAzureClosedMonth] = 1)
RETURN
LastClosedAzureMonth, DATE - Latest Selected Month -> M_Date + 
// Returns the value of the latest selected month
VAR LatestSelectedMonth = CALCULATE ( MAX('DimDate'[MonthStartDate]) )
RETURN
LatestSelectedMonth, Day Adjustment Value -> Day Adjustment + SELECTEDVALUE('Day Adjustment'[Day Adjustment])",0.0,Has qualified references - complex measure,0.2,,0.4,,0.0,"The abbreviation 'ACR' (Azure Consumed Revenue) is used in the measure name, making it cryptic for users unfamiliar with the term.",0.6,0.4,0.30000000000000004,critical,1,RED,#FF0000
M_OpenMonthForecast,$ MTD Forecast (Adjusted Days),[$ Average Daily ACR (Adjusted Days)] * [# Days in Month],,No,,No,,Yes,"# days in month, $ average daily acr (adjusted days)",Yes,,"$ MTD Forecast (Adjusted Days) -> M_OpenMonthForecast + [$ Average Daily ACR (Adjusted Days)] * [# Days in Month] | REFERENCES: # Days in Month -> M_Date + [Start End Date Diff] + 1, $ Average Daily ACR (Adjusted Days) -> M_OpenMonthForecast + 
VAR Days = [# Days in Month]
VAR DaysCurrent = DATEDIFF(CALCULATE(MAX(DimDate[MonthStartDate]),DimDate[IsCurrentAzureMonth]=1),TODAY(),DAY)
VAR ACR = M_ACR[$ ACR]
VAR SelectedMonth = [DATE - Latest Selected Month]
VAR AzureDate = CALCULATE(MAX(DimSourceRefreshDetails[SourceLastRefreshedDate]), DimSourceRefreshDetails[DataCategory]=""OCDM Azure Usage"")
VAR AzureCurrentM = [DATE - Azure Current Month]
VAR Today = TODAY()
VAR AzureLastClosed = M_Date[DATE - Last Closed Azure Month]
VAR CurrentMonthFY = M_Date[DATE + 1 Month After Last Closed Azure Month]
VAR SourceDate = CALCULATE(MAX(DimSourceRefreshDetails[SourceLastRefreshedDate]),DimSourceRefreshDetails[DataCategory]=""AzureDateGrain"")
VAR DaysSource = DATEDIFF(CALCULATE(MAX(DimDate[MonthStartDate]),DimDate[IsCurrentAzureMonth]=1),SourceDate,DAY)
VAR DaysAdjusted = DaysSource + 'Day Adjustment'[Day Adjustment Value]
VAR DaysSourceFY = DATEDIFF(CALCULATE(MAX(DimDate[MonthStartDate]),DimDate[CreateDate]=CurrentMonthFY),SourceDate,DAY)
RETURN
IF(SelectedMonth = AzureCurrentM,DIVIDE(ACR, DaysAdjusted),IF(SelectedMonth > AzureLastClosed,BLANK(),DIVIDE(ACR, Days)))",0.2,No qualified references - simpler measure,0.2,,0.4,,0.0,"The abbreviation 'MTD' (Month to Date) is used in the measure name, making it cryptic for users unfamiliar with the term.",0.6,0.4,0.30000000000000004,critical,1,RED,#FF0000
M_OpenMonthForecast,$ Forecasted Variance MoM (Adjusted Days),[$ MTD Forecast (Adjusted Days)] - [$ ACR Last Closed Month],,No,,No,,Yes,"$ acr last closed month, $ mtd forecast (adjusted days)",No,,"$ Forecasted Variance MoM (Adjusted Days) -> M_OpenMonthForecast + [$ MTD Forecast (Adjusted Days)] - [$ ACR Last Closed Month] | REFERENCES: $ ACR Last Closed Month -> M_ACR + CALCULATE(M_ACR[$ ACR],ALL(DimDate),DimDate[IsLastAzureClosedMonth]=1), $ MTD Forecast (Adjusted Days) -> M_OpenMonthForecast + [$ Average Daily ACR (Adjusted Days)] * [# Days in Month]",0.2,No qualified references - simpler measure,0.2,,0.4,,0.0,"The abbreviation 'MoM' (Month over Month) is used in the measure name, making it cryptic for users unfamiliar with the term.",0.6,0.4,0.30000000000000004,critical,1,RED,#FF0000
