Table,Measure,Expression,Description,Issue_Severity,Has_Duplicate,Duplicate_Measure_Names,Has_Qualified_Measure_References,Qualified_Referenced_Measures,Has_All_Measure_References,All_Referenced_Measures,Has_Commonly_Used_Measure,DAX_Recommendations,Context,Self_Explanatory_Explanation,Name_Reflects_Explanation,Abbreviations_Explanation,Overall_Score,Max_Overall_Score,Confidence_Score,Unqualified_Measures_Score,Unqualified_Measures_Max_Score,Unique_Measure_Calculation_Score,Unique_Measure_Calculation_Max_Score,Commonly_Used_Measure_Score,Commonly_Used_Measure_Max_Score,Is_Self_Explanatory_Score,Is_Self_Explanatory_Max_Score,Name_Reflects_Expression_Score,Name_Reflects_Expression_Max_Score,Avoid_Abbreviations_Score,Avoid_Abbreviations_Max_Score,Severity_Priority,Severity_Color_Code,Severity_Hex_Color
DimCustomer,# Accounts,DISTINCTCOUNT(DimCustomer[TPID]),,good,No,,No,,No,,Yes,,# Accounts -> DimCustomer + DISTINCTCOUNT(DimCustomer[TPID]),"The name '# Accounts' is self-explanatory as it clearly indicates it counts accounts, which aligns with the context showing DISTINCTCOUNT of TPID.",The name '# Accounts' accurately reflects the calculation of distinct count of TPID in the DimCustomer table.,"The abbreviation '#' is universally understood to mean 'number of', making the name clear and non-cryptic.",1.6999999999999997,1.6999999999999997,1.0,0.2,0.2,0.2,0.2,0.3,0.3,0.2,0.2,0.4,0.4,0.4,0.4,4,GREEN,#00FF00
DimCustomer,Step1Done,"if(OR(ISFILTERED(DimCustomer[TPIDTxt]),ISFILTERED(DimCustomer[TP Name Search])),""Yes"",""No"")",,critical,No,,No,,No,,No,,"Step1Done -> DimCustomer + if(OR(ISFILTERED(DimCustomer[TPIDTxt]),ISFILTERED(DimCustomer[TP Name Search])),""Yes"",""No"")",The name 'Step1Done' is not self-explanatory as it does not provide any indication of what the measure is calculating or its business purpose.,"The name 'Step1Done' does not reflect the calculation, which checks if specific filters are applied and returns 'Yes' or 'No'. The name does not indicate this logic.",There are no problematic abbreviations in the name 'Step1Done'.,0.8,1.6999999999999997,0.47058823529411775,0.2,0.2,0.2,0.2,0.0,0.3,0.0,0.2,0.0,0.4,0.4,0.4,1,RED,#FF0000
DimPartner,# Partners,COUNT(DimPartner[PartnerKey]),,warning,No,,No,,No,,No,,# Partners -> DimPartner + COUNT(DimPartner[PartnerKey]),"The name '# Partners' is self-explanatory as it clearly indicates it counts partners, which aligns with the context showing COUNT of PartnerKey.",The name '# Partners' accurately reflects the calculation of counting PartnerKey in the DimPartner table.,"The abbreviation '#' is universally understood to mean 'number of', making the name clear and non-cryptic.",1.4,1.6999999999999997,0.823529411764706,0.2,0.2,0.2,0.2,0.0,0.3,0.2,0.2,0.4,0.4,0.4,0.4,3,YELLOW,#FFFF00
DimSourceRefreshDetails,LastReportRefresh,"CONCATENATE(""Report last published: "",MAX(DimSourceRefreshDetails[LastReportRefreshDate]))",,warning,No,,No,,No,,No,,"LastReportRefresh -> DimSourceRefreshDetails + CONCATENATE(""Report last published: "",MAX(DimSourceRefreshDetails[LastReportRefreshDate]))","The name 'LastReportRefresh' is self-explanatory as it indicates the measure provides information about the last report refresh, which aligns with the context showing concatenation of the last refresh date.","The name 'LastReportRefresh' accurately reflects the calculation, which concatenates a message with the last refresh date.",There are no problematic abbreviations in the name 'LastReportRefresh'.,1.4,1.6999999999999997,0.823529411764706,0.2,0.2,0.2,0.2,0.0,0.3,0.2,0.2,0.4,0.4,0.4,0.4,3,YELLOW,#FFFF00
DimSourceRefreshDetails,TXT Revenue Refresh LINE,"
""🕘 MSXI refreshed ""
& CALCULATE(max(DimSourceRefreshDetails[UpstreamRefreshDate]), filter(DimSourceRefreshDetails, DimSourceRefreshDetails[DataCategory] = ""PBIX"")) 
& "", incl. ACR data from "" 
& CALCULATE(max(DimSourceRefreshDetails[UpstreamRefreshDate]), filter(DimSourceRefreshDetails, DimSourceRefreshDetails[DataCategory] = ""OCDM Azure Usage""))",,warning,No,,No,,No,,No,,"TXT Revenue Refresh LINE -> DimSourceRefreshDetails + 
""🕘 MSXI refreshed ""
& CALCULATE(max(DimSourceRefreshDetails[UpstreamRefreshDate]), filter(DimSourceRefreshDetails, DimSourceRefreshDetails[DataCategory] = ""PBIX"")) 
& "", incl. ACR data from "" 
& CALCULATE(max(DimSourceRefreshDetails[UpstreamRefreshDate]), filter(DimSourceRefreshDetails, DimSourceRefreshDetails[DataCategory] = ""OCDM Azure Usage""))","The name 'TXT Revenue Refresh LINE' is self-explanatory as it indicates the measure provides a text-based message about revenue refresh details, which aligns with the context showing concatenation of refresh dates and categories.","The name 'TXT Revenue Refresh LINE' accurately reflects the calculation, which generates a text message about revenue refresh details.","The abbreviations 'TXT' and 'LINE' are standard and widely understood, making the name clear and non-cryptic.",1.4,1.6999999999999997,0.823529411764706,0.2,0.2,0.2,0.2,0.0,0.3,0.2,0.2,0.4,0.4,0.4,0.4,3,YELLOW,#FFFF00
DimSourceRefreshDetails,Upstream Source Refreshed,"CONCATENATE(""Upstream source last refreshed: "",CALCULATE(MAX(DimSourceRefreshDetails[SourceLastRefreshedDate]),DimSourceRefreshDetails[DataCategory]=""OCDM Azure Usage""))",,warning,No,,No,,No,,No,,"Upstream Source Refreshed -> DimSourceRefreshDetails + CONCATENATE(""Upstream source last refreshed: "",CALCULATE(MAX(DimSourceRefreshDetails[SourceLastRefreshedDate]),DimSourceRefreshDetails[DataCategory]=""OCDM Azure Usage""))","The name 'Upstream Source Refreshed' is self-explanatory as it indicates the measure provides information about the last refresh of an upstream source, which aligns with the context showing concatenation of the last refresh date for a specific data category.","The name 'Upstream Source Refreshed' accurately reflects the calculation, which provides the last refresh date for an upstream source.",There are no problematic abbreviations in the name 'Upstream Source Refreshed'.,1.4,1.6999999999999997,0.823529411764706,0.2,0.2,0.2,0.2,0.0,0.3,0.2,0.2,0.4,0.4,0.4,0.4,3,YELLOW,#FFFF00
DimSourceRefreshDetails,ADG Source Refreshed,"CONCATENATE(""Upstream ADG source last refreshed: "",CALCULATE(MAX(DimSourceRefreshDetails[SourceLastRefreshedDate]),DimSourceRefreshDetails[DataCategory]=""AzureDateGrain""))",,warning,No,,No,,No,,No,,"ADG Source Refreshed -> DimSourceRefreshDetails + CONCATENATE(""Upstream ADG source last refreshed: "",CALCULATE(MAX(DimSourceRefreshDetails[SourceLastRefreshedDate]),DimSourceRefreshDetails[DataCategory]=""AzureDateGrain""))","The name 'ADG Source Refreshed' is self-explanatory as it indicates the measure provides information about the last refresh of the ADG source, which aligns with the context showing concatenation of the last refresh date for the 'AzureDateGrain' data category.","The name 'ADG Source Refreshed' accurately reflects the calculation, which provides the last refresh date for the ADG source.",The abbreviation 'ADG' is a standard term in the context of AzureDateGrain and is not cryptic.,1.4,1.6999999999999997,0.823529411764706,0.2,0.2,0.2,0.2,0.0,0.3,0.2,0.2,0.4,0.4,0.4,0.4,3,YELLOW,#FFFF00
Security Measures,Count of TPID in Security Override,"
// FOR SECURITY MODEL. DO NOT EDIT
COUNT ( 'DimSecurityOverride'[TPID] )",,warning,No,,No,,No,,No,,"Count of TPID in Security Override -> Security Measures + 
// FOR SECURITY MODEL. DO NOT EDIT
COUNT ( 'DimSecurityOverride'[TPID] )","The name 'Count of TPID in Security Override' is self-explanatory as it indicates the measure counts TPID in the security override table, which aligns with the context showing COUNT of TPID.",The name 'Count of TPID in Security Override' accurately reflects the calculation of counting TPID in the DimSecurityOverride table.,The abbreviation 'TPID' is a standard business term and is not cryptic.,1.4,1.6999999999999997,0.823529411764706,0.2,0.2,0.2,0.2,0.0,0.3,0.2,0.2,0.4,0.4,0.4,0.4,3,YELLOW,#FFFF00
Security Measures,CurrentUserAlias,"UPPER(LEFT(USERPRINCIPALNAME(), SEARCH(""@"",USERPRINCIPALNAME())-1))",,warning,No,,No,,No,,No,,"CurrentUserAlias -> Security Measures + UPPER(LEFT(USERPRINCIPALNAME(), SEARCH(""@"",USERPRINCIPALNAME())-1))","The name 'CurrentUserAlias' is self-explanatory as it indicates the measure retrieves the alias of the current user, which aligns with the context showing extraction of the alias from USERPRINCIPALNAME.",The name 'CurrentUserAlias' accurately reflects the calculation of extracting the alias of the current user.,There are no problematic abbreviations in the name 'CurrentUserAlias'.,1.4,1.6999999999999997,0.823529411764706,0.2,0.2,0.2,0.2,0.0,0.3,0.2,0.2,0.4,0.4,0.4,0.4,3,YELLOW,#FFFF00
Security Measures,CurrentUserAliasQuotaCheck,"LEFT(USERPRINCIPALNAME(), SEARCH(""@"",USERPRINCIPALNAME()))",,good,No,,No,,No,,Yes,,"CurrentUserAliasQuotaCheck -> Security Measures + LEFT(USERPRINCIPALNAME(), SEARCH(""@"",USERPRINCIPALNAME()))","The name 'CurrentUserAliasQuotaCheck' is self-explanatory as it indicates the measure checks the quota for the current user's alias, which aligns with the context showing extraction of the alias from USERPRINCIPALNAME.",The name 'CurrentUserAliasQuotaCheck' accurately reflects the calculation of checking the quota for the current user's alias.,There are no problematic abbreviations in the name 'CurrentUserAliasQuotaCheck'.,1.6999999999999997,1.6999999999999997,1.0,0.2,0.2,0.2,0.2,0.3,0.3,0.2,0.2,0.4,0.4,0.4,0.4,4,GREEN,#00FF00
Security Measures,CurrentUserFirstName,"LOOKUPVALUE(DimSecurity_AllAliases[FirstName],DimSecurity_AllAliases[Email],USERPRINCIPALNAME())",,good,No,,No,,No,,Yes,,"CurrentUserFirstName -> Security Measures + LOOKUPVALUE(DimSecurity_AllAliases[FirstName],DimSecurity_AllAliases[Email],USERPRINCIPALNAME())","The name 'CurrentUserFirstName' is self-explanatory as it indicates the measure retrieves the first name of the current user, which aligns with the context showing lookup of the first name based on USERPRINCIPALNAME.",The name 'CurrentUserFirstName' accurately reflects the calculation of retrieving the first name of the current user.,There are no problematic abbreviations in the name 'CurrentUserFirstName'.,1.6999999999999997,1.6999999999999997,1.0,0.2,0.2,0.2,0.2,0.3,0.3,0.2,0.2,0.4,0.4,0.4,0.4,4,GREEN,#00FF00
Security Measures,Main Greeting,"""Welcome, "" & [CurrentUserFirstName] & "". Here are your Funding Insights for "" & TODAY()",,warning,No,,No,,Yes,currentuserfirstname,No,,"Main Greeting -> Security Measures + ""Welcome, "" & [CurrentUserFirstName] & "". Here are your Funding Insights for "" & TODAY() | REFERENCES: CurrentUserFirstName -> Security Measures + LOOKUPVALUE(DimSecurity_AllAliases[FirstName],DimSecurity_AllAliases[Email],USERPRINCIPALNAME())","The name 'Main Greeting' is self-explanatory as it indicates the measure generates a greeting message, which aligns with the context showing concatenation of a welcome message with the user's first name and today's date.",The name 'Main Greeting' accurately reflects the calculation of generating a greeting message for the user.,There are no problematic abbreviations in the name 'Main Greeting'.,1.4,1.6999999999999997,0.823529411764706,0.2,0.2,0.2,0.2,0.0,0.3,0.2,0.2,0.4,0.4,0.4,0.4,3,YELLOW,#FFFF00
Security Measures,Approved_ElevatedAccess,"
// For Security Model. Don't edit
IF ( 
    SUMX ( 'DimSecurityOverride' , 
            SEARCH ( [CurrentUserAliasQuotaCheck], 'DimSecurityOverride'[ElevatedaccessTO] ,, 0 )
         ) ,
    1 ,
    0
)",,warning,No,,No,,Yes,currentuseraliasquotacheck,No,,"Approved_ElevatedAccess -> Security Measures + 
// For Security Model. Don't edit
IF ( 
    SUMX ( 'DimSecurityOverride' , 
            SEARCH ( [CurrentUserAliasQuotaCheck], 'DimSecurityOverride'[ElevatedaccessTO] ,, 0 )
         ) ,
    1 ,
    0
) | REFERENCES: CurrentUserAliasQuotaCheck -> Security Measures + LEFT(USERPRINCIPALNAME(), SEARCH(""@"",USERPRINCIPALNAME()))","The name 'Approved_ElevatedAccess' is self-explanatory as it indicates the measure checks if the user has elevated access approval, which aligns with the context showing logic for elevated access based on quota checks.",The name 'Approved_ElevatedAccess' accurately reflects the calculation of checking elevated access approval.,There are no problematic abbreviations in the name 'Approved_ElevatedAccess'.,1.4,1.6999999999999997,0.823529411764706,0.2,0.2,0.2,0.2,0.0,0.3,0.2,0.2,0.4,0.4,0.4,0.4,3,YELLOW,#FFFF00
Security Measures,Approved_ManagerAccess,"
// FOR SECURITY MODEL. DO NOT EDIT
IF ( 
    SUMX ( 'DimSecurityOverride',
        SEARCH ( [CurrentUserAliasQuotaCheck] , 'DimSecurityOverride'[Manager] , , 0 )
    ) ,
    1 ,
    0
)",,warning,No,,No,,Yes,currentuseraliasquotacheck,No,,"Approved_ManagerAccess -> Security Measures + 
// FOR SECURITY MODEL. DO NOT EDIT
IF ( 
    SUMX ( 'DimSecurityOverride',
        SEARCH ( [CurrentUserAliasQuotaCheck] , 'DimSecurityOverride'[Manager] , , 0 )
    ) ,
    1 ,
    0
) | REFERENCES: CurrentUserAliasQuotaCheck -> Security Measures + LEFT(USERPRINCIPALNAME(), SEARCH(""@"",USERPRINCIPALNAME()))","The name 'Approved_ManagerAccess' is self-explanatory as it indicates the measure checks if the user has manager access approval, which aligns with the context showing logic for manager access based on quota checks.",The name 'Approved_ManagerAccess' accurately reflects the calculation of checking manager access approval.,There are no problematic abbreviations in the name 'Approved_ManagerAccess'.,1.4,1.6999999999999997,0.823529411764706,0.2,0.2,0.2,0.2,0.0,0.3,0.2,0.2,0.4,0.4,0.4,0.4,3,YELLOW,#FFFF00
Security Measures,Approved_UserAccess,"
// FOR SECURITY MODEL. DO NOT EDIT
IF ( 
    SUMX ( 'DimSecurityOverride',
        SEARCH ( [CurrentUserAliasQuotaCheck] , 'DimSecurityOverride'[USER_Name] ,, 0 )
    ) ,
    1 ,
    0
)",,warning,No,,No,,Yes,currentuseraliasquotacheck,No,,"Approved_UserAccess -> Security Measures + 
// FOR SECURITY MODEL. DO NOT EDIT
IF ( 
    SUMX ( 'DimSecurityOverride',
        SEARCH ( [CurrentUserAliasQuotaCheck] , 'DimSecurityOverride'[USER_Name] ,, 0 )
    ) ,
    1 ,
    0
) | REFERENCES: CurrentUserAliasQuotaCheck -> Security Measures + LEFT(USERPRINCIPALNAME(), SEARCH(""@"",USERPRINCIPALNAME()))","The name 'Approved_UserAccess' is self-explanatory as it indicates the measure checks if the user has general user access approval, which aligns with the context showing logic for user access based on quota checks.",The name 'Approved_UserAccess' accurately reflects the calculation of checking user access approval.,There are no problematic abbreviations in the name 'Approved_UserAccess'.,1.4,1.6999999999999997,0.823529411764706,0.2,0.2,0.2,0.2,0.0,0.3,0.2,0.2,0.4,0.4,0.4,0.4,3,YELLOW,#FFFF00
Utility Measures,Select Top Filters,"IFERROR(IF(ISFILTERED('DimDate'[FiscalQuarter]),""SELECTED QUARTER:""&"" ""&VALUES('DimDate'[FiscalQuarter]),""-""),""SELECTED QUARTER:""&"" ""&""MULTIPLE"")",,warning,No,,No,,No,,No,,"Select Top Filters -> Utility Measures + IFERROR(IF(ISFILTERED('DimDate'[FiscalQuarter]),""SELECTED QUARTER:""&"" ""&VALUES('DimDate'[FiscalQuarter]),""-""),""SELECTED QUARTER:""&"" ""&""MULTIPLE"")","The name 'Select Top Filters' is self-explanatory as it clearly indicates the measure is related to selecting top filters, which aligns with the context provided.","The name reflects the calculation as the context shows it determines the selected fiscal quarter or multiple quarters, which aligns with the name.",There are no problematic abbreviations in the measure name; it is clear and descriptive.,1.4,1.6999999999999997,0.823529411764706,0.2,0.2,0.2,0.2,0.0,0.3,0.2,0.2,0.4,0.4,0.4,0.4,3,YELLOW,#FFFF00
Utility Measures,Refresh Date Icon,"""🕘""",,issue,Yes,"Refresh Date Icon, Icon",No,,No,,No,"DUPLICATE EXPRESSION: This measure has identical expression to: Refresh Date Icon, Icon","Refresh Date Icon -> Utility Measures + ""🕘""","The name 'Refresh Date Icon' is self-explanatory as it indicates the measure returns a visual icon related to refresh date, which aligns with the context.","The name reflects the calculation as the context shows it returns a static clock emoji, which is consistent with the name.",There are no problematic abbreviations in the measure name; it is clear and descriptive.,1.2000000000000002,1.6999999999999997,0.7058823529411767,0.2,0.2,0.0,0.2,0.0,0.3,0.2,0.2,0.4,0.4,0.4,0.4,2,ORANGE,#FFA500
Utility Measures,Dot for Hover,""".""",,warning,No,,No,,No,,No,,"Dot for Hover -> Utility Measures + "".""","The name 'Dot for Hover' is self-explanatory as it indicates the measure provides a dot for hover functionality, which aligns with the context.","The name reflects the calculation as the context shows it returns a static dot, which matches the name.",There are no problematic abbreviations in the measure name; it is clear and descriptive.,1.4,1.6999999999999997,0.823529411764706,0.2,0.2,0.2,0.2,0.0,0.3,0.2,0.2,0.4,0.4,0.4,0.4,3,YELLOW,#FFFF00
Utility Measures,Coming Soon,"""Coming Soon""",,warning,No,,No,,No,,No,,"Coming Soon -> Utility Measures + ""Coming Soon""","The name 'Coming Soon' is self-explanatory as it indicates the measure provides a static string 'Coming Soon', which aligns with the context.","The name reflects the calculation as the context shows it returns the static string 'Coming Soon', which matches the name.",There are no problematic abbreviations in the measure name; it is clear and descriptive.,1.4,1.6999999999999997,0.823529411764706,0.2,0.2,0.2,0.2,0.0,0.3,0.2,0.2,0.4,0.4,0.4,0.4,3,YELLOW,#FFFF00
Utility Measures,Rollover Status,"""FY25 Rollover Status (Hover)""",,warning,No,,No,,No,,No,,"Rollover Status -> Utility Measures + ""FY25 Rollover Status (Hover)""","The name 'Rollover Status' is self-explanatory as it indicates the measure provides information about the rollover status, which aligns with the context.","The name reflects the calculation as the context shows it returns a static string related to FY25 rollover status, which matches the name.",There are no problematic abbreviations in the measure name; it is clear and descriptive.,1.4,1.6999999999999997,0.823529411764706,0.2,0.2,0.2,0.2,0.0,0.3,0.2,0.2,0.4,0.4,0.4,0.4,3,YELLOW,#FFFF00
Utility Measures,Date Grain Link,"VAR IsCommercial = MAX(DimCustomer[IsCommercial])
VAR DG_Enterprise = ""https://msxi.microsoft.com/User/Home/report/a017f9cf-d2ed-48c6-81f3-e914928849d2/3109?reportTab=ReportSection""
VAR DG_SMC = ""https://msxi.microsoft.com/User/Home/report/b09b6889-99d4-4714-8709-1a1b57b906ba/3109?reportTab=ReportSection""
RETURN
IF(IsCommercial=1,DG_Enterprise,DG_SMC)",,warning,No,,No,,No,,No,,"Date Grain Link -> Utility Measures + VAR IsCommercial = MAX(DimCustomer[IsCommercial])
VAR DG_Enterprise = ""https://msxi.microsoft.com/User/Home/report/a017f9cf-d2ed-48c6-81f3-e914928849d2/3109?reportTab=ReportSection""
VAR DG_SMC = ""https://msxi.microsoft.com/User/Home/report/b09b6889-99d4-4714-8709-1a1b57b906ba/3109?reportTab=ReportSection""
RETURN
IF(IsCommercial=1,DG_Enterprise,DG_SMC)","The name 'Date Grain Link' is self-explanatory as it indicates the measure provides links based on date grain, which aligns with the context.","The name reflects the calculation as the context shows it returns links based on the 'IsCommercial' value, which matches the name.",There are no problematic abbreviations in the measure name; it is clear and descriptive.,1.4,1.6999999999999997,0.823529411764706,0.2,0.2,0.2,0.2,0.0,0.3,0.2,0.2,0.4,0.4,0.4,0.4,3,YELLOW,#FFFF00
Sample Images,Save button,"""💾""",,warning,No,,No,,No,,No,,"Save button -> Sample Images + ""💾""","The name 'Save button' is self-explanatory as it indicates the measure provides a save button icon, which aligns with the context.","The name reflects the calculation as the context shows it returns a static save icon, which matches the name.",There are no problematic abbreviations in the measure name; it is clear and descriptive.,1.4,1.6999999999999997,0.823529411764706,0.2,0.2,0.2,0.2,0.0,0.3,0.2,0.2,0.4,0.4,0.4,0.4,3,YELLOW,#FFFF00
Sample Images,Attachment Image,"""📎""",,warning,No,,No,,No,,No,,"Attachment Image -> Sample Images + ""📎""","The name 'Attachment Image' is self-explanatory as it indicates the measure provides an attachment image icon, which aligns with the context.","The name reflects the calculation as the context shows it returns a static attachment icon, which matches the name.",There are no problematic abbreviations in the measure name; it is clear and descriptive.,1.4,1.6999999999999997,0.823529411764706,0.2,0.2,0.2,0.2,0.0,0.3,0.2,0.2,0.4,0.4,0.4,0.4,3,YELLOW,#FFFF00
Sample Images,EmailIcon,"""📧""",,warning,No,,No,,No,,No,,"EmailIcon -> Sample Images + ""📧""","The name 'EmailIcon' is self-explanatory as it indicates the measure provides an email icon, which aligns with the context.","The name reflects the calculation as the context shows it returns a static email icon, which matches the name.",There are no problematic abbreviations in the measure name; it is clear and descriptive.,1.4,1.6999999999999997,0.823529411764706,0.2,0.2,0.2,0.2,0.0,0.3,0.2,0.2,0.4,0.4,0.4,0.4,3,YELLOW,#FFFF00
M_ACR,$ ACR,"VAR CY = SUM(ACR_CY[AzureConsumedRevenue])
VAR PY = SUM(ACR_PY[AzureConsumedRevenue])
VAR A = CY + PY
VAR S = IF(ISFILTERED(DimCustomer[TPAccountName]),BLANK(),SUM(ACR_Summarized[AzureConsumedRevenue]))
VAR SelectedView = SELECTEDVALUE(DimViewType[ViewType])
RETURN
SWITCH(SelectedView,""Non-Curated"",S,A)",,issue,No,,No,,No,,Yes,,"$ ACR -> M_ACR + VAR CY = SUM(ACR_CY[AzureConsumedRevenue])
VAR PY = SUM(ACR_PY[AzureConsumedRevenue])
VAR A = CY + PY
VAR S = IF(ISFILTERED(DimCustomer[TPAccountName]),BLANK(),SUM(ACR_Summarized[AzureConsumedRevenue]))
VAR SelectedView = SELECTEDVALUE(DimViewType[ViewType])
RETURN
SWITCH(SelectedView,""Non-Curated"",S,A)",The name '$ ACR' is not self-explanatory as it does not provide sufficient context about what 'ACR' represents without examining the context.,"The name reflects the calculation as the context shows it calculates Azure Consumed Revenue (ACR), which aligns with the name.",The abbreviation 'ACR' is problematic as it is not universally understood without additional context.,1.1,1.6999999999999997,0.6470588235294119,0.2,0.2,0.2,0.2,0.3,0.3,0.0,0.2,0.4,0.4,0.0,0.4,2,ORANGE,#FFA500
M_ACR,$ Organic ACR,"CALCULATE(M_ACR[$ ACR],'Distinct AdjustmentFlag'[AdjustmentFlag]=""N/A"")",,critical,No,,Yes,$ acr,Yes,$ acr,Yes,"Please use unqualified measures references i.e., [Measure Name] instead of Fully Qualified reference i.e., Table[MeasureName] or 'Table'[MeasureName]. Referenced measures: $ acr","$ Organic ACR -> M_ACR + CALCULATE(M_ACR[$ ACR],'Distinct AdjustmentFlag'[AdjustmentFlag]=""N/A"") | REFERENCES: $ ACR -> M_ACR + VAR CY = SUM(ACR_CY[AzureConsumedRevenue])
VAR PY = SUM(ACR_PY[AzureConsumedRevenue])
VAR A = CY + PY
VAR S = IF(ISFILTERED(DimCustomer[TPAccountName]),BLANK(),SUM(ACR_Summarized[AzureConsumedRevenue]))
VAR SelectedView = SELECTEDVALUE(DimViewType[ViewType])
RETURN
SWITCH(SelectedView,""Non-Curated"",S,A)",The name '$ Organic ACR' is not self-explanatory as it does not provide sufficient context about what 'Organic ACR' represents without examining the context.,"The name reflects the calculation as the context shows it calculates Azure Consumed Revenue (ACR) filtered by 'AdjustmentFlag' being 'N/A', which aligns with the name.",The abbreviation 'ACR' is problematic as it is not universally understood without additional context.,0.9,1.6999999999999997,0.5294117647058825,0.0,0.2,0.2,0.2,0.3,0.3,0.0,0.2,0.4,0.4,0.0,0.4,1,RED,#FF0000
M_ACR,$ ACR Adjustments for Comp,"CALCULATE(M_ACR[$ ACR],'Distinct AdjustmentFlag'[AdjustmentFlag]<>""N/A"")",,critical,No,,Yes,$ acr,Yes,$ acr,No,"Please use unqualified measures references i.e., [Measure Name] instead of Fully Qualified reference i.e., Table[MeasureName] or 'Table'[MeasureName]. Referenced measures: $ acr","$ ACR Adjustments for Comp -> M_ACR + CALCULATE(M_ACR[$ ACR],'Distinct AdjustmentFlag'[AdjustmentFlag]<>""N/A"") | REFERENCES: $ ACR -> M_ACR + VAR CY = SUM(ACR_CY[AzureConsumedRevenue])
VAR PY = SUM(ACR_PY[AzureConsumedRevenue])
VAR A = CY + PY
VAR S = IF(ISFILTERED(DimCustomer[TPAccountName]),BLANK(),SUM(ACR_Summarized[AzureConsumedRevenue]))
VAR SelectedView = SELECTEDVALUE(DimViewType[ViewType])
RETURN
SWITCH(SelectedView,""Non-Curated"",S,A)",The name '$ ACR Adjustments for Comp' is not self-explanatory as it does not provide sufficient context about what 'ACR Adjustments for Comp' represents without examining the context.,"The name reflects the calculation as the context shows it calculates Azure Consumed Revenue (ACR) filtered by 'AdjustmentFlag' not being 'N/A', which aligns with the name.",The abbreviation 'ACR' is problematic as it is not universally understood without additional context.,0.6000000000000001,1.6999999999999997,0.35294117647058837,0.0,0.2,0.2,0.2,0.0,0.3,0.0,0.2,0.4,0.4,0.0,0.4,1,RED,#FF0000
M_ACR,$ ACR All Except Date,"CALCULATE(M_ACR[$ ACR], ALLEXCEPT(DimDate,DimDate[FiscalMonth]))",,critical,No,,Yes,$ acr,Yes,$ acr,No,"Please use unqualified measures references i.e., [Measure Name] instead of Fully Qualified reference i.e., Table[MeasureName] or 'Table'[MeasureName]. Referenced measures: $ acr","$ ACR All Except Date -> M_ACR + CALCULATE(M_ACR[$ ACR], ALLEXCEPT(DimDate,DimDate[FiscalMonth])) | REFERENCES: $ ACR -> M_ACR + VAR CY = SUM(ACR_CY[AzureConsumedRevenue])
VAR PY = SUM(ACR_PY[AzureConsumedRevenue])
VAR A = CY + PY
VAR S = IF(ISFILTERED(DimCustomer[TPAccountName]),BLANK(),SUM(ACR_Summarized[AzureConsumedRevenue]))
VAR SelectedView = SELECTEDVALUE(DimViewType[ViewType])
RETURN
SWITCH(SelectedView,""Non-Curated"",S,A)",The name '$ ACR All Except Date' is not self-explanatory as it does not provide sufficient context about what 'ACR All Except Date' represents without examining the context.,"The name reflects the calculation as the context shows it calculates Azure Consumed Revenue (ACR) with ALLEXCEPT applied to DimDate[FiscalMonth], which aligns with the name.",The abbreviation 'ACR' is problematic as it is not universally understood without additional context.,0.6000000000000001,1.6999999999999997,0.35294117647058837,0.0,0.2,0.2,0.2,0.0,0.3,0.0,0.2,0.4,0.4,0.0,0.4,1,RED,#FF0000
M_ACR,$ Gross ACR,"VAR CY = SUM(ACR_CY[AzureConsumedRevenueGross])
VAR PY = SUM(ACR_PY[AzureConsumedRevenueGross])
VAR A = CY + PY
VAR S = IF(ISFILTERED(DimCustomer[TPAccountName]),BLANK(),SUM(ACR_Summarized[AzureConsumedRevenueGross]))
VAR SelectedView = SELECTEDVALUE(DimViewType[ViewType])
RETURN
SWITCH(SelectedView,""Non-Curated"",S,A)",,issue,No,,No,,No,,Yes,,"$ Gross ACR -> M_ACR + VAR CY = SUM(ACR_CY[AzureConsumedRevenueGross])
VAR PY = SUM(ACR_PY[AzureConsumedRevenueGross])
VAR A = CY + PY
VAR S = IF(ISFILTERED(DimCustomer[TPAccountName]),BLANK(),SUM(ACR_Summarized[AzureConsumedRevenueGross]))
VAR SelectedView = SELECTEDVALUE(DimViewType[ViewType])
RETURN
SWITCH(SelectedView,""Non-Curated"",S,A)",The name '$ Gross ACR' is not self-explanatory as it does not provide sufficient context about what 'Gross ACR' represents without examining the context.,"The name reflects the calculation as the context shows it calculates gross Azure Consumed Revenue (ACR), which aligns with the name.",The abbreviation 'ACR' is problematic as it is not universally understood without additional context.,1.1,1.6999999999999997,0.6470588235294119,0.2,0.2,0.2,0.2,0.3,0.3,0.0,0.2,0.4,0.4,0.0,0.4,2,ORANGE,#FFA500
M_ACR,$ Average Daily ACR,"
VAR Days = [# Days in Month]
VAR DaysCurrent = DATEDIFF(CALCULATE(MAX(DimDate[MonthStartDate]),DimDate[IsCurrentAzureMonth]=1),TODAY(),DAY)
VAR ACR = M_ACR[$ ACR]
VAR SelectedMonth = [DATE - Latest Selected Month]
VAR AzureDate = CALCULATE(MAX(DimSourceRefreshDetails[SourceLastRefreshedDate]), DimSourceRefreshDetails[DataCategory]=""OCDM Azure Usage"")
VAR AzureCurrentM = [DATE - Azure Current Month]
VAR Today = TODAY()
VAR AzureLastClosed = M_Date[DATE - Last Closed Azure Month]
VAR CurrentMonthFY = M_Date[DATE + 1 Month After Last Closed Azure Month]
VAR SourceDate = CALCULATE(MAX(DimSourceRefreshDetails[SourceLastRefreshedDate]),DimSourceRefreshDetails[DataCategory]=""AzureDateGrain"")
VAR DaysSource = DATEDIFF(CALCULATE(MAX(DimDate[MonthStartDate]),DimDate[IsCurrentAzureMonth]=1),SourceDate,DAY)
VAR DaysSourceFY = DATEDIFF(CALCULATE(MAX(DimDate[MonthStartDate]),DimDate[CreateDate]=CurrentMonthFY),SourceDate,DAY)
RETURN
IF(SelectedMonth = AzureCurrentM,DIVIDE(ACR, DaysSource),IF(SelectedMonth > AzureLastClosed,BLANK(),DIVIDE(ACR, Days)))
--IF(SelectedMonth > AzureCurrentM,DIVIDE(ACR, DaysSourceFY),IF(SelectedMonth > AzureLastClosed,BLANK(),DIVIDE(ACR, Days)))",,critical,No,,Yes,"$ acr, date + 1 month after last closed azure month, date - last closed azure month",Yes,"# days in month, $ acr, date + 1 month after last closed azure month, date - azure current month, date - last closed azure month, date - latest selected month",Yes,"Please use unqualified measures references i.e., [Measure Name] instead of Fully Qualified reference i.e., Table[MeasureName] or 'Table'[MeasureName]. Referenced measures: $ acr, date + 1 month after last closed azure month, date - last closed azure month","$ Average Daily ACR -> M_ACR + 
VAR Days = [# Days in Month]
VAR DaysCurrent = DATEDIFF(CALCULATE(MAX(DimDate[MonthStartDate]),DimDate[IsCurrentAzureMonth]=1),TODAY(),DAY)
VAR ACR = M_ACR[$ ACR]
VAR SelectedMonth = [DATE - Latest Selected Month]
VAR AzureDate = CALCULATE(MAX(DimSourceRefreshDetails[SourceLastRefreshedDate]), DimSourceRefreshDetails[DataCategory]=""OCDM Azure Usage"")
VAR AzureCurrentM = [DATE - Azure Current Month]
VAR Today = TODAY()
VAR AzureLastClosed = M_Date[DATE - Last Closed Azure Month]
VAR CurrentMonthFY = M_Date[DATE + 1 Month After Last Closed Azure Month]
VAR SourceDate = CALCULATE(MAX(DimSourceRefreshDetails[SourceLastRefreshedDate]),DimSourceRefreshDetails[DataCategory]=""AzureDateGrain"")
VAR DaysSource = DATEDIFF(CALCULATE(MAX(DimDate[MonthStartDate]),DimDate[IsCurrentAzureMonth]=1),SourceDate,DAY)
VAR DaysSourceFY = DATEDIFF(CALCULATE(MAX(DimDate[MonthStartDate]),DimDate[CreateDate]=CurrentMonthFY),SourceDate,DAY)
RETURN
IF(SelectedMonth = AzureCurrentM,DIVIDE(ACR, DaysSource),IF(SelectedMonth > AzureLastClosed,BLANK(),DIVIDE(ACR, Days)))
--IF(SelectedMonth > AzureCurrentM,DIVIDE(ACR, DaysSourceFY),IF(SelectedMonth > AzureLastClosed,BLANK(),DIVIDE(ACR, Days))) | REFERENCES: # Days in Month -> M_Date + [Start End Date Diff] + 1, $ ACR -> M_ACR + VAR CY = SUM(ACR_CY[AzureConsumedRevenue])
VAR PY = SUM(ACR_PY[AzureConsumedRevenue])
VAR A = CY + PY
VAR S = IF(ISFILTERED(DimCustomer[TPAccountName]),BLANK(),SUM(ACR_Summarized[AzureConsumedRevenue]))
VAR SelectedView = SELECTEDVALUE(DimViewType[ViewType])
RETURN
SWITCH(SelectedView,""Non-Curated"",S,A), DATE + 1 Month After Last Closed Azure Month -> M_Date + 
// Returns the start date of the month after the last closed azure month
VAR LastAzureClosedMonth = [DATE - Last Closed Azure Month]
VAR OneMonthAfter = EDATE ( LastAzureClosedMonth, 1)
RETURN
OneMonthAfter, DATE - Azure Current Month -> M_Date + 
// Returns the value of the latest selected month
VAR LatestSelectedMonth = CALCULATE ( MAX('DimDate'[MonthStartDate]), DimDate[IsCurrentAzureMonth]=1 )
RETURN
LatestSelectedMonth, DATE - Last Closed Azure Month -> M_Date + 
// Returns start date of last closed Azure month
VAR LastClosedAzureMonth = CALCULATE(SELECTEDVALUE('DimDate'[MonthStartDate]), ALL('DimDate'), 'DimDate'[IsLastAzureClosedMonth] = 1)
RETURN
LastClosedAzureMonth, DATE - Latest Selected Month -> M_Date + 
// Returns the value of the latest selected month
VAR LatestSelectedMonth = CALCULATE ( MAX('DimDate'[MonthStartDate]) )
RETURN
LatestSelectedMonth",The name '$ Average Daily ACR' is not self-explanatory as it does not provide sufficient context about what 'Average Daily ACR' represents without examining the context.,"The name reflects the calculation as the context shows it calculates average daily Azure Consumed Revenue (ACR) based on various date-related logic, which aligns with the name.",The abbreviation 'ACR' is problematic as it is not universally understood without additional context.,0.9,1.6999999999999997,0.5294117647058825,0.0,0.2,0.2,0.2,0.3,0.3,0.0,0.2,0.4,0.4,0.0,0.4,1,RED,#FF0000
M_ACR,$ Avg Daily ACR Last Closed Month,"
// Returns ACR for the latest selected month. Doesn't roll up to quarters - for use in other measures
VAR SelectedMonth = [DATE - Last Closed Azure Month]
RETURN
CALCULATE(
    [$ Average Daily ACR], ALL(DimDate),
    DimDate[CreateDate]=SelectedMonth
)",,good,No,,No,,Yes,"$ average daily acr, date - last closed azure month",Yes,,"$ Avg Daily ACR Last Closed Month -> M_ACR + 
// Returns ACR for the latest selected month. Doesn't roll up to quarters - for use in other measures
VAR SelectedMonth = [DATE - Last Closed Azure Month]
RETURN
CALCULATE(
    [$ Average Daily ACR], ALL(DimDate),
    DimDate[CreateDate]=SelectedMonth
) | REFERENCES: $ Average Daily ACR -> M_ACR + 
VAR Days = [# Days in Month]
VAR DaysCurrent = DATEDIFF(CALCULATE(MAX(DimDate[MonthStartDate]),DimDate[IsCurrentAzureMonth]=1),TODAY(),DAY)
VAR ACR = M_ACR[$ ACR]
VAR SelectedMonth = [DATE - Latest Selected Month]
VAR AzureDate = CALCULATE(MAX(DimSourceRefreshDetails[SourceLastRefreshedDate]), DimSourceRefreshDetails[DataCategory]=""OCDM Azure Usage"")
VAR AzureCurrentM = [DATE - Azure Current Month]
VAR Today = TODAY()
VAR AzureLastClosed = M_Date[DATE - Last Closed Azure Month]
VAR CurrentMonthFY = M_Date[DATE + 1 Month After Last Closed Azure Month]
VAR SourceDate = CALCULATE(MAX(DimSourceRefreshDetails[SourceLastRefreshedDate]),DimSourceRefreshDetails[DataCategory]=""AzureDateGrain"")
VAR DaysSource = DATEDIFF(CALCULATE(MAX(DimDate[MonthStartDate]),DimDate[IsCurrentAzureMonth]=1),SourceDate,DAY)
VAR DaysSourceFY = DATEDIFF(CALCULATE(MAX(DimDate[MonthStartDate]),DimDate[CreateDate]=CurrentMonthFY),SourceDate,DAY)
RETURN
IF(SelectedMonth = AzureCurrentM,DIVIDE(ACR, DaysSource),IF(SelectedMonth > AzureLastClosed,BLANK(),DIVIDE(ACR, Days)))
--IF(SelectedMonth > AzureCurrentM,DIVIDE(ACR, DaysSourceFY),IF(SelectedMonth > AzureLastClosed,BLANK(),DIVIDE(ACR, Days))), DATE - Last Closed Azure Month -> M_Date + 
// Returns start date of last closed Azure month
VAR LastClosedAzureMonth = CALCULATE(SELECTEDVALUE('DimDate'[MonthStartDate]), ALL('DimDate'), 'DimDate'[IsLastAzureClosedMonth] = 1)
RETURN
LastClosedAzureMonth","The name clearly indicates that the measure calculates the average daily ACR for the last closed month, which aligns with the context provided.","The name accurately reflects the calculation described in the context, which is the average daily ACR for the last closed month.",No problematic abbreviations are present in the measure name. '$' and 'ACR' are standard business terms.,1.6999999999999997,1.6999999999999997,1.0,0.2,0.2,0.2,0.2,0.3,0.3,0.2,0.2,0.4,0.4,0.4,0.4,4,GREEN,#00FF00
M_ACR,$ Avg Daily ACR Previous Last Closed Month,"
// Returns ACR for the latest selected month. Doesn't roll up to quarters - for use in other measures
VAR SelectedMonth = [DATE - 1 Month Prior to Last Closed Azure Month]
RETURN
CALCULATE(
    [$ Average Daily ACR],ALL(DimDate),
    DimDate[CreateDate]=SelectedMonth
)",,good,No,,No,,Yes,"$ average daily acr, date - 1 month prior to last closed azure month",Yes,,"$ Avg Daily ACR Previous Last Closed Month -> M_ACR + 
// Returns ACR for the latest selected month. Doesn't roll up to quarters - for use in other measures
VAR SelectedMonth = [DATE - 1 Month Prior to Last Closed Azure Month]
RETURN
CALCULATE(
    [$ Average Daily ACR],ALL(DimDate),
    DimDate[CreateDate]=SelectedMonth
) | REFERENCES: $ Average Daily ACR -> M_ACR + 
VAR Days = [# Days in Month]
VAR DaysCurrent = DATEDIFF(CALCULATE(MAX(DimDate[MonthStartDate]),DimDate[IsCurrentAzureMonth]=1),TODAY(),DAY)
VAR ACR = M_ACR[$ ACR]
VAR SelectedMonth = [DATE - Latest Selected Month]
VAR AzureDate = CALCULATE(MAX(DimSourceRefreshDetails[SourceLastRefreshedDate]), DimSourceRefreshDetails[DataCategory]=""OCDM Azure Usage"")
VAR AzureCurrentM = [DATE - Azure Current Month]
VAR Today = TODAY()
VAR AzureLastClosed = M_Date[DATE - Last Closed Azure Month]
VAR CurrentMonthFY = M_Date[DATE + 1 Month After Last Closed Azure Month]
VAR SourceDate = CALCULATE(MAX(DimSourceRefreshDetails[SourceLastRefreshedDate]),DimSourceRefreshDetails[DataCategory]=""AzureDateGrain"")
VAR DaysSource = DATEDIFF(CALCULATE(MAX(DimDate[MonthStartDate]),DimDate[IsCurrentAzureMonth]=1),SourceDate,DAY)
VAR DaysSourceFY = DATEDIFF(CALCULATE(MAX(DimDate[MonthStartDate]),DimDate[CreateDate]=CurrentMonthFY),SourceDate,DAY)
RETURN
IF(SelectedMonth = AzureCurrentM,DIVIDE(ACR, DaysSource),IF(SelectedMonth > AzureLastClosed,BLANK(),DIVIDE(ACR, Days)))
--IF(SelectedMonth > AzureCurrentM,DIVIDE(ACR, DaysSourceFY),IF(SelectedMonth > AzureLastClosed,BLANK(),DIVIDE(ACR, Days))), DATE - 1 Month Prior to Last Closed Azure Month -> M_Date + 
// Returns the start date of the month before the latest selected azure closed month
VAR LastAzureClosedMonth = [DATE - Last Closed Azure Month]
VAR OneMonthPrior = CALCULATE(EDATE ( LastAzureClosedMonth, -1),ALL(DimDate))
RETURN
OneMonthPrior","The name indicates that the measure calculates the average daily ACR for the month prior to the last closed month, which is clear given the context.","The name reflects the calculation described in the context, which is the average daily ACR for the month prior to the last closed month.",No problematic abbreviations are present in the measure name. '$' and 'ACR' are standard business terms.,1.6999999999999997,1.6999999999999997,1.0,0.2,0.2,0.2,0.2,0.3,0.3,0.2,0.2,0.4,0.4,0.4,0.4,4,GREEN,#00FF00
M_ACR,% Avg Daily ACR MoM Change Last Closed Month,"VAR Change = [$ Avg Daily ACR Last Closed Month] - [$ Avg Daily ACR Previous Last Closed Month]
RETURN
DIVIDE(Change , [$ Avg Daily ACR Previous Last Closed Month])",,good,No,,No,,Yes,"$ avg daily acr last closed month, $ avg daily acr previous last closed month",Yes,,"% Avg Daily ACR MoM Change Last Closed Month -> M_ACR + VAR Change = [$ Avg Daily ACR Last Closed Month] - [$ Avg Daily ACR Previous Last Closed Month]
RETURN
DIVIDE(Change , [$ Avg Daily ACR Previous Last Closed Month]) | REFERENCES: $ Avg Daily ACR Last Closed Month -> M_ACR + 
// Returns ACR for the latest selected month. Doesn't roll up to quarters - for use in other measures
VAR SelectedMonth = [DATE - Last Closed Azure Month]
RETURN
CALCULATE(
    [$ Average Daily ACR], ALL(DimDate),
    DimDate[CreateDate]=SelectedMonth
), $ Avg Daily ACR Previous Last Closed Month -> M_ACR + 
// Returns ACR for the latest selected month. Doesn't roll up to quarters - for use in other measures
VAR SelectedMonth = [DATE - 1 Month Prior to Last Closed Azure Month]
RETURN
CALCULATE(
    [$ Average Daily ACR],ALL(DimDate),
    DimDate[CreateDate]=SelectedMonth
)","The name indicates that the measure calculates the percentage change in average daily ACR month-over-month for the last closed month, which aligns with the context.","The name reflects the calculation described in the context, which is the percentage change in average daily ACR compared to the previous month.","No problematic abbreviations are present in the measure name. '%', 'Avg', 'ACR', and 'MoM' are standard business terms.",1.6999999999999997,1.6999999999999997,1.0,0.2,0.2,0.2,0.2,0.3,0.3,0.2,0.2,0.4,0.4,0.4,0.4,4,GREEN,#00FF00
M_ACR,% Avg Daily ACR YoY,"VAR D = DIVIDE([$ Avg Daily ACR Latest Selected Month] , [$ Avg Daily ACR 12 Selected Months Ago])
VAR YoY = D - 1
RETURN
IF(ISBLANK([$ Avg Daily ACR Latest Selected Month]),BLANK(),YoY)",,good,No,,No,,Yes,"$ avg daily acr 12 selected months ago, $ avg daily acr latest selected month",Yes,,"% Avg Daily ACR YoY -> M_ACR + VAR D = DIVIDE([$ Avg Daily ACR Latest Selected Month] , [$ Avg Daily ACR 12 Selected Months Ago])
VAR YoY = D - 1
RETURN
IF(ISBLANK([$ Avg Daily ACR Latest Selected Month]),BLANK(),YoY) | REFERENCES: $ Avg Daily ACR 12 Selected Months Ago -> M_ACR + 
// Returns ACR for the latest selected month. Doesn't roll up to quarters - for use in other measures
VAR SelectedMonth = [DATE - 12 Month Prior to Selected Month]
RETURN
CALCULATE(
    [$ Average Daily ACR], ALL(DimDate),
    DimDate[CreateDate]=SelectedMonth
), $ Avg Daily ACR Latest Selected Month -> M_ACR + 
// Returns ACR for the latest selected month. Doesn't roll up to quarters - for use in other measures
VAR SelectedMonth = [DATE - Latest Selected Month]
RETURN
CALCULATE(
    [$ Average Daily ACR],
    DimDate[CreateDate]=SelectedMonth
)","The name indicates that the measure calculates the year-over-year percentage change in average daily ACR, which is clear given the context.","The name reflects the calculation described in the context, which is the year-over-year percentage change in average daily ACR.","No problematic abbreviations are present in the measure name. '%', 'Avg', 'ACR', and 'YoY' are standard business terms.",1.6999999999999997,1.6999999999999997,1.0,0.2,0.2,0.2,0.2,0.3,0.3,0.2,0.2,0.4,0.4,0.4,0.4,4,GREEN,#00FF00
M_ACR,$ Avg Daily ACR 12 Selected Months Ago,"
// Returns ACR for the latest selected month. Doesn't roll up to quarters - for use in other measures
VAR SelectedMonth = [DATE - 12 Month Prior to Selected Month]
RETURN
CALCULATE(
    [$ Average Daily ACR], ALL(DimDate),
    DimDate[CreateDate]=SelectedMonth
)",,good,No,,No,,Yes,"$ average daily acr, date - 12 month prior to selected month",Yes,,"$ Avg Daily ACR 12 Selected Months Ago -> M_ACR + 
// Returns ACR for the latest selected month. Doesn't roll up to quarters - for use in other measures
VAR SelectedMonth = [DATE - 12 Month Prior to Selected Month]
RETURN
CALCULATE(
    [$ Average Daily ACR], ALL(DimDate),
    DimDate[CreateDate]=SelectedMonth
) | REFERENCES: $ Average Daily ACR -> M_ACR + 
VAR Days = [# Days in Month]
VAR DaysCurrent = DATEDIFF(CALCULATE(MAX(DimDate[MonthStartDate]),DimDate[IsCurrentAzureMonth]=1),TODAY(),DAY)
VAR ACR = M_ACR[$ ACR]
VAR SelectedMonth = [DATE - Latest Selected Month]
VAR AzureDate = CALCULATE(MAX(DimSourceRefreshDetails[SourceLastRefreshedDate]), DimSourceRefreshDetails[DataCategory]=""OCDM Azure Usage"")
VAR AzureCurrentM = [DATE - Azure Current Month]
VAR Today = TODAY()
VAR AzureLastClosed = M_Date[DATE - Last Closed Azure Month]
VAR CurrentMonthFY = M_Date[DATE + 1 Month After Last Closed Azure Month]
VAR SourceDate = CALCULATE(MAX(DimSourceRefreshDetails[SourceLastRefreshedDate]),DimSourceRefreshDetails[DataCategory]=""AzureDateGrain"")
VAR DaysSource = DATEDIFF(CALCULATE(MAX(DimDate[MonthStartDate]),DimDate[IsCurrentAzureMonth]=1),SourceDate,DAY)
VAR DaysSourceFY = DATEDIFF(CALCULATE(MAX(DimDate[MonthStartDate]),DimDate[CreateDate]=CurrentMonthFY),SourceDate,DAY)
RETURN
IF(SelectedMonth = AzureCurrentM,DIVIDE(ACR, DaysSource),IF(SelectedMonth > AzureLastClosed,BLANK(),DIVIDE(ACR, Days)))
--IF(SelectedMonth > AzureCurrentM,DIVIDE(ACR, DaysSourceFY),IF(SelectedMonth > AzureLastClosed,BLANK(),DIVIDE(ACR, Days))), DATE - 12 Month Prior to Selected Month -> M_Date + 
// Returns the start date of 12 months before the last azure closed month
VAR LastAzureClosedMonth = [DATE - Latest Selected Month]
VAR OneMonthPrior = EDATE ( LastAzureClosedMonth, -12)
RETURN
OneMonthPrior","The name indicates that the measure calculates the average daily ACR for the month 12 months prior to the selected month, which aligns with the context.","The name reflects the calculation described in the context, which is the average daily ACR for the month 12 months prior to the selected month.",No problematic abbreviations are present in the measure name. '$' and 'ACR' are standard business terms.,1.6999999999999997,1.6999999999999997,1.0,0.2,0.2,0.2,0.2,0.3,0.3,0.2,0.2,0.4,0.4,0.4,0.4,4,GREEN,#00FF00
M_ACR,$ Avg Daily ACR Latest Selected Month,"
// Returns ACR for the latest selected month. Doesn't roll up to quarters - for use in other measures
VAR SelectedMonth = [DATE - Latest Selected Month]
RETURN
CALCULATE(
    [$ Average Daily ACR],
    DimDate[CreateDate]=SelectedMonth
)",,good,No,,No,,Yes,"$ average daily acr, date - latest selected month",Yes,,"$ Avg Daily ACR Latest Selected Month -> M_ACR + 
// Returns ACR for the latest selected month. Doesn't roll up to quarters - for use in other measures
VAR SelectedMonth = [DATE - Latest Selected Month]
RETURN
CALCULATE(
    [$ Average Daily ACR],
    DimDate[CreateDate]=SelectedMonth
) | REFERENCES: $ Average Daily ACR -> M_ACR + 
VAR Days = [# Days in Month]
VAR DaysCurrent = DATEDIFF(CALCULATE(MAX(DimDate[MonthStartDate]),DimDate[IsCurrentAzureMonth]=1),TODAY(),DAY)
VAR ACR = M_ACR[$ ACR]
VAR SelectedMonth = [DATE - Latest Selected Month]
VAR AzureDate = CALCULATE(MAX(DimSourceRefreshDetails[SourceLastRefreshedDate]), DimSourceRefreshDetails[DataCategory]=""OCDM Azure Usage"")
VAR AzureCurrentM = [DATE - Azure Current Month]
VAR Today = TODAY()
VAR AzureLastClosed = M_Date[DATE - Last Closed Azure Month]
VAR CurrentMonthFY = M_Date[DATE + 1 Month After Last Closed Azure Month]
VAR SourceDate = CALCULATE(MAX(DimSourceRefreshDetails[SourceLastRefreshedDate]),DimSourceRefreshDetails[DataCategory]=""AzureDateGrain"")
VAR DaysSource = DATEDIFF(CALCULATE(MAX(DimDate[MonthStartDate]),DimDate[IsCurrentAzureMonth]=1),SourceDate,DAY)
VAR DaysSourceFY = DATEDIFF(CALCULATE(MAX(DimDate[MonthStartDate]),DimDate[CreateDate]=CurrentMonthFY),SourceDate,DAY)
RETURN
IF(SelectedMonth = AzureCurrentM,DIVIDE(ACR, DaysSource),IF(SelectedMonth > AzureLastClosed,BLANK(),DIVIDE(ACR, Days)))
--IF(SelectedMonth > AzureCurrentM,DIVIDE(ACR, DaysSourceFY),IF(SelectedMonth > AzureLastClosed,BLANK(),DIVIDE(ACR, Days))), DATE - Latest Selected Month -> M_Date + 
// Returns the value of the latest selected month
VAR LatestSelectedMonth = CALCULATE ( MAX('DimDate'[MonthStartDate]) )
RETURN
LatestSelectedMonth","The name indicates that the measure calculates the average daily ACR for the latest selected month, which is clear given the context.","The name reflects the calculation described in the context, which is the average daily ACR for the latest selected month.",No problematic abbreviations are present in the measure name. '$' and 'ACR' are standard business terms.,1.6999999999999997,1.6999999999999997,1.0,0.2,0.2,0.2,0.2,0.3,0.3,0.2,0.2,0.4,0.4,0.4,0.4,4,GREEN,#00FF00
M_ACR,% Avg Daily ACR YoY Last Closed Month,"CALCULATE(M_ACR[% Avg Daily ACR YoY],DimDate[IsLastAzureClosedMonth]=1)",,good,No,,Yes,% avg daily acr yoy,Yes,% avg daily acr yoy,Yes,"Please use unqualified measures references i.e., [Measure Name] instead of Fully Qualified reference i.e., Table[MeasureName] or 'Table'[MeasureName]. Referenced measures: % avg daily acr yoy","% Avg Daily ACR YoY Last Closed Month -> M_ACR + CALCULATE(M_ACR[% Avg Daily ACR YoY],DimDate[IsLastAzureClosedMonth]=1) | REFERENCES: % Avg Daily ACR YoY -> M_ACR + VAR D = DIVIDE([$ Avg Daily ACR Latest Selected Month] , [$ Avg Daily ACR 12 Selected Months Ago])
VAR YoY = D - 1
RETURN
IF(ISBLANK([$ Avg Daily ACR Latest Selected Month]),BLANK(),YoY)","The name indicates that the measure calculates the year-over-year percentage change in average daily ACR for the last closed month, which aligns with the context.","The name reflects the calculation described in the context, which is the year-over-year percentage change in average daily ACR for the last closed month.","No problematic abbreviations are present in the measure name. '%', 'Avg', 'ACR', and 'YoY' are standard business terms.",1.5,1.6999999999999997,0.8823529411764707,0.0,0.2,0.2,0.2,0.3,0.3,0.2,0.2,0.4,0.4,0.4,0.4,4,GREEN,#00FF00
M_ACR,$ Organic Gross ACR,"CALCULATE(M_ACR[$ Gross ACR],'Distinct AdjustmentFlag'[AdjustmentFlag]=""N/A"")",,issue,No,,Yes,$ gross acr,Yes,$ gross acr,No,"Please use unqualified measures references i.e., [Measure Name] instead of Fully Qualified reference i.e., Table[MeasureName] or 'Table'[MeasureName]. Referenced measures: $ gross acr","$ Organic Gross ACR -> M_ACR + CALCULATE(M_ACR[$ Gross ACR],'Distinct AdjustmentFlag'[AdjustmentFlag]=""N/A"") | REFERENCES: $ Gross ACR -> M_ACR + VAR CY = SUM(ACR_CY[AzureConsumedRevenueGross])
VAR PY = SUM(ACR_PY[AzureConsumedRevenueGross])
VAR A = CY + PY
VAR S = IF(ISFILTERED(DimCustomer[TPAccountName]),BLANK(),SUM(ACR_Summarized[AzureConsumedRevenueGross]))
VAR SelectedView = SELECTEDVALUE(DimViewType[ViewType])
RETURN
SWITCH(SelectedView,""Non-Curated"",S,A)","The name indicates that the measure calculates organic gross ACR, which is clear given the context.","The name reflects the calculation described in the context, which is the organic gross ACR filtered by 'AdjustmentFlag'=""N/A"".",No problematic abbreviations are present in the measure name. '$' and 'ACR' are standard business terms.,1.2000000000000002,1.6999999999999997,0.7058823529411767,0.0,0.2,0.2,0.2,0.0,0.3,0.2,0.2,0.4,0.4,0.4,0.4,2,ORANGE,#FFA500
M_ACR,$ Average Daily Gross ACR,"VAR Days = [# Days in Month]
VAR DaysCurrent = DATEDIFF(CALCULATE(MAX(DimDate[MonthStartDate]),DimDate[IsCurrentAzureMonth]=1),TODAY(),DAY)
VAR ACR = M_ACR[$ Gross ACR]
VAR SelectedMonth = [DATE - Latest Selected Month]
VAR AzureDate = CALCULATE(MAX(DimSourceRefreshDetails[SourceLastRefreshedDate]), DimSourceRefreshDetails[DataCategory]=""AzureDateGrain"")
VAR AzureCurrentM = [DATE - Azure Current Month]
VAR Today = TODAY()
VAR AzureLastClosed = M_Date[DATE - Last Closed Azure Month]
VAR SourceDate = CALCULATE(MAX(DimSourceRefreshDetails[SourceLastRefreshedDate]),DimSourceRefreshDetails[DataCategory]=""AzureDateGrain"")
VAR DaysSource = DATEDIFF(CALCULATE(MAX(DimDate[MonthStartDate]),DimDate[IsCurrentAzureMonth]=1),SourceDate,DAY)
RETURN
IF(SelectedMonth = AzureCurrentM,DIVIDE(ACR, DaysSource),IF(SelectedMonth > AzureLastClosed,BLANK(),DIVIDE(ACR, Days)))",,good,No,,Yes,"$ gross acr, date - last closed azure month",Yes,"# days in month, $ gross acr, date - azure current month, date - last closed azure month, date - latest selected month",Yes,"Please use unqualified measures references i.e., [Measure Name] instead of Fully Qualified reference i.e., Table[MeasureName] or 'Table'[MeasureName]. Referenced measures: $ gross acr, date - last closed azure month","$ Average Daily Gross ACR -> M_ACR + VAR Days = [# Days in Month]
VAR DaysCurrent = DATEDIFF(CALCULATE(MAX(DimDate[MonthStartDate]),DimDate[IsCurrentAzureMonth]=1),TODAY(),DAY)
VAR ACR = M_ACR[$ Gross ACR]
VAR SelectedMonth = [DATE - Latest Selected Month]
VAR AzureDate = CALCULATE(MAX(DimSourceRefreshDetails[SourceLastRefreshedDate]), DimSourceRefreshDetails[DataCategory]=""AzureDateGrain"")
VAR AzureCurrentM = [DATE - Azure Current Month]
VAR Today = TODAY()
VAR AzureLastClosed = M_Date[DATE - Last Closed Azure Month]
VAR SourceDate = CALCULATE(MAX(DimSourceRefreshDetails[SourceLastRefreshedDate]),DimSourceRefreshDetails[DataCategory]=""AzureDateGrain"")
VAR DaysSource = DATEDIFF(CALCULATE(MAX(DimDate[MonthStartDate]),DimDate[IsCurrentAzureMonth]=1),SourceDate,DAY)
RETURN
IF(SelectedMonth = AzureCurrentM,DIVIDE(ACR, DaysSource),IF(SelectedMonth > AzureLastClosed,BLANK(),DIVIDE(ACR, Days))) | REFERENCES: # Days in Month -> M_Date + [Start End Date Diff] + 1, $ Gross ACR -> M_ACR + VAR CY = SUM(ACR_CY[AzureConsumedRevenueGross])
VAR PY = SUM(ACR_PY[AzureConsumedRevenueGross])
VAR A = CY + PY
VAR S = IF(ISFILTERED(DimCustomer[TPAccountName]),BLANK(),SUM(ACR_Summarized[AzureConsumedRevenueGross]))
VAR SelectedView = SELECTEDVALUE(DimViewType[ViewType])
RETURN
SWITCH(SelectedView,""Non-Curated"",S,A), DATE - Azure Current Month -> M_Date + 
// Returns the value of the latest selected month
VAR LatestSelectedMonth = CALCULATE ( MAX('DimDate'[MonthStartDate]), DimDate[IsCurrentAzureMonth]=1 )
RETURN
LatestSelectedMonth, DATE - Last Closed Azure Month -> M_Date + 
// Returns start date of last closed Azure month
VAR LastClosedAzureMonth = CALCULATE(SELECTEDVALUE('DimDate'[MonthStartDate]), ALL('DimDate'), 'DimDate'[IsLastAzureClosedMonth] = 1)
RETURN
LastClosedAzureMonth, DATE - Latest Selected Month -> M_Date + 
// Returns the value of the latest selected month
VAR LatestSelectedMonth = CALCULATE ( MAX('DimDate'[MonthStartDate]) )
RETURN
LatestSelectedMonth","The name indicates that the measure calculates the average daily gross ACR, which aligns with the context provided.","The name reflects the calculation described in the context, which is the average daily gross ACR based on the number of days in the month.","No problematic abbreviations are present in the measure name. '$', 'Avg', and 'ACR' are standard business terms.",1.5,1.6999999999999997,0.8823529411764707,0.0,0.2,0.2,0.2,0.3,0.3,0.2,0.2,0.4,0.4,0.4,0.4,4,GREEN,#00FF00
M_ACR,$ Avg Daily Gross ACR 12 Selected Months Ago,"
// Returns ACR for the latest selected month. Doesn't roll up to quarters - for use in other measures
VAR SelectedMonth = [DATE - 12 Month Prior to Selected Month]
RETURN
CALCULATE(
    [$ Average Daily Gross ACR],ALL(DimDate),
    DimDate[CreateDate]=SelectedMonth
)",,good,No,,No,,Yes,"$ average daily gross acr, date - 12 month prior to selected month",Yes,,"$ Avg Daily Gross ACR 12 Selected Months Ago -> M_ACR + 
// Returns ACR for the latest selected month. Doesn't roll up to quarters - for use in other measures
VAR SelectedMonth = [DATE - 12 Month Prior to Selected Month]
RETURN
CALCULATE(
    [$ Average Daily Gross ACR],ALL(DimDate),
    DimDate[CreateDate]=SelectedMonth
) | REFERENCES: $ Average Daily Gross ACR -> M_ACR + VAR Days = [# Days in Month]
VAR DaysCurrent = DATEDIFF(CALCULATE(MAX(DimDate[MonthStartDate]),DimDate[IsCurrentAzureMonth]=1),TODAY(),DAY)
VAR ACR = M_ACR[$ Gross ACR]
VAR SelectedMonth = [DATE - Latest Selected Month]
VAR AzureDate = CALCULATE(MAX(DimSourceRefreshDetails[SourceLastRefreshedDate]), DimSourceRefreshDetails[DataCategory]=""AzureDateGrain"")
VAR AzureCurrentM = [DATE - Azure Current Month]
VAR Today = TODAY()
VAR AzureLastClosed = M_Date[DATE - Last Closed Azure Month]
VAR SourceDate = CALCULATE(MAX(DimSourceRefreshDetails[SourceLastRefreshedDate]),DimSourceRefreshDetails[DataCategory]=""AzureDateGrain"")
VAR DaysSource = DATEDIFF(CALCULATE(MAX(DimDate[MonthStartDate]),DimDate[IsCurrentAzureMonth]=1),SourceDate,DAY)
RETURN
IF(SelectedMonth = AzureCurrentM,DIVIDE(ACR, DaysSource),IF(SelectedMonth > AzureLastClosed,BLANK(),DIVIDE(ACR, Days))), DATE - 12 Month Prior to Selected Month -> M_Date + 
// Returns the start date of 12 months before the last azure closed month
VAR LastAzureClosedMonth = [DATE - Latest Selected Month]
VAR OneMonthPrior = EDATE ( LastAzureClosedMonth, -12)
RETURN
OneMonthPrior","The name indicates that the measure calculates the average daily gross ACR for the month 12 months prior to the selected month, which aligns with the context.","The name reflects the calculation described in the context, which is the average daily gross ACR for the month 12 months prior to the selected month.","No problematic abbreviations are present in the measure name. '$', 'Avg', and 'ACR' are standard business terms.",1.6999999999999997,1.6999999999999997,1.0,0.2,0.2,0.2,0.2,0.3,0.3,0.2,0.2,0.4,0.4,0.4,0.4,4,GREEN,#00FF00
M_ACR,$ Avg Daily Gross ACR Last Closed Month,"
// Returns ACR for the latest selected month. Doesn't roll up to quarters - for use in other measures
VAR SelectedMonth = [DATE - Last Closed Azure Month]
RETURN
CALCULATE(
    [$ Average Daily Gross ACR],
    DimDate[CreateDate]=SelectedMonth
)",,good,No,,No,,Yes,"$ average daily gross acr, date - last closed azure month",Yes,,"$ Avg Daily Gross ACR Last Closed Month -> M_ACR + 
// Returns ACR for the latest selected month. Doesn't roll up to quarters - for use in other measures
VAR SelectedMonth = [DATE - Last Closed Azure Month]
RETURN
CALCULATE(
    [$ Average Daily Gross ACR],
    DimDate[CreateDate]=SelectedMonth
) | REFERENCES: $ Average Daily Gross ACR -> M_ACR + VAR Days = [# Days in Month]
VAR DaysCurrent = DATEDIFF(CALCULATE(MAX(DimDate[MonthStartDate]),DimDate[IsCurrentAzureMonth]=1),TODAY(),DAY)
VAR ACR = M_ACR[$ Gross ACR]
VAR SelectedMonth = [DATE - Latest Selected Month]
VAR AzureDate = CALCULATE(MAX(DimSourceRefreshDetails[SourceLastRefreshedDate]), DimSourceRefreshDetails[DataCategory]=""AzureDateGrain"")
VAR AzureCurrentM = [DATE - Azure Current Month]
VAR Today = TODAY()
VAR AzureLastClosed = M_Date[DATE - Last Closed Azure Month]
VAR SourceDate = CALCULATE(MAX(DimSourceRefreshDetails[SourceLastRefreshedDate]),DimSourceRefreshDetails[DataCategory]=""AzureDateGrain"")
VAR DaysSource = DATEDIFF(CALCULATE(MAX(DimDate[MonthStartDate]),DimDate[IsCurrentAzureMonth]=1),SourceDate,DAY)
RETURN
IF(SelectedMonth = AzureCurrentM,DIVIDE(ACR, DaysSource),IF(SelectedMonth > AzureLastClosed,BLANK(),DIVIDE(ACR, Days))), DATE - Last Closed Azure Month -> M_Date + 
// Returns start date of last closed Azure month
VAR LastClosedAzureMonth = CALCULATE(SELECTEDVALUE('DimDate'[MonthStartDate]), ALL('DimDate'), 'DimDate'[IsLastAzureClosedMonth] = 1)
RETURN
LastClosedAzureMonth","The name indicates that the measure calculates the average daily gross ACR for the last closed month, which aligns with the context.","The name reflects the calculation described in the context, which is the average daily gross ACR for the last closed month.","No problematic abbreviations are present in the measure name. '$', 'Avg', and 'ACR' are standard business terms.",1.6999999999999997,1.6999999999999997,1.0,0.2,0.2,0.2,0.2,0.3,0.3,0.2,0.2,0.4,0.4,0.4,0.4,4,GREEN,#00FF00
M_ACR,$ Avg Daily Gross ACR Latest Selected Month,"
// Returns ACR for the latest selected month. Doesn't roll up to quarters - for use in other measures
VAR SelectedMonth = [DATE - Latest Selected Month]
RETURN
CALCULATE(
    [$ Average Daily Gross ACR],ALL(DimDate),
    DimDate[CreateDate]=SelectedMonth
)",,good,No,,No,,Yes,"$ average daily gross acr, date - latest selected month",Yes,,"$ Avg Daily Gross ACR Latest Selected Month -> M_ACR + 
// Returns ACR for the latest selected month. Doesn't roll up to quarters - for use in other measures
VAR SelectedMonth = [DATE - Latest Selected Month]
RETURN
CALCULATE(
    [$ Average Daily Gross ACR],ALL(DimDate),
    DimDate[CreateDate]=SelectedMonth
) | REFERENCES: $ Average Daily Gross ACR -> M_ACR + VAR Days = [# Days in Month]
VAR DaysCurrent = DATEDIFF(CALCULATE(MAX(DimDate[MonthStartDate]),DimDate[IsCurrentAzureMonth]=1),TODAY(),DAY)
VAR ACR = M_ACR[$ Gross ACR]
VAR SelectedMonth = [DATE - Latest Selected Month]
VAR AzureDate = CALCULATE(MAX(DimSourceRefreshDetails[SourceLastRefreshedDate]), DimSourceRefreshDetails[DataCategory]=""AzureDateGrain"")
VAR AzureCurrentM = [DATE - Azure Current Month]
VAR Today = TODAY()
VAR AzureLastClosed = M_Date[DATE - Last Closed Azure Month]
VAR SourceDate = CALCULATE(MAX(DimSourceRefreshDetails[SourceLastRefreshedDate]),DimSourceRefreshDetails[DataCategory]=""AzureDateGrain"")
VAR DaysSource = DATEDIFF(CALCULATE(MAX(DimDate[MonthStartDate]),DimDate[IsCurrentAzureMonth]=1),SourceDate,DAY)
RETURN
IF(SelectedMonth = AzureCurrentM,DIVIDE(ACR, DaysSource),IF(SelectedMonth > AzureLastClosed,BLANK(),DIVIDE(ACR, Days))), DATE - Latest Selected Month -> M_Date + 
// Returns the value of the latest selected month
VAR LatestSelectedMonth = CALCULATE ( MAX('DimDate'[MonthStartDate]) )
RETURN
LatestSelectedMonth","The name indicates that the measure calculates the average daily gross ACR for the latest selected month, which aligns with the context.","The name reflects the calculation described in the context, which is the average daily gross ACR for the latest selected month.","No problematic abbreviations are present in the measure name. '$', 'Avg', and 'ACR' are standard business terms.",1.6999999999999997,1.6999999999999997,1.0,0.2,0.2,0.2,0.2,0.3,0.3,0.2,0.2,0.4,0.4,0.4,0.4,4,GREEN,#00FF00
M_ACR,$ Avg Daily Gross ACR Previous Last Closed Month,"
// Returns ACR for the latest selected month. Doesn't roll up to quarters - for use in other measures
VAR SelectedMonth = [DATE - 1 Month Prior to Last Closed Azure Month]
RETURN
CALCULATE(
    [$ Average Daily Gross ACR],
    DimDate[CreateDate]=SelectedMonth
)",,good,No,,No,,Yes,"$ average daily gross acr, date - 1 month prior to last closed azure month",Yes,,"$ Avg Daily Gross ACR Previous Last Closed Month -> M_ACR + 
// Returns ACR for the latest selected month. Doesn't roll up to quarters - for use in other measures
VAR SelectedMonth = [DATE - 1 Month Prior to Last Closed Azure Month]
RETURN
CALCULATE(
    [$ Average Daily Gross ACR],
    DimDate[CreateDate]=SelectedMonth
) | REFERENCES: $ Average Daily Gross ACR -> M_ACR + VAR Days = [# Days in Month]
VAR DaysCurrent = DATEDIFF(CALCULATE(MAX(DimDate[MonthStartDate]),DimDate[IsCurrentAzureMonth]=1),TODAY(),DAY)
VAR ACR = M_ACR[$ Gross ACR]
VAR SelectedMonth = [DATE - Latest Selected Month]
VAR AzureDate = CALCULATE(MAX(DimSourceRefreshDetails[SourceLastRefreshedDate]), DimSourceRefreshDetails[DataCategory]=""AzureDateGrain"")
VAR AzureCurrentM = [DATE - Azure Current Month]
VAR Today = TODAY()
VAR AzureLastClosed = M_Date[DATE - Last Closed Azure Month]
VAR SourceDate = CALCULATE(MAX(DimSourceRefreshDetails[SourceLastRefreshedDate]),DimSourceRefreshDetails[DataCategory]=""AzureDateGrain"")
VAR DaysSource = DATEDIFF(CALCULATE(MAX(DimDate[MonthStartDate]),DimDate[IsCurrentAzureMonth]=1),SourceDate,DAY)
RETURN
IF(SelectedMonth = AzureCurrentM,DIVIDE(ACR, DaysSource),IF(SelectedMonth > AzureLastClosed,BLANK(),DIVIDE(ACR, Days))), DATE - 1 Month Prior to Last Closed Azure Month -> M_Date + 
// Returns the start date of the month before the latest selected azure closed month
VAR LastAzureClosedMonth = [DATE - Last Closed Azure Month]
VAR OneMonthPrior = CALCULATE(EDATE ( LastAzureClosedMonth, -1),ALL(DimDate))
RETURN
OneMonthPrior","The name indicates that the measure calculates the average daily gross ACR for the month prior to the last closed month, which aligns with the context.","The name reflects the calculation described in the context, which is the average daily gross ACR for the month prior to the last closed month.","No problematic abbreviations are present in the measure name. '$', 'Avg', and 'ACR' are standard business terms.",1.6999999999999997,1.6999999999999997,1.0,0.2,0.2,0.2,0.2,0.3,0.3,0.2,0.2,0.4,0.4,0.4,0.4,4,GREEN,#00FF00
M_ACR,% Avg Daily Gross ACR MoM Change Last Closed Month,"VAR Change = [$ Avg Daily Gross ACR Last Closed Month] - [$ Avg Daily Gross ACR Previous Last Closed Month]
RETURN
DIVIDE(Change , [$ Avg Daily Gross ACR Previous Last Closed Month])",,warning,No,,No,,Yes,"$ avg daily gross acr last closed month, $ avg daily gross acr previous last closed month",No,,"% Avg Daily Gross ACR MoM Change Last Closed Month -> M_ACR + VAR Change = [$ Avg Daily Gross ACR Last Closed Month] - [$ Avg Daily Gross ACR Previous Last Closed Month]
RETURN
DIVIDE(Change , [$ Avg Daily Gross ACR Previous Last Closed Month]) | REFERENCES: $ Avg Daily Gross ACR Last Closed Month -> M_ACR + 
// Returns ACR for the latest selected month. Doesn't roll up to quarters - for use in other measures
VAR SelectedMonth = [DATE - Last Closed Azure Month]
RETURN
CALCULATE(
    [$ Average Daily Gross ACR],
    DimDate[CreateDate]=SelectedMonth
), $ Avg Daily Gross ACR Previous Last Closed Month -> M_ACR + 
// Returns ACR for the latest selected month. Doesn't roll up to quarters - for use in other measures
VAR SelectedMonth = [DATE - 1 Month Prior to Last Closed Azure Month]
RETURN
CALCULATE(
    [$ Average Daily Gross ACR],
    DimDate[CreateDate]=SelectedMonth
)","The name indicates that the measure calculates the percentage change in average daily gross ACR month-over-month for the last closed month, which aligns with the context.","The name reflects the calculation described in the context, which is the percentage change in average daily gross ACR compared to the previous month.","No problematic abbreviations are present in the measure name. '%', 'Avg', 'ACR', and 'MoM' are standard business terms.",1.4,1.6999999999999997,0.823529411764706,0.2,0.2,0.2,0.2,0.0,0.3,0.2,0.2,0.4,0.4,0.4,0.4,3,YELLOW,#FFFF00
M_ACR,% Avg Daily Gross ACR YoY,"VAR D = DIVIDE([$ Avg Daily Gross ACR Latest Selected Month] , [$ Avg Daily Gross ACR 12 Selected Months Ago])
VAR YoY = D - 1
RETURN
IF(ISBLANK([$ Avg Daily Gross ACR Latest Selected Month]),BLANK(),YoY)",,good,No,,No,,Yes,"$ avg daily gross acr 12 selected months ago, $ avg daily gross acr latest selected month",Yes,,"% Avg Daily Gross ACR YoY -> M_ACR + VAR D = DIVIDE([$ Avg Daily Gross ACR Latest Selected Month] , [$ Avg Daily Gross ACR 12 Selected Months Ago])
VAR YoY = D - 1
RETURN
IF(ISBLANK([$ Avg Daily Gross ACR Latest Selected Month]),BLANK(),YoY) | REFERENCES: $ Avg Daily Gross ACR 12 Selected Months Ago -> M_ACR + 
// Returns ACR for the latest selected month. Doesn't roll up to quarters - for use in other measures
VAR SelectedMonth = [DATE - 12 Month Prior to Selected Month]
RETURN
CALCULATE(
    [$ Average Daily Gross ACR],ALL(DimDate),
    DimDate[CreateDate]=SelectedMonth
), $ Avg Daily Gross ACR Latest Selected Month -> M_ACR + 
// Returns ACR for the latest selected month. Doesn't roll up to quarters - for use in other measures
VAR SelectedMonth = [DATE - Latest Selected Month]
RETURN
CALCULATE(
    [$ Average Daily Gross ACR],ALL(DimDate),
    DimDate[CreateDate]=SelectedMonth
)","The name indicates that the measure calculates the year-over-year percentage change in average daily gross ACR, which aligns with the context.","The name reflects the calculation described in the context, which is the year-over-year percentage change in average daily gross ACR.","No problematic abbreviations are present in the measure name. '%', 'Avg', 'ACR', and 'YoY' are standard business terms.",1.6999999999999997,1.6999999999999997,1.0,0.2,0.2,0.2,0.2,0.3,0.3,0.2,0.2,0.4,0.4,0.4,0.4,4,GREEN,#00FF00
M_ACR,% Avg Daily Gross ACR YoY Last Closed Month,"CALCULATE(M_ACR[% Avg Daily Gross ACR YoY],DimDate[IsLastAzureClosedMonth]=1)",,issue,No,,Yes,% avg daily gross acr yoy,Yes,% avg daily gross acr yoy,No,"Please use unqualified measures references i.e., [Measure Name] instead of Fully Qualified reference i.e., Table[MeasureName] or 'Table'[MeasureName]. Referenced measures: % avg daily gross acr yoy","% Avg Daily Gross ACR YoY Last Closed Month -> M_ACR + CALCULATE(M_ACR[% Avg Daily Gross ACR YoY],DimDate[IsLastAzureClosedMonth]=1) | REFERENCES: % Avg Daily Gross ACR YoY -> M_ACR + VAR D = DIVIDE([$ Avg Daily Gross ACR Latest Selected Month] , [$ Avg Daily Gross ACR 12 Selected Months Ago])
VAR YoY = D - 1
RETURN
IF(ISBLANK([$ Avg Daily Gross ACR Latest Selected Month]),BLANK(),YoY)","The name clearly indicates it calculates the year-over-year percentage change in average daily gross ACR for the last closed month, which aligns with the context.","The name accurately reflects the calculation described in the context, which involves YoY comparison of average daily gross ACR for the last closed month.",No problematic abbreviations are present; 'ACR' is a standard term in the business context.,1.2000000000000002,1.6999999999999997,0.7058823529411767,0.0,0.2,0.2,0.2,0.0,0.3,0.2,0.2,0.4,0.4,0.4,0.4,2,ORANGE,#FFA500
M_ACR,% Avg Daily ACR MoM,"VAR SelectedMonth = [DATE - Latest Selected Month]
VAR PrevMonth = [DATE - 1 Month Prior to Latest Selected Month]
VAR ThisMonth = CALCULATE(M_ACR[$ Average Daily ACR],DimDate[MonthStartDate]=SelectedMonth)
VAR LastMonth = CALCULATE(M_ACR[$ Average Daily ACR],ALL(DimDate),DimDate[MonthStartDate]=PrevMonth)
VAR D = ThisMonth - LastMonth
RETURN
if(isblank(ThisMonth),BLANK(),DIVIDE(D , LastMonth))",,issue,No,,Yes,$ average daily acr,Yes,"$ average daily acr, date - 1 month prior to latest selected month, date - latest selected month",No,"Please use unqualified measures references i.e., [Measure Name] instead of Fully Qualified reference i.e., Table[MeasureName] or 'Table'[MeasureName]. Referenced measures: $ average daily acr","% Avg Daily ACR MoM -> M_ACR + VAR SelectedMonth = [DATE - Latest Selected Month]
VAR PrevMonth = [DATE - 1 Month Prior to Latest Selected Month]
VAR ThisMonth = CALCULATE(M_ACR[$ Average Daily ACR],DimDate[MonthStartDate]=SelectedMonth)
VAR LastMonth = CALCULATE(M_ACR[$ Average Daily ACR],ALL(DimDate),DimDate[MonthStartDate]=PrevMonth)
VAR D = ThisMonth - LastMonth
RETURN
if(isblank(ThisMonth),BLANK(),DIVIDE(D , LastMonth)) | REFERENCES: $ Average Daily ACR -> M_ACR + 
VAR Days = [# Days in Month]
VAR DaysCurrent = DATEDIFF(CALCULATE(MAX(DimDate[MonthStartDate]),DimDate[IsCurrentAzureMonth]=1),TODAY(),DAY)
VAR ACR = M_ACR[$ ACR]
VAR SelectedMonth = [DATE - Latest Selected Month]
VAR AzureDate = CALCULATE(MAX(DimSourceRefreshDetails[SourceLastRefreshedDate]), DimSourceRefreshDetails[DataCategory]=""OCDM Azure Usage"")
VAR AzureCurrentM = [DATE - Azure Current Month]
VAR Today = TODAY()
VAR AzureLastClosed = M_Date[DATE - Last Closed Azure Month]
VAR CurrentMonthFY = M_Date[DATE + 1 Month After Last Closed Azure Month]
VAR SourceDate = CALCULATE(MAX(DimSourceRefreshDetails[SourceLastRefreshedDate]),DimSourceRefreshDetails[DataCategory]=""AzureDateGrain"")
VAR DaysSource = DATEDIFF(CALCULATE(MAX(DimDate[MonthStartDate]),DimDate[IsCurrentAzureMonth]=1),SourceDate,DAY)
VAR DaysSourceFY = DATEDIFF(CALCULATE(MAX(DimDate[MonthStartDate]),DimDate[CreateDate]=CurrentMonthFY),SourceDate,DAY)
RETURN
IF(SelectedMonth = AzureCurrentM,DIVIDE(ACR, DaysSource),IF(SelectedMonth > AzureLastClosed,BLANK(),DIVIDE(ACR, Days)))
--IF(SelectedMonth > AzureCurrentM,DIVIDE(ACR, DaysSourceFY),IF(SelectedMonth > AzureLastClosed,BLANK(),DIVIDE(ACR, Days))), DATE - 1 Month Prior to Latest Selected Month -> M_Date + 
// Returns the start date of the month before the latest selected azure closed month
VAR LatestSelectedAzureClosedMonth = [DATE - Latest Selected Month]
VAR OneMonthPrior = EDATE ( LatestSelectedAzureClosedMonth, -1)
RETURN
OneMonthPrior, DATE - Latest Selected Month -> M_Date + 
// Returns the value of the latest selected month
VAR LatestSelectedMonth = CALCULATE ( MAX('DimDate'[MonthStartDate]) )
RETURN
LatestSelectedMonth","The name indicates it calculates the month-over-month percentage change in average daily ACR, which aligns with the context.","The name reflects the calculation described in the context, which involves MoM comparison of average daily ACR.",No problematic abbreviations are present; 'ACR' is a standard term in the business context.,1.2000000000000002,1.6999999999999997,0.7058823529411767,0.0,0.2,0.2,0.2,0.0,0.3,0.2,0.2,0.4,0.4,0.4,0.4,2,ORANGE,#FFA500
M_ACR,$ Avg Daily ACR Previous Selected Month,"
// Returns ACR for the latest selected month. Doesn't roll up to quarters - for use in other measures
VAR SelectedMonth = [DATE - 1 Month Prior to Latest Selected Month]
RETURN
CALCULATE(
    [$ Average Daily ACR],ALL(DimDate),
    DimDate[CreateDate]=SelectedMonth
)",,good,No,,No,,Yes,"$ average daily acr, date - 1 month prior to latest selected month",Yes,,"$ Avg Daily ACR Previous Selected Month -> M_ACR + 
// Returns ACR for the latest selected month. Doesn't roll up to quarters - for use in other measures
VAR SelectedMonth = [DATE - 1 Month Prior to Latest Selected Month]
RETURN
CALCULATE(
    [$ Average Daily ACR],ALL(DimDate),
    DimDate[CreateDate]=SelectedMonth
) | REFERENCES: $ Average Daily ACR -> M_ACR + 
VAR Days = [# Days in Month]
VAR DaysCurrent = DATEDIFF(CALCULATE(MAX(DimDate[MonthStartDate]),DimDate[IsCurrentAzureMonth]=1),TODAY(),DAY)
VAR ACR = M_ACR[$ ACR]
VAR SelectedMonth = [DATE - Latest Selected Month]
VAR AzureDate = CALCULATE(MAX(DimSourceRefreshDetails[SourceLastRefreshedDate]), DimSourceRefreshDetails[DataCategory]=""OCDM Azure Usage"")
VAR AzureCurrentM = [DATE - Azure Current Month]
VAR Today = TODAY()
VAR AzureLastClosed = M_Date[DATE - Last Closed Azure Month]
VAR CurrentMonthFY = M_Date[DATE + 1 Month After Last Closed Azure Month]
VAR SourceDate = CALCULATE(MAX(DimSourceRefreshDetails[SourceLastRefreshedDate]),DimSourceRefreshDetails[DataCategory]=""AzureDateGrain"")
VAR DaysSource = DATEDIFF(CALCULATE(MAX(DimDate[MonthStartDate]),DimDate[IsCurrentAzureMonth]=1),SourceDate,DAY)
VAR DaysSourceFY = DATEDIFF(CALCULATE(MAX(DimDate[MonthStartDate]),DimDate[CreateDate]=CurrentMonthFY),SourceDate,DAY)
RETURN
IF(SelectedMonth = AzureCurrentM,DIVIDE(ACR, DaysSource),IF(SelectedMonth > AzureLastClosed,BLANK(),DIVIDE(ACR, Days)))
--IF(SelectedMonth > AzureCurrentM,DIVIDE(ACR, DaysSourceFY),IF(SelectedMonth > AzureLastClosed,BLANK(),DIVIDE(ACR, Days))), DATE - 1 Month Prior to Latest Selected Month -> M_Date + 
// Returns the start date of the month before the latest selected azure closed month
VAR LatestSelectedAzureClosedMonth = [DATE - Latest Selected Month]
VAR OneMonthPrior = EDATE ( LatestSelectedAzureClosedMonth, -1)
RETURN
OneMonthPrior","The name indicates it calculates the average daily ACR for the previous selected month, which aligns with the context.","The name reflects the calculation described in the context, which involves retrieving the average daily ACR for the previous selected month.",No problematic abbreviations are present; '$' and 'ACR' are standard terms in the business context.,1.6999999999999997,1.6999999999999997,1.0,0.2,0.2,0.2,0.2,0.3,0.3,0.2,0.2,0.4,0.4,0.4,0.4,4,GREEN,#00FF00
M_ACR,$ Avg Daily Gross ACR Previous Selected Month,"
// Returns ACR for the latest selected month. Doesn't roll up to quarters - for use in other measures
VAR SelectedMonth = [DATE - 1 Month Prior to Latest Selected Month]
RETURN
CALCULATE(
    [$ Average Daily Gross ACR], ALL(DimDate),
    DimDate[CreateDate]=SelectedMonth
)",,warning,No,,No,,Yes,"$ average daily gross acr, date - 1 month prior to latest selected month",No,,"$ Avg Daily Gross ACR Previous Selected Month -> M_ACR + 
// Returns ACR for the latest selected month. Doesn't roll up to quarters - for use in other measures
VAR SelectedMonth = [DATE - 1 Month Prior to Latest Selected Month]
RETURN
CALCULATE(
    [$ Average Daily Gross ACR], ALL(DimDate),
    DimDate[CreateDate]=SelectedMonth
) | REFERENCES: $ Average Daily Gross ACR -> M_ACR + VAR Days = [# Days in Month]
VAR DaysCurrent = DATEDIFF(CALCULATE(MAX(DimDate[MonthStartDate]),DimDate[IsCurrentAzureMonth]=1),TODAY(),DAY)
VAR ACR = M_ACR[$ Gross ACR]
VAR SelectedMonth = [DATE - Latest Selected Month]
VAR AzureDate = CALCULATE(MAX(DimSourceRefreshDetails[SourceLastRefreshedDate]), DimSourceRefreshDetails[DataCategory]=""AzureDateGrain"")
VAR AzureCurrentM = [DATE - Azure Current Month]
VAR Today = TODAY()
VAR AzureLastClosed = M_Date[DATE - Last Closed Azure Month]
VAR SourceDate = CALCULATE(MAX(DimSourceRefreshDetails[SourceLastRefreshedDate]),DimSourceRefreshDetails[DataCategory]=""AzureDateGrain"")
VAR DaysSource = DATEDIFF(CALCULATE(MAX(DimDate[MonthStartDate]),DimDate[IsCurrentAzureMonth]=1),SourceDate,DAY)
RETURN
IF(SelectedMonth = AzureCurrentM,DIVIDE(ACR, DaysSource),IF(SelectedMonth > AzureLastClosed,BLANK(),DIVIDE(ACR, Days))), DATE - 1 Month Prior to Latest Selected Month -> M_Date + 
// Returns the start date of the month before the latest selected azure closed month
VAR LatestSelectedAzureClosedMonth = [DATE - Latest Selected Month]
VAR OneMonthPrior = EDATE ( LatestSelectedAzureClosedMonth, -1)
RETURN
OneMonthPrior","The name indicates it calculates the average daily gross ACR for the previous selected month, which aligns with the context.","The name reflects the calculation described in the context, which involves retrieving the average daily gross ACR for the previous selected month.",No problematic abbreviations are present; '$' and 'ACR' are standard terms in the business context.,1.4,1.6999999999999997,0.823529411764706,0.2,0.2,0.2,0.2,0.0,0.3,0.2,0.2,0.4,0.4,0.4,0.4,3,YELLOW,#FFFF00
M_ACR,% Avg Daily Gross ACR MoM,"VAR SelectedMonth = [DATE - Latest Selected Month]
VAR PrevMonth = [DATE - 1 Month Prior to Latest Selected Month]
VAR ThisMonth = CALCULATE(M_ACR[$ Average Daily Gross ACR],DimDate[MonthStartDate]=SelectedMonth)
VAR LastMonth = CALCULATE(M_ACR[$ Average Daily Gross ACR],ALL(DimDate),DimDate[MonthStartDate]=PrevMonth)
VAR D = ThisMonth - LastMonth
RETURN
if(isblank(ThisMonth),BLANK(),DIVIDE(D , LastMonth))",,issue,No,,Yes,$ average daily gross acr,Yes,"$ average daily gross acr, date - 1 month prior to latest selected month, date - latest selected month",No,"Please use unqualified measures references i.e., [Measure Name] instead of Fully Qualified reference i.e., Table[MeasureName] or 'Table'[MeasureName]. Referenced measures: $ average daily gross acr","% Avg Daily Gross ACR MoM -> M_ACR + VAR SelectedMonth = [DATE - Latest Selected Month]
VAR PrevMonth = [DATE - 1 Month Prior to Latest Selected Month]
VAR ThisMonth = CALCULATE(M_ACR[$ Average Daily Gross ACR],DimDate[MonthStartDate]=SelectedMonth)
VAR LastMonth = CALCULATE(M_ACR[$ Average Daily Gross ACR],ALL(DimDate),DimDate[MonthStartDate]=PrevMonth)
VAR D = ThisMonth - LastMonth
RETURN
if(isblank(ThisMonth),BLANK(),DIVIDE(D , LastMonth)) | REFERENCES: $ Average Daily Gross ACR -> M_ACR + VAR Days = [# Days in Month]
VAR DaysCurrent = DATEDIFF(CALCULATE(MAX(DimDate[MonthStartDate]),DimDate[IsCurrentAzureMonth]=1),TODAY(),DAY)
VAR ACR = M_ACR[$ Gross ACR]
VAR SelectedMonth = [DATE - Latest Selected Month]
VAR AzureDate = CALCULATE(MAX(DimSourceRefreshDetails[SourceLastRefreshedDate]), DimSourceRefreshDetails[DataCategory]=""AzureDateGrain"")
VAR AzureCurrentM = [DATE - Azure Current Month]
VAR Today = TODAY()
VAR AzureLastClosed = M_Date[DATE - Last Closed Azure Month]
VAR SourceDate = CALCULATE(MAX(DimSourceRefreshDetails[SourceLastRefreshedDate]),DimSourceRefreshDetails[DataCategory]=""AzureDateGrain"")
VAR DaysSource = DATEDIFF(CALCULATE(MAX(DimDate[MonthStartDate]),DimDate[IsCurrentAzureMonth]=1),SourceDate,DAY)
RETURN
IF(SelectedMonth = AzureCurrentM,DIVIDE(ACR, DaysSource),IF(SelectedMonth > AzureLastClosed,BLANK(),DIVIDE(ACR, Days))), DATE - 1 Month Prior to Latest Selected Month -> M_Date + 
// Returns the start date of the month before the latest selected azure closed month
VAR LatestSelectedAzureClosedMonth = [DATE - Latest Selected Month]
VAR OneMonthPrior = EDATE ( LatestSelectedAzureClosedMonth, -1)
RETURN
OneMonthPrior, DATE - Latest Selected Month -> M_Date + 
// Returns the value of the latest selected month
VAR LatestSelectedMonth = CALCULATE ( MAX('DimDate'[MonthStartDate]) )
RETURN
LatestSelectedMonth","The name indicates it calculates the month-over-month percentage change in average daily gross ACR, which aligns with the context.","The name reflects the calculation described in the context, which involves MoM comparison of average daily gross ACR.",No problematic abbreviations are present; 'ACR' is a standard term in the business context.,1.2000000000000002,1.6999999999999997,0.7058823529411767,0.0,0.2,0.2,0.2,0.0,0.3,0.2,0.2,0.4,0.4,0.4,0.4,2,ORANGE,#FFA500
M_ACR,$ ACR Total,"CALCULATE(M_ACR[$ ACR],ALLSELECTED('Distinct SolutionArea'[SolutionArea]))",,issue,No,,Yes,$ acr,Yes,$ acr,No,"Please use unqualified measures references i.e., [Measure Name] instead of Fully Qualified reference i.e., Table[MeasureName] or 'Table'[MeasureName]. Referenced measures: $ acr","$ ACR Total -> M_ACR + CALCULATE(M_ACR[$ ACR],ALLSELECTED('Distinct SolutionArea'[SolutionArea])) | REFERENCES: $ ACR -> M_ACR + VAR CY = SUM(ACR_CY[AzureConsumedRevenue])
VAR PY = SUM(ACR_PY[AzureConsumedRevenue])
VAR A = CY + PY
VAR S = IF(ISFILTERED(DimCustomer[TPAccountName]),BLANK(),SUM(ACR_Summarized[AzureConsumedRevenue]))
VAR SelectedView = SELECTEDVALUE(DimViewType[ViewType])
RETURN
SWITCH(SelectedView,""Non-Curated"",S,A)","The name indicates it calculates the total ACR, which aligns with the context.","The name reflects the calculation described in the context, which involves summing ACR across all solution areas.",No problematic abbreviations are present; '$' and 'ACR' are standard terms in the business context.,1.2000000000000002,1.6999999999999997,0.7058823529411767,0.0,0.2,0.2,0.2,0.0,0.3,0.2,0.2,0.4,0.4,0.4,0.4,2,ORANGE,#FFA500
M_ACR,% ACR of Total,"VAR A = M_ACR[$ ACR]
VAR TA= CALCULATE(SUMX(ACR_CY,M_ACR[$ ACR]),ALL('Distinct SolutionArea'[SolutionArea]))
RETURN
DIVIDE(A , TA)",,issue,No,,Yes,$ acr,Yes,$ acr,No,"Please use unqualified measures references i.e., [Measure Name] instead of Fully Qualified reference i.e., Table[MeasureName] or 'Table'[MeasureName]. Referenced measures: $ acr","% ACR of Total -> M_ACR + VAR A = M_ACR[$ ACR]
VAR TA= CALCULATE(SUMX(ACR_CY,M_ACR[$ ACR]),ALL('Distinct SolutionArea'[SolutionArea]))
RETURN
DIVIDE(A , TA) | REFERENCES: $ ACR -> M_ACR + VAR CY = SUM(ACR_CY[AzureConsumedRevenue])
VAR PY = SUM(ACR_PY[AzureConsumedRevenue])
VAR A = CY + PY
VAR S = IF(ISFILTERED(DimCustomer[TPAccountName]),BLANK(),SUM(ACR_Summarized[AzureConsumedRevenue]))
VAR SelectedView = SELECTEDVALUE(DimViewType[ViewType])
RETURN
SWITCH(SelectedView,""Non-Curated"",S,A)","The name indicates it calculates the percentage of ACR relative to the total, which aligns with the context.","The name reflects the calculation described in the context, which involves dividing ACR by the total ACR.",No problematic abbreviations are present; 'ACR' is a standard term in the business context.,1.2000000000000002,1.6999999999999997,0.7058823529411767,0.0,0.2,0.2,0.2,0.0,0.3,0.2,0.2,0.4,0.4,0.4,0.4,2,ORANGE,#FFA500
M_ACR,# Consuming Accounts,"
// returns the count of consuming accounts YTD
CALCULATE ( 
        COUNT ( DimCustomer[TPID] ), 
        FILTER ( VALUES ( DimCustomer[TPID] ) , [$ ACR] > 0 )
)",,warning,No,,No,,Yes,$ acr,No,,"# Consuming Accounts -> M_ACR + 
// returns the count of consuming accounts YTD
CALCULATE ( 
        COUNT ( DimCustomer[TPID] ), 
        FILTER ( VALUES ( DimCustomer[TPID] ) , [$ ACR] > 0 )
) | REFERENCES: $ ACR -> M_ACR + VAR CY = SUM(ACR_CY[AzureConsumedRevenue])
VAR PY = SUM(ACR_PY[AzureConsumedRevenue])
VAR A = CY + PY
VAR S = IF(ISFILTERED(DimCustomer[TPAccountName]),BLANK(),SUM(ACR_Summarized[AzureConsumedRevenue]))
VAR SelectedView = SELECTEDVALUE(DimViewType[ViewType])
RETURN
SWITCH(SelectedView,""Non-Curated"",S,A)","The name indicates it calculates the count of consuming accounts, which aligns with the context.","The name reflects the calculation described in the context, which involves counting accounts with ACR greater than zero.",No problematic abbreviations are present; '#' is universally understood as 'count'.,1.4,1.6999999999999997,0.823529411764706,0.2,0.2,0.2,0.2,0.0,0.3,0.2,0.2,0.4,0.4,0.4,0.4,3,YELLOW,#FFFF00
M_ACR,% T3M CAGR,"
// CMGR calculation over the selected value of periods in average. 
VAR SelectedMonth = [DATE - Latest Selected Azure Closed Month]
VAR LatestAzureClosedMonth = [DATE - Last Closed Azure Month]
VAR PeriodsInAverage = 3
VAR FirstMonthDate = EDATE ( SelectedMonth , -1 * PeriodsInAverage )
VAR CurrentMonthACR = MAX ( [$ ACR Selected Month] , 0 )
VAR FirstMonthACR = MAX (
	CALCULATE (
                'M_ACR'[$ ACR], ALL(DimDate),
                'DimDate'[MonthStartDate] = FirstMonthDate
            ) , 0 )
VAR FirstMonthACR_GREATER_THAN_ZERO = FirstMonthACR > 0
VAR SelectedMonth_NOT_AFTER_LastAzureClosedMonth = LatestAzureClosedMonth >= SelectedMonth
VAR CMGR = 
	DIVIDE ( CurrentMonthACR , FirstMonthACR ) ^ ( 1 / PeriodsInAverage ) - 1
RETURN
IF ( FirstMonthACR_GREATER_THAN_ZERO && SelectedMonth_NOT_AFTER_LastAzureClosedMonth , CMGR , BLANK ( ) )",,good,No,,Yes,$ acr,Yes,"$ acr, $ acr selected month, date - last closed azure month, date - latest selected azure closed month",Yes,"Please use unqualified measures references i.e., [Measure Name] instead of Fully Qualified reference i.e., Table[MeasureName] or 'Table'[MeasureName]. Referenced measures: $ acr","% T3M CAGR -> M_ACR + 
// CMGR calculation over the selected value of periods in average. 
VAR SelectedMonth = [DATE - Latest Selected Azure Closed Month]
VAR LatestAzureClosedMonth = [DATE - Last Closed Azure Month]
VAR PeriodsInAverage = 3
VAR FirstMonthDate = EDATE ( SelectedMonth , -1 * PeriodsInAverage )
VAR CurrentMonthACR = MAX ( [$ ACR Selected Month] , 0 )
VAR FirstMonthACR = MAX (
	CALCULATE (
                'M_ACR'[$ ACR], ALL(DimDate),
                'DimDate'[MonthStartDate] = FirstMonthDate
            ) , 0 )
VAR FirstMonthACR_GREATER_THAN_ZERO = FirstMonthACR > 0
VAR SelectedMonth_NOT_AFTER_LastAzureClosedMonth = LatestAzureClosedMonth >= SelectedMonth
VAR CMGR = 
	DIVIDE ( CurrentMonthACR , FirstMonthACR ) ^ ( 1 / PeriodsInAverage ) - 1
RETURN
IF ( FirstMonthACR_GREATER_THAN_ZERO && SelectedMonth_NOT_AFTER_LastAzureClosedMonth , CMGR , BLANK ( ) ) | REFERENCES: $ ACR -> M_ACR + VAR CY = SUM(ACR_CY[AzureConsumedRevenue])
VAR PY = SUM(ACR_PY[AzureConsumedRevenue])
VAR A = CY + PY
VAR S = IF(ISFILTERED(DimCustomer[TPAccountName]),BLANK(),SUM(ACR_Summarized[AzureConsumedRevenue]))
VAR SelectedView = SELECTEDVALUE(DimViewType[ViewType])
RETURN
SWITCH(SelectedView,""Non-Curated"",S,A), $ ACR Selected Month -> M_ACR + 
// Returns ACR for the latest selected month. Doesn't roll up to quarters - for use in other measures
VAR SelectedMonth = [DATE - Latest Selected Azure Closed Month]
RETURN
CALCULATE(
    [$ ACR],
    'DimDate'[MonthStartDate] = SelectedMonth
), DATE - Last Closed Azure Month -> M_Date + 
// Returns start date of last closed Azure month
VAR LastClosedAzureMonth = CALCULATE(SELECTEDVALUE('DimDate'[MonthStartDate]), ALL('DimDate'), 'DimDate'[IsLastAzureClosedMonth] = 1)
RETURN
LastClosedAzureMonth, DATE - Latest Selected Azure Closed Month -> M_Date + 
// Returns the date of the latest Azure closed month in the selection
VAR LastClosedAzureMonth = [DATE - Last Closed Azure Month]
VAR LatestSelectedMonth = [DATE - Latest Selected Month]
VAR LastClosedAzureMonth_IS_LESS_THAN_LatestSelectedMonth = LastClosedAzureMonth < LatestSelectedMonth
RETURN
IF(LastClosedAzureMonth_IS_LESS_THAN_LatestSelectedMonth, LastClosedAzureMonth, LatestSelectedMonth)","The name indicates it calculates the compound annual growth rate (CAGR) for the trailing three months, which aligns with the context.","The name reflects the calculation described in the context, which involves CAGR over the trailing three months.",No problematic abbreviations are present; 'T3M' and 'CAGR' are standard business terms.,1.5,1.6999999999999997,0.8823529411764707,0.0,0.2,0.2,0.2,0.3,0.3,0.2,0.2,0.4,0.4,0.4,0.4,4,GREEN,#00FF00
M_ACR,$ ACR Selected Month,"
// Returns ACR for the latest selected month. Doesn't roll up to quarters - for use in other measures
VAR SelectedMonth = [DATE - Latest Selected Azure Closed Month]
RETURN
CALCULATE(
    [$ ACR],
    'DimDate'[MonthStartDate] = SelectedMonth
)",,good,No,,No,,Yes,"$ acr, date - latest selected azure closed month",Yes,,"$ ACR Selected Month -> M_ACR + 
// Returns ACR for the latest selected month. Doesn't roll up to quarters - for use in other measures
VAR SelectedMonth = [DATE - Latest Selected Azure Closed Month]
RETURN
CALCULATE(
    [$ ACR],
    'DimDate'[MonthStartDate] = SelectedMonth
) | REFERENCES: $ ACR -> M_ACR + VAR CY = SUM(ACR_CY[AzureConsumedRevenue])
VAR PY = SUM(ACR_PY[AzureConsumedRevenue])
VAR A = CY + PY
VAR S = IF(ISFILTERED(DimCustomer[TPAccountName]),BLANK(),SUM(ACR_Summarized[AzureConsumedRevenue]))
VAR SelectedView = SELECTEDVALUE(DimViewType[ViewType])
RETURN
SWITCH(SelectedView,""Non-Curated"",S,A), DATE - Latest Selected Azure Closed Month -> M_Date + 
// Returns the date of the latest Azure closed month in the selection
VAR LastClosedAzureMonth = [DATE - Last Closed Azure Month]
VAR LatestSelectedMonth = [DATE - Latest Selected Month]
VAR LastClosedAzureMonth_IS_LESS_THAN_LatestSelectedMonth = LastClosedAzureMonth < LatestSelectedMonth
RETURN
IF(LastClosedAzureMonth_IS_LESS_THAN_LatestSelectedMonth, LastClosedAzureMonth, LatestSelectedMonth)","The name indicates it calculates the ACR for the selected month, which aligns with the context.","The name reflects the calculation described in the context, which involves retrieving ACR for the selected month.",No problematic abbreviations are present; '$' and 'ACR' are standard terms in the business context.,1.6999999999999997,1.6999999999999997,1.0,0.2,0.2,0.2,0.2,0.3,0.3,0.2,0.2,0.4,0.4,0.4,0.4,4,GREEN,#00FF00
M_ACR,$ Avg Daily ACR MoM Change,[$ Avg Daily ACR Latest Selected Month] - [$ Avg Daily ACR Previous Selected Month],,good,No,,No,,Yes,"$ avg daily acr latest selected month, $ avg daily acr previous selected month",Yes,,"$ Avg Daily ACR MoM Change -> M_ACR + [$ Avg Daily ACR Latest Selected Month] - [$ Avg Daily ACR Previous Selected Month] | REFERENCES: $ Avg Daily ACR Latest Selected Month -> M_ACR + 
// Returns ACR for the latest selected month. Doesn't roll up to quarters - for use in other measures
VAR SelectedMonth = [DATE - Latest Selected Month]
RETURN
CALCULATE(
    [$ Average Daily ACR],
    DimDate[CreateDate]=SelectedMonth
), $ Avg Daily ACR Previous Selected Month -> M_ACR + 
// Returns ACR for the latest selected month. Doesn't roll up to quarters - for use in other measures
VAR SelectedMonth = [DATE - 1 Month Prior to Latest Selected Month]
RETURN
CALCULATE(
    [$ Average Daily ACR],ALL(DimDate),
    DimDate[CreateDate]=SelectedMonth
)","The name indicates it calculates the month-over-month change in average daily ACR, which aligns with the context.","The name reflects the calculation described in the context, which involves subtracting the previous month's average daily ACR from the latest month's average daily ACR.","No problematic abbreviations are present; '$', 'ACR', and 'MoM' are standard terms in the business context.",1.6999999999999997,1.6999999999999997,1.0,0.2,0.2,0.2,0.2,0.3,0.3,0.2,0.2,0.4,0.4,0.4,0.4,4,GREEN,#00FF00
M_ACR,$ ACR Latest Selected Month,"
// Returns ACR for the latest selected month. Doesn't roll up to quarters - for use in other measures
VAR SelectedMonth = [DATE - Latest Selected Month]
RETURN
CALCULATE(
    [$ ACR],
    DimDate[CreateDate]=SelectedMonth
)",,good,No,,No,,Yes,"$ acr, date - latest selected month",Yes,,"$ ACR Latest Selected Month -> M_ACR + 
// Returns ACR for the latest selected month. Doesn't roll up to quarters - for use in other measures
VAR SelectedMonth = [DATE - Latest Selected Month]
RETURN
CALCULATE(
    [$ ACR],
    DimDate[CreateDate]=SelectedMonth
) | REFERENCES: $ ACR -> M_ACR + VAR CY = SUM(ACR_CY[AzureConsumedRevenue])
VAR PY = SUM(ACR_PY[AzureConsumedRevenue])
VAR A = CY + PY
VAR S = IF(ISFILTERED(DimCustomer[TPAccountName]),BLANK(),SUM(ACR_Summarized[AzureConsumedRevenue]))
VAR SelectedView = SELECTEDVALUE(DimViewType[ViewType])
RETURN
SWITCH(SelectedView,""Non-Curated"",S,A), DATE - Latest Selected Month -> M_Date + 
// Returns the value of the latest selected month
VAR LatestSelectedMonth = CALCULATE ( MAX('DimDate'[MonthStartDate]) )
RETURN
LatestSelectedMonth","The name indicates it calculates the ACR for the latest selected month, which aligns with the context.","The name reflects the calculation described in the context, which involves retrieving ACR for the latest selected month.",No problematic abbreviations are present; '$' and 'ACR' are standard terms in the business context.,1.6999999999999997,1.6999999999999997,1.0,0.2,0.2,0.2,0.2,0.3,0.3,0.2,0.2,0.4,0.4,0.4,0.4,4,GREEN,#00FF00
M_ACR,$ ACR Previous Selected Month,"
// Returns ACR for the latest selected month. Doesn't roll up to quarters - for use in other measures
VAR SelectedMonth = [DATE - 1 Month Prior to Latest Selected Month]
RETURN
CALCULATE(
    [$ ACR],ALL(DimDate),
    DimDate[CreateDate]=SelectedMonth
)",,good,No,,No,,Yes,"$ acr, date - 1 month prior to latest selected month",Yes,,"$ ACR Previous Selected Month -> M_ACR + 
// Returns ACR for the latest selected month. Doesn't roll up to quarters - for use in other measures
VAR SelectedMonth = [DATE - 1 Month Prior to Latest Selected Month]
RETURN
CALCULATE(
    [$ ACR],ALL(DimDate),
    DimDate[CreateDate]=SelectedMonth
) | REFERENCES: $ ACR -> M_ACR + VAR CY = SUM(ACR_CY[AzureConsumedRevenue])
VAR PY = SUM(ACR_PY[AzureConsumedRevenue])
VAR A = CY + PY
VAR S = IF(ISFILTERED(DimCustomer[TPAccountName]),BLANK(),SUM(ACR_Summarized[AzureConsumedRevenue]))
VAR SelectedView = SELECTEDVALUE(DimViewType[ViewType])
RETURN
SWITCH(SelectedView,""Non-Curated"",S,A), DATE - 1 Month Prior to Latest Selected Month -> M_Date + 
// Returns the start date of the month before the latest selected azure closed month
VAR LatestSelectedAzureClosedMonth = [DATE - Latest Selected Month]
VAR OneMonthPrior = EDATE ( LatestSelectedAzureClosedMonth, -1)
RETURN
OneMonthPrior","The name indicates it calculates the ACR for the previous selected month, which aligns with the context.","The name reflects the calculation described in the context, which involves retrieving ACR for the previous selected month.",No problematic abbreviations are present; '$' and 'ACR' are standard terms in the business context.,1.6999999999999997,1.6999999999999997,1.0,0.2,0.2,0.2,0.2,0.3,0.3,0.2,0.2,0.4,0.4,0.4,0.4,4,GREEN,#00FF00
M_ACR,$ ACR MoM Change,[$ ACR Latest Selected Month] - [$ ACR Previous Selected Month],,warning,No,,No,,Yes,"$ acr latest selected month, $ acr previous selected month",No,,"$ ACR MoM Change -> M_ACR + [$ ACR Latest Selected Month] - [$ ACR Previous Selected Month] | REFERENCES: $ ACR Latest Selected Month -> M_ACR + 
// Returns ACR for the latest selected month. Doesn't roll up to quarters - for use in other measures
VAR SelectedMonth = [DATE - Latest Selected Month]
RETURN
CALCULATE(
    [$ ACR],
    DimDate[CreateDate]=SelectedMonth
), $ ACR Previous Selected Month -> M_ACR + 
// Returns ACR for the latest selected month. Doesn't roll up to quarters - for use in other measures
VAR SelectedMonth = [DATE - 1 Month Prior to Latest Selected Month]
RETURN
CALCULATE(
    [$ ACR],ALL(DimDate),
    DimDate[CreateDate]=SelectedMonth
)","The name indicates it calculates the month-over-month change in ACR, which aligns with the context.","The name reflects the calculation described in the context, which involves subtracting the previous month's ACR from the latest month's ACR.","No problematic abbreviations are present; '$', 'ACR', and 'MoM' are standard terms in the business context.",1.4,1.6999999999999997,0.823529411764706,0.2,0.2,0.2,0.2,0.0,0.3,0.2,0.2,0.4,0.4,0.4,0.4,3,YELLOW,#FFFF00
M_ACR,% T3M CAGR Last Closed Month,"CALCULATE([% T3M CAGR], DimDate[IsLastAzureClosedMonth]=1)",,warning,No,,No,,Yes,% t3m cagr,No,,"% T3M CAGR Last Closed Month -> M_ACR + CALCULATE([% T3M CAGR], DimDate[IsLastAzureClosedMonth]=1) | REFERENCES: % T3M CAGR -> M_ACR + 
// CMGR calculation over the selected value of periods in average. 
VAR SelectedMonth = [DATE - Latest Selected Azure Closed Month]
VAR LatestAzureClosedMonth = [DATE - Last Closed Azure Month]
VAR PeriodsInAverage = 3
VAR FirstMonthDate = EDATE ( SelectedMonth , -1 * PeriodsInAverage )
VAR CurrentMonthACR = MAX ( [$ ACR Selected Month] , 0 )
VAR FirstMonthACR = MAX (
	CALCULATE (
                'M_ACR'[$ ACR], ALL(DimDate),
                'DimDate'[MonthStartDate] = FirstMonthDate
            ) , 0 )
VAR FirstMonthACR_GREATER_THAN_ZERO = FirstMonthACR > 0
VAR SelectedMonth_NOT_AFTER_LastAzureClosedMonth = LatestAzureClosedMonth >= SelectedMonth
VAR CMGR = 
	DIVIDE ( CurrentMonthACR , FirstMonthACR ) ^ ( 1 / PeriodsInAverage ) - 1
RETURN
IF ( FirstMonthACR_GREATER_THAN_ZERO && SelectedMonth_NOT_AFTER_LastAzureClosedMonth , CMGR , BLANK ( ) )","The name indicates it calculates the trailing three-month compound annual growth rate (CAGR) for the last closed month, which aligns with the context.","The name reflects the calculation described in the context, which involves calculating the CAGR for the trailing three months of the last closed month.",No problematic abbreviations are present; 'T3M' and 'CAGR' are standard business terms.,1.4,1.6999999999999997,0.823529411764706,0.2,0.2,0.2,0.2,0.0,0.3,0.2,0.2,0.4,0.4,0.4,0.4,3,YELLOW,#FFFF00
M_ACR,$ ACR Baseline Avg Daily (Monthly),"
VAR LastClosedAzureMonth = [DATE - Last Closed Azure Month]
VAR SelectedMonth = [DATE - Latest Selected Month]
VAR DaysInMonth = [# Days in Month]
VAR LastMonthACR = CALCULATE (
    [$ Avg Daily ACR (less IP CoSell) Selected Month],
    ALL(DimDate),
    'DimDate'[MonthStartDate] = LastClosedAzureMonth)
RETURN
IF(SelectedMonth > LastClosedAzureMonth,LastMonthACR * DaysInMonth,BLANK())",,good,No,,No,,Yes,"# days in month, $ avg daily acr (less ip cosell) selected month, date - last closed azure month, date - latest selected month",Yes,,"$ ACR Baseline Avg Daily (Monthly) -> M_ACR + 
VAR LastClosedAzureMonth = [DATE - Last Closed Azure Month]
VAR SelectedMonth = [DATE - Latest Selected Month]
VAR DaysInMonth = [# Days in Month]
VAR LastMonthACR = CALCULATE (
    [$ Avg Daily ACR (less IP CoSell) Selected Month],
    ALL(DimDate),
    'DimDate'[MonthStartDate] = LastClosedAzureMonth)
RETURN
IF(SelectedMonth > LastClosedAzureMonth,LastMonthACR * DaysInMonth,BLANK()) | REFERENCES: # Days in Month -> M_Date + [Start End Date Diff] + 1, $ Avg Daily ACR (less IP CoSell) Selected Month -> M_ACR + 
// Returns ACR for the latest selected month. Doesn't roll up to quarters - for use in other measures
VAR SelectedMonth = [DATE - Latest Selected Azure Closed Month]
RETURN
CALCULATE(
   [$ Avg Daily ACR (less IP Co-Sell)],
    'DimDate'[MonthStartDate] = SelectedMonth
), DATE - Last Closed Azure Month -> M_Date + 
// Returns start date of last closed Azure month
VAR LastClosedAzureMonth = CALCULATE(SELECTEDVALUE('DimDate'[MonthStartDate]), ALL('DimDate'), 'DimDate'[IsLastAzureClosedMonth] = 1)
RETURN
LastClosedAzureMonth, DATE - Latest Selected Month -> M_Date + 
// Returns the value of the latest selected month
VAR LatestSelectedMonth = CALCULATE ( MAX('DimDate'[MonthStartDate]) )
RETURN
LatestSelectedMonth","The name clearly indicates that the measure calculates the average daily ACR baseline for a monthly period, which aligns with the context provided.","The name accurately reflects the calculation in the context, which involves calculating the average daily ACR baseline for a specific month.",No problematic abbreviations are present in the name. '$' and 'ACR' are standard business terms.,1.6999999999999997,1.6999999999999997,1.0,0.2,0.2,0.2,0.2,0.3,0.3,0.2,0.2,0.4,0.4,0.4,0.4,4,GREEN,#00FF00
M_ACR,$ Avg Daily ACR (less IP CoSell) Selected Month,"
// Returns ACR for the latest selected month. Doesn't roll up to quarters - for use in other measures
VAR SelectedMonth = [DATE - Latest Selected Azure Closed Month]
RETURN
CALCULATE(
   [$ Avg Daily ACR (less IP Co-Sell)],
    'DimDate'[MonthStartDate] = SelectedMonth
)",,good,No,,No,,Yes,"$ avg daily acr (less ip co-sell), date - latest selected azure closed month",Yes,,"$ Avg Daily ACR (less IP CoSell) Selected Month -> M_ACR + 
// Returns ACR for the latest selected month. Doesn't roll up to quarters - for use in other measures
VAR SelectedMonth = [DATE - Latest Selected Azure Closed Month]
RETURN
CALCULATE(
   [$ Avg Daily ACR (less IP Co-Sell)],
    'DimDate'[MonthStartDate] = SelectedMonth
) | REFERENCES: $ Avg Daily ACR (less IP Co-Sell) -> M_ACR + VAR ACR = CALCULATE([$ ACR],DimDate[IsAzureClosed]=""Y"",FILTER('Distinct AdjustmentFlag','Distinct AdjustmentFlag'[AdjustmentFlag]<>""Deal Registration""))
VAR LessIP = CALCULATE(ACR,FILTER('Distinct AdjustmentFlag','Distinct AdjustmentFlag'[AdjustmentFlag]<>""Deal Registration""))
VAR Days = [# Days in Month]
RETURN
DIVIDE(ACR , Days), DATE - Latest Selected Azure Closed Month -> M_Date + 
// Returns the date of the latest Azure closed month in the selection
VAR LastClosedAzureMonth = [DATE - Last Closed Azure Month]
VAR LatestSelectedMonth = [DATE - Latest Selected Month]
VAR LastClosedAzureMonth_IS_LESS_THAN_LatestSelectedMonth = LastClosedAzureMonth < LatestSelectedMonth
RETURN
IF(LastClosedAzureMonth_IS_LESS_THAN_LatestSelectedMonth, LastClosedAzureMonth, LatestSelectedMonth)","The name indicates that the measure calculates the average daily ACR for the selected month, excluding IP CoSell, which aligns with the context.","The name reflects the calculation in the context, which involves calculating the average daily ACR for the selected month with specific exclusions.","No problematic abbreviations are present in the name. '$', 'ACR', and 'IP CoSell' are standard business terms.",1.6999999999999997,1.6999999999999997,1.0,0.2,0.2,0.2,0.2,0.3,0.3,0.2,0.2,0.4,0.4,0.4,0.4,4,GREEN,#00FF00
M_ACR,$ Avg Daily ACR (less IP Co-Sell),"VAR ACR = CALCULATE([$ ACR],DimDate[IsAzureClosed]=""Y"",FILTER('Distinct AdjustmentFlag','Distinct AdjustmentFlag'[AdjustmentFlag]<>""Deal Registration""))
VAR LessIP = CALCULATE(ACR,FILTER('Distinct AdjustmentFlag','Distinct AdjustmentFlag'[AdjustmentFlag]<>""Deal Registration""))
VAR Days = [# Days in Month]
RETURN
DIVIDE(ACR , Days)",,good,No,,No,,Yes,"# days in month, $ acr",Yes,,"$ Avg Daily ACR (less IP Co-Sell) -> M_ACR + VAR ACR = CALCULATE([$ ACR],DimDate[IsAzureClosed]=""Y"",FILTER('Distinct AdjustmentFlag','Distinct AdjustmentFlag'[AdjustmentFlag]<>""Deal Registration""))
VAR LessIP = CALCULATE(ACR,FILTER('Distinct AdjustmentFlag','Distinct AdjustmentFlag'[AdjustmentFlag]<>""Deal Registration""))
VAR Days = [# Days in Month]
RETURN
DIVIDE(ACR , Days) | REFERENCES: # Days in Month -> M_Date + [Start End Date Diff] + 1, $ ACR -> M_ACR + VAR CY = SUM(ACR_CY[AzureConsumedRevenue])
VAR PY = SUM(ACR_PY[AzureConsumedRevenue])
VAR A = CY + PY
VAR S = IF(ISFILTERED(DimCustomer[TPAccountName]),BLANK(),SUM(ACR_Summarized[AzureConsumedRevenue]))
VAR SelectedView = SELECTEDVALUE(DimViewType[ViewType])
RETURN
SWITCH(SelectedView,""Non-Curated"",S,A)","The name indicates that the measure calculates the average daily ACR excluding IP Co-Sell, which aligns with the context.","The name reflects the calculation in the context, which involves calculating the average daily ACR with specific exclusions.","No problematic abbreviations are present in the name. '$', 'ACR', and 'IP Co-Sell' are standard business terms.",1.6999999999999997,1.6999999999999997,1.0,0.2,0.2,0.2,0.2,0.3,0.3,0.2,0.2,0.4,0.4,0.4,0.4,4,GREEN,#00FF00
M_ACR,$ ACR Baseline,"
// ACR Baseline value - totals correctly if no fiscal month is selected
 SUMX ( VALUES ( 'DimDate'[FiscalMonth] ) , [$ ACR Baseline Avg Daily (Monthly)] )",,warning,No,,No,,Yes,$ acr baseline avg daily (monthly),No,,"$ ACR Baseline -> M_ACR + 
// ACR Baseline value - totals correctly if no fiscal month is selected
 SUMX ( VALUES ( 'DimDate'[FiscalMonth] ) , [$ ACR Baseline Avg Daily (Monthly)] ) | REFERENCES: $ ACR Baseline Avg Daily (Monthly) -> M_ACR + 
VAR LastClosedAzureMonth = [DATE - Last Closed Azure Month]
VAR SelectedMonth = [DATE - Latest Selected Month]
VAR DaysInMonth = [# Days in Month]
VAR LastMonthACR = CALCULATE (
    [$ Avg Daily ACR (less IP CoSell) Selected Month],
    ALL(DimDate),
    'DimDate'[MonthStartDate] = LastClosedAzureMonth)
RETURN
IF(SelectedMonth > LastClosedAzureMonth,LastMonthACR * DaysInMonth,BLANK())","The name indicates that the measure calculates the baseline ACR, which aligns with the context provided.","The name reflects the calculation in the context, which involves summing the ACR baseline average daily values across fiscal months.",No problematic abbreviations are present in the name. '$' and 'ACR' are standard business terms.,1.4,1.6999999999999997,0.823529411764706,0.2,0.2,0.2,0.2,0.0,0.3,0.2,0.2,0.4,0.4,0.4,0.4,3,YELLOW,#FFFF00
M_ACR,# Subscriptions,CALCULATE(COUNT('Distinct SubscriptionGUID'[SubscriptionGUID])),,good,No,,No,,No,,Yes,,# Subscriptions -> M_ACR + CALCULATE(COUNT('Distinct SubscriptionGUID'[SubscriptionGUID])),"The name clearly indicates that the measure counts the number of subscriptions, which aligns with the context.","The name reflects the calculation in the context, which involves counting distinct subscription GUIDs.",No problematic abbreviations are present in the name. '#' is universally understood as 'number of'.,1.6999999999999997,1.6999999999999997,1.0,0.2,0.2,0.2,0.2,0.3,0.3,0.2,0.2,0.4,0.4,0.4,0.4,4,GREEN,#00FF00
M_ACR,# New Subscriptions Created CM + T3M,"CALCULATE([# Subscriptions],DimDate_Subscriptions[Month_Rel] in {""CM""
,""CM-1"",""CM-2"",""CM-3""
}
--,CROSSFILTER('Distinct SubscriptionGUID'[SubscriptionGUID],ACR_PY[SubscriptionGUID],Both)
)",,warning,No,,No,,Yes,# subscriptions,No,,"# New Subscriptions Created CM + T3M -> M_ACR + CALCULATE([# Subscriptions],DimDate_Subscriptions[Month_Rel] in {""CM""
,""CM-1"",""CM-2"",""CM-3""
}
--,CROSSFILTER('Distinct SubscriptionGUID'[SubscriptionGUID],ACR_PY[SubscriptionGUID],Both)
) | REFERENCES: # Subscriptions -> M_ACR + CALCULATE(COUNT('Distinct SubscriptionGUID'[SubscriptionGUID]))","The name indicates that the measure calculates the number of new subscriptions created in the current month and the three months prior, which aligns with the context.","The name reflects the calculation in the context, which involves counting subscriptions created in the current month and the three preceding months.",No problematic abbreviations are present in the name. '#' and 'CM' (current month) are standard abbreviations.,1.4,1.6999999999999997,0.823529411764706,0.2,0.2,0.2,0.2,0.0,0.3,0.2,0.2,0.4,0.4,0.4,0.4,3,YELLOW,#FFFF00
M_ACR,$ PreCredit ACR,"VAR CY = SUM(ACR_CY[PreCreditAzureConsumedRevenue])
VAR PY = SUM(ACR_PY[PreCreditAzureConsumedRevenue])
VAR A = CY + PY
VAR S = IF(ISFILTERED(DimCustomer[TPAccountName]),BLANK(),SUM(ACR_Summarized[PreCreditACR]))
VAR SelectedView = SELECTEDVALUE(DimViewType[ViewType])
RETURN
SWITCH(SelectedView,""Non-Curated"",S,A)",,good,No,,No,,No,,Yes,,"$ PreCredit ACR -> M_ACR + VAR CY = SUM(ACR_CY[PreCreditAzureConsumedRevenue])
VAR PY = SUM(ACR_PY[PreCreditAzureConsumedRevenue])
VAR A = CY + PY
VAR S = IF(ISFILTERED(DimCustomer[TPAccountName]),BLANK(),SUM(ACR_Summarized[PreCreditACR]))
VAR SelectedView = SELECTEDVALUE(DimViewType[ViewType])
RETURN
SWITCH(SelectedView,""Non-Curated"",S,A)","The name indicates that the measure calculates pre-credit ACR, which aligns with the context.","The name reflects the calculation in the context, which involves summing pre-credit Azure consumed revenue.",No problematic abbreviations are present in the name. '$' and 'ACR' are standard business terms.,1.6999999999999997,1.6999999999999997,1.0,0.2,0.2,0.2,0.2,0.3,0.3,0.2,0.2,0.4,0.4,0.4,0.4,4,GREEN,#00FF00
M_ACR,% Service Level of PreCredit Total,"VAR ONE = DIVIDE([$ PreCredit ACR] , CALCULATE([$ PreCredit ACR],ALL('Distinct ServiceLevel2'[ServiceLevel1])))
VAR TWO = DIVIDE([$ PreCredit ACR] , CALCULATE([$ PreCredit ACR],ALL('Distinct ServiceLevel2'[ServiceLevel2])))
RETURN
IF(ISFILTERED('Distinct ServiceLevel2'[ServiceLevel2]),TWO,ONE)",,warning,No,,No,,Yes,$ precredit acr,No,,"% Service Level of PreCredit Total -> M_ACR + VAR ONE = DIVIDE([$ PreCredit ACR] , CALCULATE([$ PreCredit ACR],ALL('Distinct ServiceLevel2'[ServiceLevel1])))
VAR TWO = DIVIDE([$ PreCredit ACR] , CALCULATE([$ PreCredit ACR],ALL('Distinct ServiceLevel2'[ServiceLevel2])))
RETURN
IF(ISFILTERED('Distinct ServiceLevel2'[ServiceLevel2]),TWO,ONE) | REFERENCES: $ PreCredit ACR -> M_ACR + VAR CY = SUM(ACR_CY[PreCreditAzureConsumedRevenue])
VAR PY = SUM(ACR_PY[PreCreditAzureConsumedRevenue])
VAR A = CY + PY
VAR S = IF(ISFILTERED(DimCustomer[TPAccountName]),BLANK(),SUM(ACR_Summarized[PreCreditACR]))
VAR SelectedView = SELECTEDVALUE(DimViewType[ViewType])
RETURN
SWITCH(SelectedView,""Non-Curated"",S,A)","The name indicates that the measure calculates the percentage of service level for pre-credit total, which aligns with the context.","The name reflects the calculation in the context, which involves dividing pre-credit ACR by totals at different service levels.",No problematic abbreviations are present in the name. '%' is universally understood.,1.4,1.6999999999999997,0.823529411764706,0.2,0.2,0.2,0.2,0.0,0.3,0.2,0.2,0.4,0.4,0.4,0.4,3,YELLOW,#FFFF00
M_ACR,% Service Level of ACR Total,"VAR ONE = DIVIDE([$ ACR] , CALCULATE([$ ACR],ALL('Distinct ServiceLevel2'[ServiceLevel1])))
VAR TWO = DIVIDE([$ ACR] , CALCULATE([$ ACR],ALL('Distinct ServiceLevel2'[ServiceLevel2])))
RETURN
IF(ISFILTERED('Distinct ServiceLevel2'[ServiceLevel2]),TWO,ONE)",,warning,No,,No,,Yes,$ acr,No,,"% Service Level of ACR Total -> M_ACR + VAR ONE = DIVIDE([$ ACR] , CALCULATE([$ ACR],ALL('Distinct ServiceLevel2'[ServiceLevel1])))
VAR TWO = DIVIDE([$ ACR] , CALCULATE([$ ACR],ALL('Distinct ServiceLevel2'[ServiceLevel2])))
RETURN
IF(ISFILTERED('Distinct ServiceLevel2'[ServiceLevel2]),TWO,ONE) | REFERENCES: $ ACR -> M_ACR + VAR CY = SUM(ACR_CY[AzureConsumedRevenue])
VAR PY = SUM(ACR_PY[AzureConsumedRevenue])
VAR A = CY + PY
VAR S = IF(ISFILTERED(DimCustomer[TPAccountName]),BLANK(),SUM(ACR_Summarized[AzureConsumedRevenue]))
VAR SelectedView = SELECTEDVALUE(DimViewType[ViewType])
RETURN
SWITCH(SelectedView,""Non-Curated"",S,A)","The name indicates that the measure calculates the percentage of service level for ACR total, which aligns with the context.","The name reflects the calculation in the context, which involves dividing ACR by totals at different service levels.",No problematic abbreviations are present in the name. '%' is universally understood.,1.4,1.6999999999999997,0.823529411764706,0.2,0.2,0.2,0.2,0.0,0.3,0.2,0.2,0.4,0.4,0.4,0.4,3,YELLOW,#FFFF00
M_ACR,% Azure Firewall ACR of Total Organic ACR,"DIVIDE([$ Azure Firewall ACR] , [$ Organic ACR])",,warning,No,,No,,Yes,"$ azure firewall acr, $ organic acr",No,,"% Azure Firewall ACR of Total Organic ACR -> M_ACR + DIVIDE([$ Azure Firewall ACR] , [$ Organic ACR]) | REFERENCES: $ Azure Firewall ACR -> M_Defender + CALCULATE([$ ACR],'Distinct ServiceLevel4'[ServiceLevel2] in {""Azure Firewall""}), $ Organic ACR -> M_ACR + CALCULATE(M_ACR[$ ACR],'Distinct AdjustmentFlag'[AdjustmentFlag]=""N/A"")","The name indicates that the measure calculates the percentage of Azure Firewall ACR relative to total organic ACR, which aligns with the context.","The name reflects the calculation in the context, which involves dividing Azure Firewall ACR by organic ACR.",No problematic abbreviations are present in the name. '%' and 'ACR' are standard business terms.,1.4,1.6999999999999997,0.823529411764706,0.2,0.2,0.2,0.2,0.0,0.3,0.2,0.2,0.4,0.4,0.4,0.4,3,YELLOW,#FFFF00
M_ACR,% Azure Front Door ACR of Total Organic ACR,"DIVIDE([$ Azure Front Door ACR] , [$ Organic ACR])",,warning,No,,No,,Yes,"$ azure front door acr, $ organic acr",No,,"% Azure Front Door ACR of Total Organic ACR -> M_ACR + DIVIDE([$ Azure Front Door ACR] , [$ Organic ACR]) | REFERENCES: $ Azure Front Door ACR -> M_Defender + CALCULATE([$ ACR],'Distinct ServiceLevel4'[ServiceLevel2] in {""Azure Front Door Service""}), $ Organic ACR -> M_ACR + CALCULATE(M_ACR[$ ACR],'Distinct AdjustmentFlag'[AdjustmentFlag]=""N/A"")","The name indicates that the measure calculates the percentage of Azure Front Door ACR relative to total organic ACR, which aligns with the context.","The name reflects the calculation in the context, which involves dividing Azure Front Door ACR by organic ACR.",No problematic abbreviations are present in the name. '%' and 'ACR' are standard business terms.,1.4,1.6999999999999997,0.823529411764706,0.2,0.2,0.2,0.2,0.0,0.3,0.2,0.2,0.4,0.4,0.4,0.4,3,YELLOW,#FFFF00
M_ACR,% Azure DDOS ACR of Total Organic ACR,"DIVIDE([$ Azure DDOS ACR] , [$ Organic ACR])",,warning,No,,No,,Yes,"$ azure ddos acr, $ organic acr",No,,"% Azure DDOS ACR of Total Organic ACR -> M_ACR + DIVIDE([$ Azure DDOS ACR] , [$ Organic ACR]) | REFERENCES: $ Azure DDOS ACR -> M_Defender + CALCULATE([$ ACR],'Distinct ServiceLevel4'[ServiceLevel2] in {""Azure DDOS Protection""}), $ Organic ACR -> M_ACR + CALCULATE(M_ACR[$ ACR],'Distinct AdjustmentFlag'[AdjustmentFlag]=""N/A"")","The name indicates that the measure calculates the percentage of Azure DDOS ACR relative to total organic ACR, which aligns with the context.","The name reflects the calculation in the context, which involves dividing Azure DDOS ACR by organic ACR.",No problematic abbreviations are present in the name. '%' and 'ACR' are standard business terms.,1.4,1.6999999999999997,0.823529411764706,0.2,0.2,0.2,0.2,0.0,0.3,0.2,0.2,0.4,0.4,0.4,0.4,3,YELLOW,#FFFF00
M_ACR,$ Priority Network Security Services ACR,[$ Azure Firewall ACR] + [$ Azure Front Door ACR] + [$ Azure DDOS ACR],,good,No,,No,,Yes,"$ azure ddos acr, $ azure firewall acr, $ azure front door acr",Yes,,"$ Priority Network Security Services ACR -> M_ACR + [$ Azure Firewall ACR] + [$ Azure Front Door ACR] + [$ Azure DDOS ACR] | REFERENCES: $ Azure DDOS ACR -> M_Defender + CALCULATE([$ ACR],'Distinct ServiceLevel4'[ServiceLevel2] in {""Azure DDOS Protection""}), $ Azure Firewall ACR -> M_Defender + CALCULATE([$ ACR],'Distinct ServiceLevel4'[ServiceLevel2] in {""Azure Firewall""}), $ Azure Front Door ACR -> M_Defender + CALCULATE([$ ACR],'Distinct ServiceLevel4'[ServiceLevel2] in {""Azure Front Door Service""})","The name indicates that the measure calculates the ACR for priority network security services, which aligns with the context.","The name reflects the calculation in the context, which involves summing ACR values for Azure Firewall, Front Door, and DDOS services.",No problematic abbreviations are present in the name. '$' and 'ACR' are standard business terms.,1.6999999999999997,1.6999999999999997,1.0,0.2,0.2,0.2,0.2,0.3,0.3,0.2,0.2,0.4,0.4,0.4,0.4,4,GREEN,#00FF00
M_ACR,% Priority Network Security Services ACR of Total Organic ACR,"DIVIDE([$ Priority Network Security Services ACR] , [$ Organic ACR])",,warning,No,,No,,Yes,"$ organic acr, $ priority network security services acr",No,,"% Priority Network Security Services ACR of Total Organic ACR -> M_ACR + DIVIDE([$ Priority Network Security Services ACR] , [$ Organic ACR]) | REFERENCES: $ Organic ACR -> M_ACR + CALCULATE(M_ACR[$ ACR],'Distinct AdjustmentFlag'[AdjustmentFlag]=""N/A""), $ Priority Network Security Services ACR -> M_ACR + [$ Azure Firewall ACR] + [$ Azure Front Door ACR] + [$ Azure DDOS ACR]","The name indicates that the measure calculates the percentage of priority network security services ACR relative to total organic ACR, which aligns with the context.","The name reflects the calculation in the context, which involves dividing priority network security services ACR by organic ACR.",No problematic abbreviations are present in the name. '%' and 'ACR' are standard business terms.,1.4,1.6999999999999997,0.823529411764706,0.2,0.2,0.2,0.2,0.0,0.3,0.2,0.2,0.4,0.4,0.4,0.4,3,YELLOW,#FFFF00
M_ACR,$ ADG,"VAR A = SUM(ADG[AzureConsumedRevenue])
VAR S = IF(ISFILTERED(DimCustomer[TPAccountName]),BLANK(),SUM(ADG_Summarized[ACR]))
VAR SelectedView = SELECTEDVALUE(DimViewType[ViewType])
RETURN
SWITCH(SelectedView,""Non-Curated"",S,A)",,critical,No,,No,,No,,No,,"$ ADG -> M_ACR + VAR A = SUM(ADG[AzureConsumedRevenue])
VAR S = IF(ISFILTERED(DimCustomer[TPAccountName]),BLANK(),SUM(ADG_Summarized[ACR]))
VAR SelectedView = SELECTEDVALUE(DimViewType[ViewType])
RETURN
SWITCH(SelectedView,""Non-Curated"",S,A)","The name '$ ADG' is cryptic and does not provide a clear indication of its purpose or calculation, even with the context.","The name does not reflect the calculation in the context, which involves summing Azure consumed revenue and applying filters.",The abbreviation 'ADG' is unclear and does not provide enough information about the measure's purpose.,0.4,1.6999999999999997,0.23529411764705888,0.2,0.2,0.2,0.2,0.0,0.3,0.0,0.2,0.0,0.4,0.0,0.4,1,RED,#FF0000
M_ACR,$ Average Daily Organic ACR,"
VAR Days = [# Days in Month]
VAR DaysCurrent = DATEDIFF(CALCULATE(MAX(DimDate[MonthStartDate]),DimDate[IsCurrentAzureMonth]=1),TODAY(),DAY)
VAR ACR = M_ACR[$ Organic ACR]
VAR SelectedMonth = [DATE - Latest Selected Month]
VAR AzureDate = CALCULATE(MAX(DimSourceRefreshDetails[SourceLastRefreshedDate]), DimSourceRefreshDetails[DataCategory]=""OCDM Azure Usage"")
VAR AzureCurrentM = [DATE - Azure Current Month]
VAR Today = TODAY()
VAR AzureLastClosed = M_Date[DATE - Last Closed Azure Month]
VAR SourceDate = CALCULATE(MAX(DimSourceRefreshDetails[SourceLastRefreshedDate]),DimSourceRefreshDetails[DataCategory]=""OCDM Azure Usage"")
VAR DaysSource = DATEDIFF(CALCULATE(MAX(DimDate[MonthStartDate]),DimDate[IsCurrentAzureMonth]=1),SourceDate,DAY)
RETURN
IF(SelectedMonth = AzureCurrentM,DIVIDE(ACR, DaysSource),IF(SelectedMonth > AzureLastClosed,BLANK(),DIVIDE(ACR, Days)))",,good,No,,Yes,"$ organic acr, date - last closed azure month",Yes,"# days in month, $ organic acr, date - azure current month, date - last closed azure month, date - latest selected month",Yes,"Please use unqualified measures references i.e., [Measure Name] instead of Fully Qualified reference i.e., Table[MeasureName] or 'Table'[MeasureName]. Referenced measures: $ organic acr, date - last closed azure month","$ Average Daily Organic ACR -> M_ACR + 
VAR Days = [# Days in Month]
VAR DaysCurrent = DATEDIFF(CALCULATE(MAX(DimDate[MonthStartDate]),DimDate[IsCurrentAzureMonth]=1),TODAY(),DAY)
VAR ACR = M_ACR[$ Organic ACR]
VAR SelectedMonth = [DATE - Latest Selected Month]
VAR AzureDate = CALCULATE(MAX(DimSourceRefreshDetails[SourceLastRefreshedDate]), DimSourceRefreshDetails[DataCategory]=""OCDM Azure Usage"")
VAR AzureCurrentM = [DATE - Azure Current Month]
VAR Today = TODAY()
VAR AzureLastClosed = M_Date[DATE - Last Closed Azure Month]
VAR SourceDate = CALCULATE(MAX(DimSourceRefreshDetails[SourceLastRefreshedDate]),DimSourceRefreshDetails[DataCategory]=""OCDM Azure Usage"")
VAR DaysSource = DATEDIFF(CALCULATE(MAX(DimDate[MonthStartDate]),DimDate[IsCurrentAzureMonth]=1),SourceDate,DAY)
RETURN
IF(SelectedMonth = AzureCurrentM,DIVIDE(ACR, DaysSource),IF(SelectedMonth > AzureLastClosed,BLANK(),DIVIDE(ACR, Days))) | REFERENCES: # Days in Month -> M_Date + [Start End Date Diff] + 1, $ Organic ACR -> M_ACR + CALCULATE(M_ACR[$ ACR],'Distinct AdjustmentFlag'[AdjustmentFlag]=""N/A""), DATE - Azure Current Month -> M_Date + 
// Returns the value of the latest selected month
VAR LatestSelectedMonth = CALCULATE ( MAX('DimDate'[MonthStartDate]), DimDate[IsCurrentAzureMonth]=1 )
RETURN
LatestSelectedMonth, DATE - Last Closed Azure Month -> M_Date + 
// Returns start date of last closed Azure month
VAR LastClosedAzureMonth = CALCULATE(SELECTEDVALUE('DimDate'[MonthStartDate]), ALL('DimDate'), 'DimDate'[IsLastAzureClosedMonth] = 1)
RETURN
LastClosedAzureMonth, DATE - Latest Selected Month -> M_Date + 
// Returns the value of the latest selected month
VAR LatestSelectedMonth = CALCULATE ( MAX('DimDate'[MonthStartDate]) )
RETURN
LatestSelectedMonth",The name '$ Average Daily Organic ACR' is self-explanatory as it indicates the measure calculates the average daily organic Azure Consumed Revenue (ACR).,"The name accurately reflects the calculation described in the context, which involves dividing organic ACR by the number of days in the month or source days.",The abbreviation 'ACR' is a standard term in the business context and does not make the name cryptic.,1.5,1.6999999999999997,0.8823529411764707,0.0,0.2,0.2,0.2,0.3,0.3,0.2,0.2,0.4,0.4,0.4,0.4,4,GREEN,#00FF00
M_ACR,$ Avg Daily Organic ACR Latest Selected Month,"
// Returns ACR for the latest selected month. Doesn't roll up to quarters - for use in other measures
VAR SelectedMonth = [DATE - Latest Selected Month]
RETURN
CALCULATE(
    [$ Average Daily Organic ACR],
    DimDate[CreateDate]=SelectedMonth
)",,good,No,,No,,Yes,"$ average daily organic acr, date - latest selected month",Yes,,"$ Avg Daily Organic ACR Latest Selected Month -> M_ACR + 
// Returns ACR for the latest selected month. Doesn't roll up to quarters - for use in other measures
VAR SelectedMonth = [DATE - Latest Selected Month]
RETURN
CALCULATE(
    [$ Average Daily Organic ACR],
    DimDate[CreateDate]=SelectedMonth
) | REFERENCES: $ Average Daily Organic ACR -> M_ACR + 
VAR Days = [# Days in Month]
VAR DaysCurrent = DATEDIFF(CALCULATE(MAX(DimDate[MonthStartDate]),DimDate[IsCurrentAzureMonth]=1),TODAY(),DAY)
VAR ACR = M_ACR[$ Organic ACR]
VAR SelectedMonth = [DATE - Latest Selected Month]
VAR AzureDate = CALCULATE(MAX(DimSourceRefreshDetails[SourceLastRefreshedDate]), DimSourceRefreshDetails[DataCategory]=""OCDM Azure Usage"")
VAR AzureCurrentM = [DATE - Azure Current Month]
VAR Today = TODAY()
VAR AzureLastClosed = M_Date[DATE - Last Closed Azure Month]
VAR SourceDate = CALCULATE(MAX(DimSourceRefreshDetails[SourceLastRefreshedDate]),DimSourceRefreshDetails[DataCategory]=""OCDM Azure Usage"")
VAR DaysSource = DATEDIFF(CALCULATE(MAX(DimDate[MonthStartDate]),DimDate[IsCurrentAzureMonth]=1),SourceDate,DAY)
RETURN
IF(SelectedMonth = AzureCurrentM,DIVIDE(ACR, DaysSource),IF(SelectedMonth > AzureLastClosed,BLANK(),DIVIDE(ACR, Days))), DATE - Latest Selected Month -> M_Date + 
// Returns the value of the latest selected month
VAR LatestSelectedMonth = CALCULATE ( MAX('DimDate'[MonthStartDate]) )
RETURN
LatestSelectedMonth",The name '$ Avg Daily Organic ACR Latest Selected Month' is self-explanatory as it indicates the measure calculates the average daily organic ACR for the latest selected month.,"The name reflects the calculation described in the context, which retrieves the average daily organic ACR for the latest selected month.",The abbreviation 'ACR' is a standard term in the business context and does not make the name cryptic.,1.6999999999999997,1.6999999999999997,1.0,0.2,0.2,0.2,0.2,0.3,0.3,0.2,0.2,0.4,0.4,0.4,0.4,4,GREEN,#00FF00
M_ACR,$ Avg Daily Organic ACR Previous Selected Month,"
// Returns ACR for the latest selected month. Doesn't roll up to quarters - for use in other measures
VAR SelectedMonth = [DATE - 1 Month Prior to Latest Selected Month]
RETURN
CALCULATE(
    [$ Average Daily Organic ACR],ALL(DimDate),
    DimDate[CreateDate]=SelectedMonth
)",,good,No,,No,,Yes,"$ average daily organic acr, date - 1 month prior to latest selected month",Yes,,"$ Avg Daily Organic ACR Previous Selected Month -> M_ACR + 
// Returns ACR for the latest selected month. Doesn't roll up to quarters - for use in other measures
VAR SelectedMonth = [DATE - 1 Month Prior to Latest Selected Month]
RETURN
CALCULATE(
    [$ Average Daily Organic ACR],ALL(DimDate),
    DimDate[CreateDate]=SelectedMonth
) | REFERENCES: $ Average Daily Organic ACR -> M_ACR + 
VAR Days = [# Days in Month]
VAR DaysCurrent = DATEDIFF(CALCULATE(MAX(DimDate[MonthStartDate]),DimDate[IsCurrentAzureMonth]=1),TODAY(),DAY)
VAR ACR = M_ACR[$ Organic ACR]
VAR SelectedMonth = [DATE - Latest Selected Month]
VAR AzureDate = CALCULATE(MAX(DimSourceRefreshDetails[SourceLastRefreshedDate]), DimSourceRefreshDetails[DataCategory]=""OCDM Azure Usage"")
VAR AzureCurrentM = [DATE - Azure Current Month]
VAR Today = TODAY()
VAR AzureLastClosed = M_Date[DATE - Last Closed Azure Month]
VAR SourceDate = CALCULATE(MAX(DimSourceRefreshDetails[SourceLastRefreshedDate]),DimSourceRefreshDetails[DataCategory]=""OCDM Azure Usage"")
VAR DaysSource = DATEDIFF(CALCULATE(MAX(DimDate[MonthStartDate]),DimDate[IsCurrentAzureMonth]=1),SourceDate,DAY)
RETURN
IF(SelectedMonth = AzureCurrentM,DIVIDE(ACR, DaysSource),IF(SelectedMonth > AzureLastClosed,BLANK(),DIVIDE(ACR, Days))), DATE - 1 Month Prior to Latest Selected Month -> M_Date + 
// Returns the start date of the month before the latest selected azure closed month
VAR LatestSelectedAzureClosedMonth = [DATE - Latest Selected Month]
VAR OneMonthPrior = EDATE ( LatestSelectedAzureClosedMonth, -1)
RETURN
OneMonthPrior",The name '$ Avg Daily Organic ACR Previous Selected Month' is self-explanatory as it indicates the measure calculates the average daily organic ACR for the previous selected month.,"The name reflects the calculation described in the context, which retrieves the average daily organic ACR for the month prior to the latest selected month.",The abbreviation 'ACR' is a standard term in the business context and does not make the name cryptic.,1.6999999999999997,1.6999999999999997,1.0,0.2,0.2,0.2,0.2,0.3,0.3,0.2,0.2,0.4,0.4,0.4,0.4,4,GREEN,#00FF00
M_ACR,$ Avg Daily Organic ACR MoM Change,[$ Avg Daily Organic ACR Latest Selected Month] - [$ Avg Daily Organic ACR Previous Selected Month],,warning,No,,No,,Yes,"$ avg daily organic acr latest selected month, $ avg daily organic acr previous selected month",No,,"$ Avg Daily Organic ACR MoM Change -> M_ACR + [$ Avg Daily Organic ACR Latest Selected Month] - [$ Avg Daily Organic ACR Previous Selected Month] | REFERENCES: $ Avg Daily Organic ACR Latest Selected Month -> M_ACR + 
// Returns ACR for the latest selected month. Doesn't roll up to quarters - for use in other measures
VAR SelectedMonth = [DATE - Latest Selected Month]
RETURN
CALCULATE(
    [$ Average Daily Organic ACR],
    DimDate[CreateDate]=SelectedMonth
), $ Avg Daily Organic ACR Previous Selected Month -> M_ACR + 
// Returns ACR for the latest selected month. Doesn't roll up to quarters - for use in other measures
VAR SelectedMonth = [DATE - 1 Month Prior to Latest Selected Month]
RETURN
CALCULATE(
    [$ Average Daily Organic ACR],ALL(DimDate),
    DimDate[CreateDate]=SelectedMonth
)",The name '$ Avg Daily Organic ACR MoM Change' is self-explanatory as it indicates the measure calculates the month-over-month change in average daily organic ACR.,"The name reflects the calculation described in the context, which calculates the difference between the latest selected month's average daily organic ACR and the previous month's.",The abbreviation 'ACR' is a standard term in the business context and does not make the name cryptic.,1.4,1.6999999999999997,0.823529411764706,0.2,0.2,0.2,0.2,0.0,0.3,0.2,0.2,0.4,0.4,0.4,0.4,3,YELLOW,#FFFF00
M_ACR,% Avg Daily Organic ACR MoM,"VAR SelectedMonth = [DATE - Latest Selected Month]
VAR PrevMonth = [DATE - 1 Month Prior to Latest Selected Month]
VAR ThisMonth = CALCULATE(M_ACR[$ Average Daily Organic ACR],DimDate[MonthStartDate]=SelectedMonth)
VAR LastMonth = CALCULATE(M_ACR[$ Average Daily Organic ACR],ALL(DimDate),DimDate[MonthStartDate]=PrevMonth)
VAR D = ThisMonth - LastMonth
RETURN
if(isblank(ThisMonth),BLANK(),DIVIDE(D , LastMonth))",,issue,No,,Yes,$ average daily organic acr,Yes,"$ average daily organic acr, date - 1 month prior to latest selected month, date - latest selected month",No,"Please use unqualified measures references i.e., [Measure Name] instead of Fully Qualified reference i.e., Table[MeasureName] or 'Table'[MeasureName]. Referenced measures: $ average daily organic acr","% Avg Daily Organic ACR MoM -> M_ACR + VAR SelectedMonth = [DATE - Latest Selected Month]
VAR PrevMonth = [DATE - 1 Month Prior to Latest Selected Month]
VAR ThisMonth = CALCULATE(M_ACR[$ Average Daily Organic ACR],DimDate[MonthStartDate]=SelectedMonth)
VAR LastMonth = CALCULATE(M_ACR[$ Average Daily Organic ACR],ALL(DimDate),DimDate[MonthStartDate]=PrevMonth)
VAR D = ThisMonth - LastMonth
RETURN
if(isblank(ThisMonth),BLANK(),DIVIDE(D , LastMonth)) | REFERENCES: $ Average Daily Organic ACR -> M_ACR + 
VAR Days = [# Days in Month]
VAR DaysCurrent = DATEDIFF(CALCULATE(MAX(DimDate[MonthStartDate]),DimDate[IsCurrentAzureMonth]=1),TODAY(),DAY)
VAR ACR = M_ACR[$ Organic ACR]
VAR SelectedMonth = [DATE - Latest Selected Month]
VAR AzureDate = CALCULATE(MAX(DimSourceRefreshDetails[SourceLastRefreshedDate]), DimSourceRefreshDetails[DataCategory]=""OCDM Azure Usage"")
VAR AzureCurrentM = [DATE - Azure Current Month]
VAR Today = TODAY()
VAR AzureLastClosed = M_Date[DATE - Last Closed Azure Month]
VAR SourceDate = CALCULATE(MAX(DimSourceRefreshDetails[SourceLastRefreshedDate]),DimSourceRefreshDetails[DataCategory]=""OCDM Azure Usage"")
VAR DaysSource = DATEDIFF(CALCULATE(MAX(DimDate[MonthStartDate]),DimDate[IsCurrentAzureMonth]=1),SourceDate,DAY)
RETURN
IF(SelectedMonth = AzureCurrentM,DIVIDE(ACR, DaysSource),IF(SelectedMonth > AzureLastClosed,BLANK(),DIVIDE(ACR, Days))), DATE - 1 Month Prior to Latest Selected Month -> M_Date + 
// Returns the start date of the month before the latest selected azure closed month
VAR LatestSelectedAzureClosedMonth = [DATE - Latest Selected Month]
VAR OneMonthPrior = EDATE ( LatestSelectedAzureClosedMonth, -1)
RETURN
OneMonthPrior, DATE - Latest Selected Month -> M_Date + 
// Returns the value of the latest selected month
VAR LatestSelectedMonth = CALCULATE ( MAX('DimDate'[MonthStartDate]) )
RETURN
LatestSelectedMonth",The name '% Avg Daily Organic ACR MoM' is self-explanatory as it indicates the measure calculates the percentage change in average daily organic ACR month-over-month.,"The name reflects the calculation described in the context, which calculates the percentage change between the latest and previous month's average daily organic ACR.",The abbreviation 'ACR' is a standard term in the business context and does not make the name cryptic.,1.2000000000000002,1.6999999999999997,0.7058823529411767,0.0,0.2,0.2,0.2,0.0,0.3,0.2,0.2,0.4,0.4,0.4,0.4,2,ORANGE,#FFA500
M_ACR,$ ACR Last Closed Month,"CALCULATE(M_ACR[$ ACR],ALL(DimDate),DimDate[IsLastAzureClosedMonth]=1)",,good,No,,Yes,$ acr,Yes,$ acr,Yes,"Please use unqualified measures references i.e., [Measure Name] instead of Fully Qualified reference i.e., Table[MeasureName] or 'Table'[MeasureName]. Referenced measures: $ acr","$ ACR Last Closed Month -> M_ACR + CALCULATE(M_ACR[$ ACR],ALL(DimDate),DimDate[IsLastAzureClosedMonth]=1) | REFERENCES: $ ACR -> M_ACR + VAR CY = SUM(ACR_CY[AzureConsumedRevenue])
VAR PY = SUM(ACR_PY[AzureConsumedRevenue])
VAR A = CY + PY
VAR S = IF(ISFILTERED(DimCustomer[TPAccountName]),BLANK(),SUM(ACR_Summarized[AzureConsumedRevenue]))
VAR SelectedView = SELECTEDVALUE(DimViewType[ViewType])
RETURN
SWITCH(SelectedView,""Non-Curated"",S,A)",The name '$ ACR Last Closed Month' is self-explanatory as it indicates the measure calculates the ACR for the last closed month.,"The name reflects the calculation described in the context, which retrieves the ACR for the last closed Azure month.",The abbreviation 'ACR' is a standard term in the business context and does not make the name cryptic.,1.5,1.6999999999999997,0.8823529411764707,0.0,0.2,0.2,0.2,0.3,0.3,0.2,0.2,0.4,0.4,0.4,0.4,4,GREEN,#00FF00
M_ACR,# Paid Units,"VAR CY = SUM(ACR_CY[AzureConsumedRevenuePaidUnits])
VAR PY = SUM(ACR_PY[AzureConsumedRevenuePaidUnits])
RETURN
CY + PY",,warning,No,,No,,No,,No,,"# Paid Units -> M_ACR + VAR CY = SUM(ACR_CY[AzureConsumedRevenuePaidUnits])
VAR PY = SUM(ACR_PY[AzureConsumedRevenuePaidUnits])
RETURN
CY + PY",The name '# Paid Units' is self-explanatory as it indicates the measure calculates the number of paid units.,"The name reflects the calculation described in the context, which sums the paid units from current and previous years.","The '#' symbol is universally understood to mean 'number of', making the name clear and not cryptic.",1.4,1.6999999999999997,0.823529411764706,0.2,0.2,0.2,0.2,0.0,0.3,0.2,0.2,0.4,0.4,0.4,0.4,3,YELLOW,#FFFF00
M_ACR,# Metered Units,"VAR CY = SUM(ACR_CY[AzureConsumedRevenueMeteredUnits])
VAR PY = SUM(ACR_PY[AzureConsumedRevenueMeteredUnits])
RETURN
CY + PY",,warning,No,,No,,No,,No,,"# Metered Units -> M_ACR + VAR CY = SUM(ACR_CY[AzureConsumedRevenueMeteredUnits])
VAR PY = SUM(ACR_PY[AzureConsumedRevenueMeteredUnits])
RETURN
CY + PY",The name '# Metered Units' is self-explanatory as it indicates the measure calculates the number of metered units.,"The name reflects the calculation described in the context, which sums the metered units from current and previous years.","The '#' symbol is universally understood to mean 'number of', making the name clear and not cryptic.",1.4,1.6999999999999997,0.823529411764706,0.2,0.2,0.2,0.2,0.0,0.3,0.2,0.2,0.4,0.4,0.4,0.4,3,YELLOW,#FFFF00
M_ACR,% ACR YTD YoY,"
VAR PriorMonthACR_GREATER_THAN_ZERO = [$ ACR YTD Previous Year] > 0
VAR MoMPercentChange = DIVIDE( [$ ACR YoY YTD Change] , [$ ACR YTD Previous Year] ) 
RETURN
IF ( PriorMonthACR_GREATER_THAN_ZERO , MoMPercentChange , BLANK ( ) )",,warning,No,,No,,Yes,"$ acr yoy ytd change, $ acr ytd previous year",No,,"% ACR YTD YoY -> M_ACR + 
VAR PriorMonthACR_GREATER_THAN_ZERO = [$ ACR YTD Previous Year] > 0
VAR MoMPercentChange = DIVIDE( [$ ACR YoY YTD Change] , [$ ACR YTD Previous Year] ) 
RETURN
IF ( PriorMonthACR_GREATER_THAN_ZERO , MoMPercentChange , BLANK ( ) ) | REFERENCES: $ ACR YoY YTD Change -> M_ACR + [$ ACR YTD] - [$ ACR YTD Previous Year], $ ACR YTD Previous Year -> M_ACR + 
CALCULATE([$ ACR YTD],ALL(DimDate),SAMEPERIODLASTYEAR(DATESYTD(DimDate[CreateDate],""6/30"")))",The name '% ACR YTD YoY' is self-explanatory as it indicates the measure calculates the year-over-year percentage change in ACR year-to-date.,"The name reflects the calculation described in the context, which calculates the percentage change in ACR YTD compared to the previous year.",The abbreviation 'ACR' and 'YTD' are standard terms in the business context and do not make the name cryptic.,1.4,1.6999999999999997,0.823529411764706,0.2,0.2,0.2,0.2,0.0,0.3,0.2,0.2,0.4,0.4,0.4,0.4,3,YELLOW,#FFFF00
M_ACR,$ ACR YTD Previous Year,"
CALCULATE([$ ACR YTD],ALL(DimDate),SAMEPERIODLASTYEAR(DATESYTD(DimDate[CreateDate],""6/30"")))",,good,No,,No,,Yes,$ acr ytd,Yes,,"$ ACR YTD Previous Year -> M_ACR + 
CALCULATE([$ ACR YTD],ALL(DimDate),SAMEPERIODLASTYEAR(DATESYTD(DimDate[CreateDate],""6/30""))) | REFERENCES: $ ACR YTD -> M_ACR + TOTALYTD([$ ACR],DimDate[CreateDate],""6/30"")",The name '$ ACR YTD Previous Year' is self-explanatory as it indicates the measure calculates the ACR year-to-date for the previous year.,"The name reflects the calculation described in the context, which retrieves the ACR YTD for the previous year using SAMEPERIODLASTYEAR.",The abbreviation 'ACR' and 'YTD' are standard terms in the business context and do not make the name cryptic.,1.6999999999999997,1.6999999999999997,1.0,0.2,0.2,0.2,0.2,0.3,0.3,0.2,0.2,0.4,0.4,0.4,0.4,4,GREEN,#00FF00
M_ACR,$ ACR YTD,"TOTALYTD([$ ACR],DimDate[CreateDate],""6/30"")",,good,No,,No,,Yes,$ acr,Yes,,"$ ACR YTD -> M_ACR + TOTALYTD([$ ACR],DimDate[CreateDate],""6/30"") | REFERENCES: $ ACR -> M_ACR + VAR CY = SUM(ACR_CY[AzureConsumedRevenue])
VAR PY = SUM(ACR_PY[AzureConsumedRevenue])
VAR A = CY + PY
VAR S = IF(ISFILTERED(DimCustomer[TPAccountName]),BLANK(),SUM(ACR_Summarized[AzureConsumedRevenue]))
VAR SelectedView = SELECTEDVALUE(DimViewType[ViewType])
RETURN
SWITCH(SelectedView,""Non-Curated"",S,A)",The name '$ ACR YTD' is self-explanatory as it indicates the measure calculates the ACR year-to-date.,"The name reflects the calculation described in the context, which calculates the total ACR year-to-date using TOTALYTD.",The abbreviation 'ACR' and 'YTD' are standard terms in the business context and do not make the name cryptic.,1.6999999999999997,1.6999999999999997,1.0,0.2,0.2,0.2,0.2,0.3,0.3,0.2,0.2,0.4,0.4,0.4,0.4,4,GREEN,#00FF00
M_ACR,$ ACR YoY YTD Change,[$ ACR YTD] - [$ ACR YTD Previous Year],,good,No,,No,,Yes,"$ acr ytd, $ acr ytd previous year",Yes,,"$ ACR YoY YTD Change -> M_ACR + [$ ACR YTD] - [$ ACR YTD Previous Year] | REFERENCES: $ ACR YTD -> M_ACR + TOTALYTD([$ ACR],DimDate[CreateDate],""6/30""), $ ACR YTD Previous Year -> M_ACR + 
CALCULATE([$ ACR YTD],ALL(DimDate),SAMEPERIODLASTYEAR(DATESYTD(DimDate[CreateDate],""6/30"")))",The name '$ ACR YoY YTD Change' is self-explanatory as it indicates the measure calculates the year-over-year change in ACR year-to-date.,"The name reflects the calculation described in the context, which calculates the difference between the current and previous year's ACR YTD.","The abbreviation 'ACR', 'YoY', and 'YTD' are standard terms in the business context and do not make the name cryptic.",1.6999999999999997,1.6999999999999997,1.0,0.2,0.2,0.2,0.2,0.3,0.3,0.2,0.2,0.4,0.4,0.4,0.4,4,GREEN,#00FF00
M_ACR,$ ACR 12 Selected Months Ago,"
// Returns ACR for the latest selected month. Doesn't roll up to quarters - for use in other measures
VAR SelectedMonth = [DATE - 12 Month Prior to Selected Month]
RETURN
CALCULATE(
    [$ ACR], ALL(DimDate),
    DimDate[CreateDate]=SelectedMonth
)",,good,No,,No,,Yes,"$ acr, date - 12 month prior to selected month",Yes,,"$ ACR 12 Selected Months Ago -> M_ACR + 
// Returns ACR for the latest selected month. Doesn't roll up to quarters - for use in other measures
VAR SelectedMonth = [DATE - 12 Month Prior to Selected Month]
RETURN
CALCULATE(
    [$ ACR], ALL(DimDate),
    DimDate[CreateDate]=SelectedMonth
) | REFERENCES: $ ACR -> M_ACR + VAR CY = SUM(ACR_CY[AzureConsumedRevenue])
VAR PY = SUM(ACR_PY[AzureConsumedRevenue])
VAR A = CY + PY
VAR S = IF(ISFILTERED(DimCustomer[TPAccountName]),BLANK(),SUM(ACR_Summarized[AzureConsumedRevenue]))
VAR SelectedView = SELECTEDVALUE(DimViewType[ViewType])
RETURN
SWITCH(SelectedView,""Non-Curated"",S,A), DATE - 12 Month Prior to Selected Month -> M_Date + 
// Returns the start date of 12 months before the last azure closed month
VAR LastAzureClosedMonth = [DATE - Latest Selected Month]
VAR OneMonthPrior = EDATE ( LastAzureClosedMonth, -12)
RETURN
OneMonthPrior",The name '$ ACR 12 Selected Months Ago' is self-explanatory as it indicates the measure calculates the ACR for 12 months prior to the selected month.,"The name reflects the calculation described in the context, which retrieves the ACR for the month 12 months prior to the selected month.",The abbreviation 'ACR' is a standard term in the business context and does not make the name cryptic.,1.6999999999999997,1.6999999999999997,1.0,0.2,0.2,0.2,0.2,0.3,0.3,0.2,0.2,0.4,0.4,0.4,0.4,4,GREEN,#00FF00
M_ACR,$ ACR YoY,[$ ACR Selected Month] - [$ ACR 12 Selected Months Ago],,warning,No,,No,,Yes,"$ acr 12 selected months ago, $ acr selected month",No,,"$ ACR YoY -> M_ACR + [$ ACR Selected Month] - [$ ACR 12 Selected Months Ago] | REFERENCES: $ ACR 12 Selected Months Ago -> M_ACR + 
// Returns ACR for the latest selected month. Doesn't roll up to quarters - for use in other measures
VAR SelectedMonth = [DATE - 12 Month Prior to Selected Month]
RETURN
CALCULATE(
    [$ ACR], ALL(DimDate),
    DimDate[CreateDate]=SelectedMonth
), $ ACR Selected Month -> M_ACR + 
// Returns ACR for the latest selected month. Doesn't roll up to quarters - for use in other measures
VAR SelectedMonth = [DATE - Latest Selected Azure Closed Month]
RETURN
CALCULATE(
    [$ ACR],
    'DimDate'[MonthStartDate] = SelectedMonth
)",The name '$ ACR YoY' is self-explanatory as it indicates the measure calculates the year-over-year change in ACR.,"The name reflects the calculation described in the context, which calculates the difference between the selected month's ACR and the ACR 12 months prior.",The abbreviation 'ACR' and 'YoY' are standard terms in the business context and do not make the name cryptic.,1.4,1.6999999999999997,0.823529411764706,0.2,0.2,0.2,0.2,0.0,0.3,0.2,0.2,0.4,0.4,0.4,0.4,3,YELLOW,#FFFF00
M_ACO,$ ACR Credit: ACO,"CALCULATE(SUM(ACO[ACRAdjustmentbyCreditType]),ACO[ACRCreditType]=""ACO"")",,warning,No,,No,,No,,No,,"$ ACR Credit: ACO -> M_ACO + CALCULATE(SUM(ACO[ACRAdjustmentbyCreditType]),ACO[ACRCreditType]=""ACO"")",The name '$ ACR Credit: ACO' is self-explanatory as it indicates the measure calculates ACR adjustments by credit type for ACO.,"The name reflects the calculation described in the context, which sums ACR adjustments filtered by the credit type 'ACO'.",The abbreviation 'ACR' and 'ACO' are standard terms in the business context and do not make the name cryptic.,1.4,1.6999999999999997,0.823529411764706,0.2,0.2,0.2,0.2,0.0,0.3,0.2,0.2,0.4,0.4,0.4,0.4,3,YELLOW,#FFFF00
M_ACO,$ ACR Credit: Contractual Corrections,"CALCULATE(SUM(ACO[ACRAdjustmentbyCreditType]),ACO[ACRCreditType]=""Contractual Corrections"")",,warning,No,,No,,No,,No,,"$ ACR Credit: Contractual Corrections -> M_ACO + CALCULATE(SUM(ACO[ACRAdjustmentbyCreditType]),ACO[ACRCreditType]=""Contractual Corrections"")","The name clearly indicates it calculates ACR credits related to contractual corrections, which aligns with the context.",The name accurately reflects the calculation of ACR adjustments filtered by 'Contractual Corrections' as described in the context.,There are no problematic abbreviations in the name. '$' is a standard symbol for currency and 'ACR' is a clear business term.,1.4,1.6999999999999997,0.823529411764706,0.2,0.2,0.2,0.2,0.0,0.3,0.2,0.2,0.4,0.4,0.4,0.4,3,YELLOW,#FFFF00
M_ACO,$ ACR Credit: Operational Corrections,"CALCULATE(SUM(ACO[ACRAdjustmentbyCreditType]),ACO[ACRCreditType]=""Operational Corrections"")",,warning,No,,No,,No,,No,,"$ ACR Credit: Operational Corrections -> M_ACO + CALCULATE(SUM(ACO[ACRAdjustmentbyCreditType]),ACO[ACRCreditType]=""Operational Corrections"")","The name clearly indicates it calculates ACR credits related to operational corrections, which aligns with the context.",The name accurately reflects the calculation of ACR adjustments filtered by 'Operational Corrections' as described in the context.,There are no problematic abbreviations in the name. '$' is a standard symbol for currency and 'ACR' is a clear business term.,1.4,1.6999999999999997,0.823529411764706,0.2,0.2,0.2,0.2,0.0,0.3,0.2,0.2,0.4,0.4,0.4,0.4,3,YELLOW,#FFFF00
M_ACO,$ Total ACR Credits,SUM(ACO[ACRAdjustmentbyCreditType]),,good,No,,No,,No,,Yes,,$ Total ACR Credits -> M_ACO + SUM(ACO[ACRAdjustmentbyCreditType]),"The name indicates it calculates the total ACR credits, which aligns with the context.","The name accurately reflects the calculation of the sum of ACR adjustments, as described in the context.",There are no problematic abbreviations in the name. '$' is a standard symbol for currency and 'ACR' is a clear business term.,1.6999999999999997,1.6999999999999997,1.0,0.2,0.2,0.2,0.2,0.3,0.3,0.2,0.2,0.4,0.4,0.4,0.4,4,GREEN,#00FF00
M_ACO,$ Credits Granted,"VAR A = SUM(ACO[ACRCreditGranted])
VAR S = IF(ISFILTERED(DimCustomer[TPAccountName]),BLANK(),SUM(ACO_Summarized[ACRCreditGranted]))
VAR SelectedView = SELECTEDVALUE(DimViewType[ViewType])
RETURN
SWITCH(SelectedView,""Non-Curated"",S,A)",,warning,No,,No,,No,,No,,"$ Credits Granted -> M_ACO + VAR A = SUM(ACO[ACRCreditGranted])
VAR S = IF(ISFILTERED(DimCustomer[TPAccountName]),BLANK(),SUM(ACO_Summarized[ACRCreditGranted]))
VAR SelectedView = SELECTEDVALUE(DimViewType[ViewType])
RETURN
SWITCH(SelectedView,""Non-Curated"",S,A)","The name indicates it calculates credits granted, which aligns with the context.","The name reflects the calculation of credits granted based on filters and selected views, as described in the context.",There are no problematic abbreviations in the name. '$' is a standard symbol for currency.,1.4,1.6999999999999997,0.823529411764706,0.2,0.2,0.2,0.2,0.0,0.3,0.2,0.2,0.4,0.4,0.4,0.4,3,YELLOW,#FFFF00
M_ACO,$ Credits Used,"VAR A = SUM(ACO[ACRAdjustmentByCreditType])
VAR S = IF(ISFILTERED(DimCustomer[TPAccountName]),BLANK(),SUM(ACO_Summarized[ACRAdjustmentByCreditType]))
VAR SelectedView = SELECTEDVALUE(DimViewType[ViewType])
RETURN
SWITCH(SelectedView,""Non-Curated"",S,A)",,warning,No,,No,,No,,No,,"$ Credits Used -> M_ACO + VAR A = SUM(ACO[ACRAdjustmentByCreditType])
VAR S = IF(ISFILTERED(DimCustomer[TPAccountName]),BLANK(),SUM(ACO_Summarized[ACRAdjustmentByCreditType]))
VAR SelectedView = SELECTEDVALUE(DimViewType[ViewType])
RETURN
SWITCH(SelectedView,""Non-Curated"",S,A)","The name indicates it calculates credits used, which aligns with the context.","The name reflects the calculation of credits used based on filters and selected views, as described in the context.",There are no problematic abbreviations in the name. '$' is a standard symbol for currency.,1.4,1.6999999999999997,0.823529411764706,0.2,0.2,0.2,0.2,0.0,0.3,0.2,0.2,0.4,0.4,0.4,0.4,3,YELLOW,#FFFF00
M_ACO,% Service Level of Credits Used Total,"VAR ONE = DIVIDE([$ Total ACR Credits] , CALCULATE([$ Total ACR Credits],ALL('Distinct ServiceLevel2'[ServiceLevel1])))
VAR TWO = DIVIDE([$ Total ACR Credits] , CALCULATE([$ Total ACR Credits],ALL('Distinct ServiceLevel2'[ServiceLevel2])))
RETURN
IF(ISFILTERED('Distinct ServiceLevel2'[ServiceLevel2]),TWO,ONE)",,warning,No,,No,,Yes,$ total acr credits,No,,"% Service Level of Credits Used Total -> M_ACO + VAR ONE = DIVIDE([$ Total ACR Credits] , CALCULATE([$ Total ACR Credits],ALL('Distinct ServiceLevel2'[ServiceLevel1])))
VAR TWO = DIVIDE([$ Total ACR Credits] , CALCULATE([$ Total ACR Credits],ALL('Distinct ServiceLevel2'[ServiceLevel2])))
RETURN
IF(ISFILTERED('Distinct ServiceLevel2'[ServiceLevel2]),TWO,ONE) | REFERENCES: $ Total ACR Credits -> M_ACO + SUM(ACO[ACRAdjustmentbyCreditType])","The name indicates it calculates the percentage of service level for total credits used, which aligns with the context.","The name reflects the calculation of service level percentages based on total ACR credits and filters, as described in the context.",There are no problematic abbreviations in the name. '%' is a standard symbol for percentage.,1.4,1.6999999999999997,0.823529411764706,0.2,0.2,0.2,0.2,0.0,0.3,0.2,0.2,0.4,0.4,0.4,0.4,3,YELLOW,#FFFF00
M_ACD,% ACD,MAX(ACD[ACDPercentage]),,critical,No,,No,,No,,No,,% ACD -> M_ACD + MAX(ACD[ACDPercentage]),The name does not provide enough context to understand its purpose without additional information.,The name does not clearly reflect the calculation of the maximum ACD percentage as described in the context.,The abbreviation 'ACD' is cryptic and does not provide clarity on its meaning.,0.4,1.6999999999999997,0.23529411764705888,0.2,0.2,0.2,0.2,0.0,0.3,0.0,0.2,0.0,0.4,0.0,0.4,1,RED,#FF0000
M_Date,Start End Date Diff,"DATEDIFF(STARTOFMONTH(DimDate[MonthStartDate]),ENDOFMONTH(DimDate[MonthEndDate]),DAY)",,good,No,,No,,No,,Yes,,"Start End Date Diff -> M_Date + DATEDIFF(STARTOFMONTH(DimDate[MonthStartDate]),ENDOFMONTH(DimDate[MonthEndDate]),DAY)","The name indicates it calculates the difference between start and end dates, which aligns with the context.","The name reflects the calculation of the difference in days between the start and end dates of a month, as described in the context.",There are no problematic abbreviations in the name.,1.6999999999999997,1.6999999999999997,1.0,0.2,0.2,0.2,0.2,0.3,0.3,0.2,0.2,0.4,0.4,0.4,0.4,4,GREEN,#00FF00
M_Date,# Days in Month,[Start End Date Diff] + 1,,good,No,,No,,Yes,start end date diff,Yes,,"# Days in Month -> M_Date + [Start End Date Diff] + 1 | REFERENCES: Start End Date Diff -> M_Date + DATEDIFF(STARTOFMONTH(DimDate[MonthStartDate]),ENDOFMONTH(DimDate[MonthEndDate]),DAY)","The name indicates it calculates the number of days in a month, which aligns with the context.","The name reflects the calculation of the number of days in a month, as described in the context.",The abbreviation '#' is universally understood to mean 'number of'.,1.6999999999999997,1.6999999999999997,1.0,0.2,0.2,0.2,0.2,0.3,0.3,0.2,0.2,0.4,0.4,0.4,0.4,4,GREEN,#00FF00
M_Date,DATE - Last Closed Azure Month,"
// Returns start date of last closed Azure month
VAR LastClosedAzureMonth = CALCULATE(SELECTEDVALUE('DimDate'[MonthStartDate]), ALL('DimDate'), 'DimDate'[IsLastAzureClosedMonth] = 1)
RETURN
LastClosedAzureMonth",,good,No,,No,,No,,Yes,,"DATE - Last Closed Azure Month -> M_Date + 
// Returns start date of last closed Azure month
VAR LastClosedAzureMonth = CALCULATE(SELECTEDVALUE('DimDate'[MonthStartDate]), ALL('DimDate'), 'DimDate'[IsLastAzureClosedMonth] = 1)
RETURN
LastClosedAzureMonth","The name indicates it returns the date of the last closed Azure month, which aligns with the context.","The name reflects the calculation of the start date of the last closed Azure month, as described in the context.",There are no problematic abbreviations in the name.,1.6999999999999997,1.6999999999999997,1.0,0.2,0.2,0.2,0.2,0.3,0.3,0.2,0.2,0.4,0.4,0.4,0.4,4,GREEN,#00FF00
M_Date,DATE - 1 Month Prior to Last Closed Azure Month,"
// Returns the start date of the month before the latest selected azure closed month
VAR LastAzureClosedMonth = [DATE - Last Closed Azure Month]
VAR OneMonthPrior = CALCULATE(EDATE ( LastAzureClosedMonth, -1),ALL(DimDate))
RETURN
OneMonthPrior",,good,No,,No,,Yes,date - last closed azure month,Yes,,"DATE - 1 Month Prior to Last Closed Azure Month -> M_Date + 
// Returns the start date of the month before the latest selected azure closed month
VAR LastAzureClosedMonth = [DATE - Last Closed Azure Month]
VAR OneMonthPrior = CALCULATE(EDATE ( LastAzureClosedMonth, -1),ALL(DimDate))
RETURN
OneMonthPrior | REFERENCES: DATE - Last Closed Azure Month -> M_Date + 
// Returns start date of last closed Azure month
VAR LastClosedAzureMonth = CALCULATE(SELECTEDVALUE('DimDate'[MonthStartDate]), ALL('DimDate'), 'DimDate'[IsLastAzureClosedMonth] = 1)
RETURN
LastClosedAzureMonth","The name indicates it calculates the date one month prior to the last closed Azure month, which aligns with the context.","The name reflects the calculation of the start date of the month before the last closed Azure month, as described in the context.",There are no problematic abbreviations in the name.,1.6999999999999997,1.6999999999999997,1.0,0.2,0.2,0.2,0.2,0.3,0.3,0.2,0.2,0.4,0.4,0.4,0.4,4,GREEN,#00FF00
M_Date,DATE - Latest Selected Month,"
// Returns the value of the latest selected month
VAR LatestSelectedMonth = CALCULATE ( MAX('DimDate'[MonthStartDate]) )
RETURN
LatestSelectedMonth",,good,No,,No,,No,,Yes,,"DATE - Latest Selected Month -> M_Date + 
// Returns the value of the latest selected month
VAR LatestSelectedMonth = CALCULATE ( MAX('DimDate'[MonthStartDate]) )
RETURN
LatestSelectedMonth","The name indicates it returns the date of the latest selected month, which aligns with the context.","The name reflects the calculation of the latest selected month's start date, as described in the context.",There are no problematic abbreviations in the name.,1.6999999999999997,1.6999999999999997,1.0,0.2,0.2,0.2,0.2,0.3,0.3,0.2,0.2,0.4,0.4,0.4,0.4,4,GREEN,#00FF00
M_Date,DATE - 12 Month Prior to Selected Month,"
// Returns the start date of 12 months before the last azure closed month
VAR LastAzureClosedMonth = [DATE - Latest Selected Month]
VAR OneMonthPrior = EDATE ( LastAzureClosedMonth, -12)
RETURN
OneMonthPrior",,good,No,,No,,Yes,date - latest selected month,Yes,,"DATE - 12 Month Prior to Selected Month -> M_Date + 
// Returns the start date of 12 months before the last azure closed month
VAR LastAzureClosedMonth = [DATE - Latest Selected Month]
VAR OneMonthPrior = EDATE ( LastAzureClosedMonth, -12)
RETURN
OneMonthPrior | REFERENCES: DATE - Latest Selected Month -> M_Date + 
// Returns the value of the latest selected month
VAR LatestSelectedMonth = CALCULATE ( MAX('DimDate'[MonthStartDate]) )
RETURN
LatestSelectedMonth","The name indicates it calculates the date 12 months prior to the selected month, which aligns with the context.","The name reflects the calculation of the start date 12 months before the selected month, as described in the context.",There are no problematic abbreviations in the name.,1.6999999999999997,1.6999999999999997,1.0,0.2,0.2,0.2,0.2,0.3,0.3,0.2,0.2,0.4,0.4,0.4,0.4,4,GREEN,#00FF00
M_Date,DATE - 1 Month Prior to Latest Selected Month,"
// Returns the start date of the month before the latest selected azure closed month
VAR LatestSelectedAzureClosedMonth = [DATE - Latest Selected Month]
VAR OneMonthPrior = EDATE ( LatestSelectedAzureClosedMonth, -1)
RETURN
OneMonthPrior",,good,No,,No,,Yes,date - latest selected month,Yes,,"DATE - 1 Month Prior to Latest Selected Month -> M_Date + 
// Returns the start date of the month before the latest selected azure closed month
VAR LatestSelectedAzureClosedMonth = [DATE - Latest Selected Month]
VAR OneMonthPrior = EDATE ( LatestSelectedAzureClosedMonth, -1)
RETURN
OneMonthPrior | REFERENCES: DATE - Latest Selected Month -> M_Date + 
// Returns the value of the latest selected month
VAR LatestSelectedMonth = CALCULATE ( MAX('DimDate'[MonthStartDate]) )
RETURN
LatestSelectedMonth","The name indicates it calculates the date one month prior to the latest selected month, which aligns with the context.","The name reflects the calculation of the start date one month before the latest selected month, as described in the context.",There are no problematic abbreviations in the name.,1.6999999999999997,1.6999999999999997,1.0,0.2,0.2,0.2,0.2,0.3,0.3,0.2,0.2,0.4,0.4,0.4,0.4,4,GREEN,#00FF00
M_Date,DATE - Latest Selected Azure Closed Month,"
// Returns the date of the latest Azure closed month in the selection
VAR LastClosedAzureMonth = [DATE - Last Closed Azure Month]
VAR LatestSelectedMonth = [DATE - Latest Selected Month]
VAR LastClosedAzureMonth_IS_LESS_THAN_LatestSelectedMonth = LastClosedAzureMonth < LatestSelectedMonth
RETURN
IF(LastClosedAzureMonth_IS_LESS_THAN_LatestSelectedMonth, LastClosedAzureMonth, LatestSelectedMonth)",,good,No,,No,,Yes,"date - last closed azure month, date - latest selected month",Yes,,"DATE - Latest Selected Azure Closed Month -> M_Date + 
// Returns the date of the latest Azure closed month in the selection
VAR LastClosedAzureMonth = [DATE - Last Closed Azure Month]
VAR LatestSelectedMonth = [DATE - Latest Selected Month]
VAR LastClosedAzureMonth_IS_LESS_THAN_LatestSelectedMonth = LastClosedAzureMonth < LatestSelectedMonth
RETURN
IF(LastClosedAzureMonth_IS_LESS_THAN_LatestSelectedMonth, LastClosedAzureMonth, LatestSelectedMonth) | REFERENCES: DATE - Last Closed Azure Month -> M_Date + 
// Returns start date of last closed Azure month
VAR LastClosedAzureMonth = CALCULATE(SELECTEDVALUE('DimDate'[MonthStartDate]), ALL('DimDate'), 'DimDate'[IsLastAzureClosedMonth] = 1)
RETURN
LastClosedAzureMonth, DATE - Latest Selected Month -> M_Date + 
// Returns the value of the latest selected month
VAR LatestSelectedMonth = CALCULATE ( MAX('DimDate'[MonthStartDate]) )
RETURN
LatestSelectedMonth","The name indicates it calculates the latest selected Azure closed month, which aligns with the context.","The name reflects the calculation of the latest Azure closed month based on conditions, as described in the context.",There are no problematic abbreviations in the name.,1.6999999999999997,1.6999999999999997,1.0,0.2,0.2,0.2,0.2,0.3,0.3,0.2,0.2,0.4,0.4,0.4,0.4,4,GREEN,#00FF00
M_Date,DATE - Azure Current Month,"
// Returns the value of the latest selected month
VAR LatestSelectedMonth = CALCULATE ( MAX('DimDate'[MonthStartDate]), DimDate[IsCurrentAzureMonth]=1 )
RETURN
LatestSelectedMonth",,good,No,,No,,No,,Yes,,"DATE - Azure Current Month -> M_Date + 
// Returns the value of the latest selected month
VAR LatestSelectedMonth = CALCULATE ( MAX('DimDate'[MonthStartDate]), DimDate[IsCurrentAzureMonth]=1 )
RETURN
LatestSelectedMonth","The name clearly indicates that the measure returns the current month for Azure, which aligns with the context provided.","The name accurately reflects the calculation, which retrieves the latest selected month based on the 'IsCurrentAzureMonth' flag.",No cryptic abbreviations are present in the measure name.,1.6999999999999997,1.6999999999999997,1.0,0.2,0.2,0.2,0.2,0.3,0.3,0.2,0.2,0.4,0.4,0.4,0.4,4,GREEN,#00FF00
M_Date,DATE - Latest Selected Week (Defender DimDate),"
// Returns the value of the latest selected month
VAR LatestSelectedMonth = CALCULATE ( MAX('DimDate_DefenderSnapshots'[Week_Number]) )
RETURN
LatestSelectedMonth",,good,No,,No,,No,,Yes,,"DATE - Latest Selected Week (Defender DimDate) -> M_Date + 
// Returns the value of the latest selected month
VAR LatestSelectedMonth = CALCULATE ( MAX('DimDate_DefenderSnapshots'[Week_Number]) )
RETURN
LatestSelectedMonth","The name indicates that the measure returns the latest selected week for Defender DimDate, which aligns with the context provided.","The name reflects the calculation, which retrieves the latest selected week number from the Defender DimDate table.",No cryptic abbreviations are present in the measure name.,1.6999999999999997,1.6999999999999997,1.0,0.2,0.2,0.2,0.2,0.3,0.3,0.2,0.2,0.4,0.4,0.4,0.4,4,GREEN,#00FF00
M_Date,DATE - Previous Selected Week (Defender DimDate),[DATE - Latest Selected Week (Defender DimDate)] - 1,,warning,No,,No,,Yes,date - latest selected week (defender dimdate),No,,"DATE - Previous Selected Week (Defender DimDate) -> M_Date + [DATE - Latest Selected Week (Defender DimDate)] - 1 | REFERENCES: DATE - Latest Selected Week (Defender DimDate) -> M_Date + 
// Returns the value of the latest selected month
VAR LatestSelectedMonth = CALCULATE ( MAX('DimDate_DefenderSnapshots'[Week_Number]) )
RETURN
LatestSelectedMonth","The name indicates that the measure returns the previous selected week for Defender DimDate, which aligns with the context provided.","The name reflects the calculation, which subtracts 1 from the latest selected week number to get the previous week.",No cryptic abbreviations are present in the measure name.,1.4,1.6999999999999997,0.823529411764706,0.2,0.2,0.2,0.2,0.0,0.3,0.2,0.2,0.4,0.4,0.4,0.4,3,YELLOW,#FFFF00
M_Date,DATE + 1 Month After Last Closed Azure Month,"
// Returns the start date of the month after the last closed azure month
VAR LastAzureClosedMonth = [DATE - Last Closed Azure Month]
VAR OneMonthAfter = EDATE ( LastAzureClosedMonth, 1)
RETURN
OneMonthAfter",,good,No,,No,,Yes,date - last closed azure month,Yes,,"DATE + 1 Month After Last Closed Azure Month -> M_Date + 
// Returns the start date of the month after the last closed azure month
VAR LastAzureClosedMonth = [DATE - Last Closed Azure Month]
VAR OneMonthAfter = EDATE ( LastAzureClosedMonth, 1)
RETURN
OneMonthAfter | REFERENCES: DATE - Last Closed Azure Month -> M_Date + 
// Returns start date of last closed Azure month
VAR LastClosedAzureMonth = CALCULATE(SELECTEDVALUE('DimDate'[MonthStartDate]), ALL('DimDate'), 'DimDate'[IsLastAzureClosedMonth] = 1)
RETURN
LastClosedAzureMonth","The name indicates that the measure calculates the start date of the month after the last closed Azure month, which aligns with the context provided.","The name reflects the calculation, which uses the last closed Azure month and adds one month to determine the start date of the next month.",No cryptic abbreviations are present in the measure name.,1.6999999999999997,1.6999999999999997,1.0,0.2,0.2,0.2,0.2,0.3,0.3,0.2,0.2,0.4,0.4,0.4,0.4,4,GREEN,#00FF00
M_SLG_Migration,$ Azure SQL ACR,"CALCULATE(M_ACR[$ ACR],'Distinct StrategicPillar'[StrategicPillar]=""Azure SQL"")",,good,No,,Yes,$ acr,Yes,$ acr,Yes,"Please use unqualified measures references i.e., [Measure Name] instead of Fully Qualified reference i.e., Table[MeasureName] or 'Table'[MeasureName]. Referenced measures: $ acr","$ Azure SQL ACR -> M_SLG_Migration + CALCULATE(M_ACR[$ ACR],'Distinct StrategicPillar'[StrategicPillar]=""Azure SQL"") | REFERENCES: $ ACR -> M_ACR + VAR CY = SUM(ACR_CY[AzureConsumedRevenue])
VAR PY = SUM(ACR_PY[AzureConsumedRevenue])
VAR A = CY + PY
VAR S = IF(ISFILTERED(DimCustomer[TPAccountName]),BLANK(),SUM(ACR_Summarized[AzureConsumedRevenue]))
VAR SelectedView = SELECTEDVALUE(DimViewType[ViewType])
RETURN
SWITCH(SelectedView,""Non-Curated"",S,A)","The name indicates that the measure calculates Azure Consumed Revenue (ACR) for the Azure SQL strategic pillar, which aligns with the context provided.","The name reflects the calculation, which filters ACR based on the 'Azure SQL' strategic pillar.",The abbreviation 'ACR' is a standard business term for Azure Consumed Revenue and is not cryptic.,1.5,1.6999999999999997,0.8823529411764707,0.0,0.2,0.2,0.2,0.3,0.3,0.2,0.2,0.4,0.4,0.4,0.4,4,GREEN,#00FF00
M_SLG_Migration,$ AVD ACR,"CALCULATE(M_ACR[$ ACR],'Distinct StrategicPillar'[StrategicPillar]=""AVD"")",,good,No,,Yes,$ acr,Yes,$ acr,Yes,"Please use unqualified measures references i.e., [Measure Name] instead of Fully Qualified reference i.e., Table[MeasureName] or 'Table'[MeasureName]. Referenced measures: $ acr","$ AVD ACR -> M_SLG_Migration + CALCULATE(M_ACR[$ ACR],'Distinct StrategicPillar'[StrategicPillar]=""AVD"") | REFERENCES: $ ACR -> M_ACR + VAR CY = SUM(ACR_CY[AzureConsumedRevenue])
VAR PY = SUM(ACR_PY[AzureConsumedRevenue])
VAR A = CY + PY
VAR S = IF(ISFILTERED(DimCustomer[TPAccountName]),BLANK(),SUM(ACR_Summarized[AzureConsumedRevenue]))
VAR SelectedView = SELECTEDVALUE(DimViewType[ViewType])
RETURN
SWITCH(SelectedView,""Non-Curated"",S,A)","The name indicates that the measure calculates Azure Consumed Revenue (ACR) for the AVD strategic pillar, which aligns with the context provided.","The name reflects the calculation, which filters ACR based on the 'AVD' strategic pillar.",The abbreviation 'ACR' is a standard business term for Azure Consumed Revenue and is not cryptic.,1.5,1.6999999999999997,0.8823529411764707,0.0,0.2,0.2,0.2,0.3,0.3,0.2,0.2,0.4,0.4,0.4,0.4,4,GREEN,#00FF00
M_SLG_Migration,$ Windows GP ACR,"CALCULATE(M_ACR[$ ACR],'Distinct StrategicPillar'[StrategicPillar]=""Windows Gen Purpose"")",,good,No,,Yes,$ acr,Yes,$ acr,Yes,"Please use unqualified measures references i.e., [Measure Name] instead of Fully Qualified reference i.e., Table[MeasureName] or 'Table'[MeasureName]. Referenced measures: $ acr","$ Windows GP ACR -> M_SLG_Migration + CALCULATE(M_ACR[$ ACR],'Distinct StrategicPillar'[StrategicPillar]=""Windows Gen Purpose"") | REFERENCES: $ ACR -> M_ACR + VAR CY = SUM(ACR_CY[AzureConsumedRevenue])
VAR PY = SUM(ACR_PY[AzureConsumedRevenue])
VAR A = CY + PY
VAR S = IF(ISFILTERED(DimCustomer[TPAccountName]),BLANK(),SUM(ACR_Summarized[AzureConsumedRevenue]))
VAR SelectedView = SELECTEDVALUE(DimViewType[ViewType])
RETURN
SWITCH(SelectedView,""Non-Curated"",S,A)","The name indicates that the measure calculates Azure Consumed Revenue (ACR) for the Windows General Purpose strategic pillar, which aligns with the context provided.","The name reflects the calculation, which filters ACR based on the 'Windows Gen Purpose' strategic pillar.",The abbreviation 'ACR' is a standard business term for Azure Consumed Revenue and is not cryptic.,1.5,1.6999999999999997,0.8823529411764707,0.0,0.2,0.2,0.2,0.3,0.3,0.2,0.2,0.4,0.4,0.4,0.4,4,GREEN,#00FF00
M_SLG_Migration,$ Linux GP ACR,"CALCULATE(M_ACR[$ ACR],'Distinct StrategicPillar'[StrategicPillar]=""Linux Gen Purpose"")",,good,No,,Yes,$ acr,Yes,$ acr,Yes,"Please use unqualified measures references i.e., [Measure Name] instead of Fully Qualified reference i.e., Table[MeasureName] or 'Table'[MeasureName]. Referenced measures: $ acr","$ Linux GP ACR -> M_SLG_Migration + CALCULATE(M_ACR[$ ACR],'Distinct StrategicPillar'[StrategicPillar]=""Linux Gen Purpose"") | REFERENCES: $ ACR -> M_ACR + VAR CY = SUM(ACR_CY[AzureConsumedRevenue])
VAR PY = SUM(ACR_PY[AzureConsumedRevenue])
VAR A = CY + PY
VAR S = IF(ISFILTERED(DimCustomer[TPAccountName]),BLANK(),SUM(ACR_Summarized[AzureConsumedRevenue]))
VAR SelectedView = SELECTEDVALUE(DimViewType[ViewType])
RETURN
SWITCH(SelectedView,""Non-Curated"",S,A)","The name indicates that the measure calculates Azure Consumed Revenue (ACR) for the Linux General Purpose strategic pillar, which aligns with the context provided.","The name reflects the calculation, which filters ACR based on the 'Linux Gen Purpose' strategic pillar.",The abbreviation 'ACR' is a standard business term for Azure Consumed Revenue and is not cryptic.,1.5,1.6999999999999997,0.8823529411764707,0.0,0.2,0.2,0.2,0.3,0.3,0.2,0.2,0.4,0.4,0.4,0.4,4,GREEN,#00FF00
M_SLG_Migration,$ Total Migration ACR,[$ AVD ACR] + [$ Azure SQL ACR] + [$ Linux GP ACR] + [$ Windows GP ACR],,warning,No,,No,,Yes,"$ avd acr, $ azure sql acr, $ linux gp acr, $ windows gp acr",No,,"$ Total Migration ACR -> M_SLG_Migration + [$ AVD ACR] + [$ Azure SQL ACR] + [$ Linux GP ACR] + [$ Windows GP ACR] | REFERENCES: $ AVD ACR -> M_SLG_Migration + CALCULATE(M_ACR[$ ACR],'Distinct StrategicPillar'[StrategicPillar]=""AVD""), $ Azure SQL ACR -> M_SLG_Migration + CALCULATE(M_ACR[$ ACR],'Distinct StrategicPillar'[StrategicPillar]=""Azure SQL""), $ Linux GP ACR -> M_SLG_Migration + CALCULATE(M_ACR[$ ACR],'Distinct StrategicPillar'[StrategicPillar]=""Linux Gen Purpose""), $ Windows GP ACR -> M_SLG_Migration + CALCULATE(M_ACR[$ ACR],'Distinct StrategicPillar'[StrategicPillar]=""Windows Gen Purpose"")","The name indicates that the measure calculates the total Azure Consumed Revenue (ACR) for all migration pillars, which aligns with the context provided.","The name reflects the calculation, which sums up ACR values from multiple strategic pillars.",The abbreviation 'ACR' is a standard business term for Azure Consumed Revenue and is not cryptic.,1.4,1.6999999999999997,0.823529411764706,0.2,0.2,0.2,0.2,0.0,0.3,0.2,0.2,0.4,0.4,0.4,0.4,3,YELLOW,#FFFF00
M_SLG_Migration,$ ACR Pipe,"CALCULATE(SUM(SLG_EDU_MigrationPipe[EstUsage]),FILTER(SLG_EDU_MigrationPipe, NOT SLG_EDU_MigrationPipe[ConsumptionStatusReasonCombined] in {""Closed - Lost"",""Closed - Cancelled/Delayed"",""Closed - Cancelled by Customer"",""Closed - Pipeline Hygiene/Duplicate""}),FILTER(SLG_EDU_MigrationPipe,NOT SLG_EDU_MigrationPipe[MilestoneStatus] in {""Cancelled"",""Lost to Competitor""}))",,good,No,,No,,No,,Yes,,"$ ACR Pipe -> M_SLG_Migration + CALCULATE(SUM(SLG_EDU_MigrationPipe[EstUsage]),FILTER(SLG_EDU_MigrationPipe, NOT SLG_EDU_MigrationPipe[ConsumptionStatusReasonCombined] in {""Closed - Lost"",""Closed - Cancelled/Delayed"",""Closed - Cancelled by Customer"",""Closed - Pipeline Hygiene/Duplicate""}),FILTER(SLG_EDU_MigrationPipe,NOT SLG_EDU_MigrationPipe[MilestoneStatus] in {""Cancelled"",""Lost to Competitor""}))","The name indicates that the measure calculates the Azure Consumed Revenue (ACR) pipeline, which aligns with the context provided.","The name reflects the calculation, which sums estimated usage from the migration pipeline while excluding certain statuses.",The abbreviation 'ACR' is a standard business term for Azure Consumed Revenue and is not cryptic.,1.6999999999999997,1.6999999999999997,1.0,0.2,0.2,0.2,0.2,0.3,0.3,0.2,0.2,0.4,0.4,0.4,0.4,4,GREEN,#00FF00
M_SLG_Migration,$ Azure SQL Pipe,"CALCULATE([$ ACR Pipe],FILTER(SLG_EDU_MigrationPipe,SLG_EDU_MigrationPipe[Workload] in {""Data: SQL Hybrid - Arc-Enabled SQL Server""
,""Data: SQL Modernization to Azure SQL DB (PaaS)""
,""Data: SQL VM Migrations (IaaS)""
,""Data: Oracle to Azure SQL Migration""
,""Data: SQL Modernization to Managed Instance (PaaS)""}))",,good,No,,No,,Yes,$ acr pipe,Yes,,"$ Azure SQL Pipe -> M_SLG_Migration + CALCULATE([$ ACR Pipe],FILTER(SLG_EDU_MigrationPipe,SLG_EDU_MigrationPipe[Workload] in {""Data: SQL Hybrid - Arc-Enabled SQL Server""
,""Data: SQL Modernization to Azure SQL DB (PaaS)""
,""Data: SQL VM Migrations (IaaS)""
,""Data: Oracle to Azure SQL Migration""
,""Data: SQL Modernization to Managed Instance (PaaS)""})) | REFERENCES: $ ACR Pipe -> M_SLG_Migration + CALCULATE(SUM(SLG_EDU_MigrationPipe[EstUsage]),FILTER(SLG_EDU_MigrationPipe, NOT SLG_EDU_MigrationPipe[ConsumptionStatusReasonCombined] in {""Closed - Lost"",""Closed - Cancelled/Delayed"",""Closed - Cancelled by Customer"",""Closed - Pipeline Hygiene/Duplicate""}),FILTER(SLG_EDU_MigrationPipe,NOT SLG_EDU_MigrationPipe[MilestoneStatus] in {""Cancelled"",""Lost to Competitor""}))","The name indicates that the measure calculates the Azure SQL pipeline, which aligns with the context provided.","The name reflects the calculation, which filters the ACR pipeline based on specific workloads related to Azure SQL.",The abbreviation 'ACR' is a standard business term for Azure Consumed Revenue and is not cryptic.,1.6999999999999997,1.6999999999999997,1.0,0.2,0.2,0.2,0.2,0.3,0.3,0.2,0.2,0.4,0.4,0.4,0.4,4,GREEN,#00FF00
M_SLG_Migration,$ Windows GPC Pipe,"CALCULATE([$ ACR Pipe],FILTER(SLG_EDU_MigrationPipe,SLG_EDU_MigrationPipe[Workload] in {""Infra: Windows"",""Infra: Mainframe Migration""}))",,good,No,,No,,Yes,$ acr pipe,Yes,,"$ Windows GPC Pipe -> M_SLG_Migration + CALCULATE([$ ACR Pipe],FILTER(SLG_EDU_MigrationPipe,SLG_EDU_MigrationPipe[Workload] in {""Infra: Windows"",""Infra: Mainframe Migration""})) | REFERENCES: $ ACR Pipe -> M_SLG_Migration + CALCULATE(SUM(SLG_EDU_MigrationPipe[EstUsage]),FILTER(SLG_EDU_MigrationPipe, NOT SLG_EDU_MigrationPipe[ConsumptionStatusReasonCombined] in {""Closed - Lost"",""Closed - Cancelled/Delayed"",""Closed - Cancelled by Customer"",""Closed - Pipeline Hygiene/Duplicate""}),FILTER(SLG_EDU_MigrationPipe,NOT SLG_EDU_MigrationPipe[MilestoneStatus] in {""Cancelled"",""Lost to Competitor""}))","The name indicates that the measure calculates the Windows General Purpose pipeline, which aligns with the context provided.","The name reflects the calculation, which filters the ACR pipeline based on specific workloads related to Windows General Purpose.",The abbreviation 'GPC' is a standard business term for General Purpose Compute and is not cryptic.,1.6999999999999997,1.6999999999999997,1.0,0.2,0.2,0.2,0.2,0.3,0.3,0.2,0.2,0.4,0.4,0.4,0.4,4,GREEN,#00FF00
M_SLG_Migration,$ Linux Pipe,"CALCULATE([$ ACR Pipe],FILTER(SLG_EDU_MigrationPipe,SLG_EDU_MigrationPipe[Workload] in {""Infra: Linux"",""Infra: Linux (RedHat)""}))",,good,No,,No,,Yes,$ acr pipe,Yes,,"$ Linux Pipe -> M_SLG_Migration + CALCULATE([$ ACR Pipe],FILTER(SLG_EDU_MigrationPipe,SLG_EDU_MigrationPipe[Workload] in {""Infra: Linux"",""Infra: Linux (RedHat)""})) | REFERENCES: $ ACR Pipe -> M_SLG_Migration + CALCULATE(SUM(SLG_EDU_MigrationPipe[EstUsage]),FILTER(SLG_EDU_MigrationPipe, NOT SLG_EDU_MigrationPipe[ConsumptionStatusReasonCombined] in {""Closed - Lost"",""Closed - Cancelled/Delayed"",""Closed - Cancelled by Customer"",""Closed - Pipeline Hygiene/Duplicate""}),FILTER(SLG_EDU_MigrationPipe,NOT SLG_EDU_MigrationPipe[MilestoneStatus] in {""Cancelled"",""Lost to Competitor""}))","The name indicates that the measure calculates the Linux pipeline, which aligns with the context provided.","The name reflects the calculation, which filters the ACR pipeline based on specific workloads related to Linux.",The abbreviation 'ACR' is a standard business term for Azure Consumed Revenue and is not cryptic.,1.6999999999999997,1.6999999999999997,1.0,0.2,0.2,0.2,0.2,0.3,0.3,0.2,0.2,0.4,0.4,0.4,0.4,4,GREEN,#00FF00
M_SLG_Migration,$ AVD Pipe,"CALCULATE([$ ACR Pipe],FILTER(SLG_EDU_MigrationPipe,SLG_EDU_MigrationPipe[Workload] in {""Infra: AVD (Citrix + AVD)"",""Infra: AVD (Horizon + AVD (VMware))"",""Infra: AVD (Native AVD)""}))",,good,No,,No,,Yes,$ acr pipe,Yes,,"$ AVD Pipe -> M_SLG_Migration + CALCULATE([$ ACR Pipe],FILTER(SLG_EDU_MigrationPipe,SLG_EDU_MigrationPipe[Workload] in {""Infra: AVD (Citrix + AVD)"",""Infra: AVD (Horizon + AVD (VMware))"",""Infra: AVD (Native AVD)""})) | REFERENCES: $ ACR Pipe -> M_SLG_Migration + CALCULATE(SUM(SLG_EDU_MigrationPipe[EstUsage]),FILTER(SLG_EDU_MigrationPipe, NOT SLG_EDU_MigrationPipe[ConsumptionStatusReasonCombined] in {""Closed - Lost"",""Closed - Cancelled/Delayed"",""Closed - Cancelled by Customer"",""Closed - Pipeline Hygiene/Duplicate""}),FILTER(SLG_EDU_MigrationPipe,NOT SLG_EDU_MigrationPipe[MilestoneStatus] in {""Cancelled"",""Lost to Competitor""}))","The name indicates that the measure calculates the AVD pipeline, which aligns with the context provided.","The name reflects the calculation, which filters the ACR pipeline based on specific workloads related to AVD.",The abbreviation 'AVD' is a standard business term for Azure Virtual Desktop and is not cryptic.,1.6999999999999997,1.6999999999999997,1.0,0.2,0.2,0.2,0.2,0.3,0.3,0.2,0.2,0.4,0.4,0.4,0.4,4,GREEN,#00FF00
M_SLG_Migration,$ AVS Pipe,"CALCULATE([$ ACR Pipe],FILTER(SLG_EDU_MigrationPipe,SLG_EDU_MigrationPipe[Workload] in {""Infra: Azure VMWare Solution""}))",,good,No,,No,,Yes,$ acr pipe,Yes,,"$ AVS Pipe -> M_SLG_Migration + CALCULATE([$ ACR Pipe],FILTER(SLG_EDU_MigrationPipe,SLG_EDU_MigrationPipe[Workload] in {""Infra: Azure VMWare Solution""})) | REFERENCES: $ ACR Pipe -> M_SLG_Migration + CALCULATE(SUM(SLG_EDU_MigrationPipe[EstUsage]),FILTER(SLG_EDU_MigrationPipe, NOT SLG_EDU_MigrationPipe[ConsumptionStatusReasonCombined] in {""Closed - Lost"",""Closed - Cancelled/Delayed"",""Closed - Cancelled by Customer"",""Closed - Pipeline Hygiene/Duplicate""}),FILTER(SLG_EDU_MigrationPipe,NOT SLG_EDU_MigrationPipe[MilestoneStatus] in {""Cancelled"",""Lost to Competitor""}))","The name indicates that the measure calculates the AVS pipeline, which aligns with the context provided.","The name reflects the calculation, which filters the ACR pipeline based on specific workloads related to Azure VMware Solution.",The abbreviation 'AVS' is a standard business term for Azure VMware Solution and is not cryptic.,1.6999999999999997,1.6999999999999997,1.0,0.2,0.2,0.2,0.2,0.3,0.3,0.2,0.2,0.4,0.4,0.4,0.4,4,GREEN,#00FF00
M_SLG_Migration,$ Total Migration Pipe,[$ AVD Pipe] + [$ AVS Pipe] + [$ Linux Pipe] + [$ Azure SQL Pipe] + [$ Windows GPC Pipe],,good,No,,No,,Yes,"$ avd pipe, $ avs pipe, $ azure sql pipe, $ linux pipe, $ windows gpc pipe",Yes,,"$ Total Migration Pipe -> M_SLG_Migration + [$ AVD Pipe] + [$ AVS Pipe] + [$ Linux Pipe] + [$ Azure SQL Pipe] + [$ Windows GPC Pipe] | REFERENCES: $ AVD Pipe -> M_SLG_Migration + CALCULATE([$ ACR Pipe],FILTER(SLG_EDU_MigrationPipe,SLG_EDU_MigrationPipe[Workload] in {""Infra: AVD (Citrix + AVD)"",""Infra: AVD (Horizon + AVD (VMware))"",""Infra: AVD (Native AVD)""})), $ AVS Pipe -> M_SLG_Migration + CALCULATE([$ ACR Pipe],FILTER(SLG_EDU_MigrationPipe,SLG_EDU_MigrationPipe[Workload] in {""Infra: Azure VMWare Solution""})), $ Azure SQL Pipe -> M_SLG_Migration + CALCULATE([$ ACR Pipe],FILTER(SLG_EDU_MigrationPipe,SLG_EDU_MigrationPipe[Workload] in {""Data: SQL Hybrid - Arc-Enabled SQL Server""
,""Data: SQL Modernization to Azure SQL DB (PaaS)""
,""Data: SQL VM Migrations (IaaS)""
,""Data: Oracle to Azure SQL Migration""
,""Data: SQL Modernization to Managed Instance (PaaS)""})), $ Linux Pipe -> M_SLG_Migration + CALCULATE([$ ACR Pipe],FILTER(SLG_EDU_MigrationPipe,SLG_EDU_MigrationPipe[Workload] in {""Infra: Linux"",""Infra: Linux (RedHat)""})), $ Windows GPC Pipe -> M_SLG_Migration + CALCULATE([$ ACR Pipe],FILTER(SLG_EDU_MigrationPipe,SLG_EDU_MigrationPipe[Workload] in {""Infra: Windows"",""Infra: Mainframe Migration""}))","The name '$ Total Migration Pipe' is self-explanatory as it indicates the total migration pipeline value, which aligns with the context showing it aggregates multiple migration pipe measures.","The name '$ Total Migration Pipe' reflects the calculation as it sums up various migration pipe measures, which is consistent with the context provided.",There are no problematic abbreviations in the measure name. '$' is a standard symbol for monetary values and 'Pipe' is a clear term in the business context.,1.6999999999999997,1.6999999999999997,1.0,0.2,0.2,0.2,0.2,0.3,0.3,0.2,0.2,0.4,0.4,0.4,0.4,4,GREEN,#00FF00
M_SLG_Migration,# Migration Opportunities,DISTINCTCOUNT(SLG_EDU_MigrationPipe[OpportunityNumber]),,good,No,,No,,No,,Yes,,# Migration Opportunities -> M_SLG_Migration + DISTINCTCOUNT(SLG_EDU_MigrationPipe[OpportunityNumber]),"The name '# Migration Opportunities' is self-explanatory as it clearly indicates it counts migration opportunities, which aligns with the context showing it uses DISTINCTCOUNT on OpportunityNumber.","The name '# Migration Opportunities' reflects the calculation as it counts distinct migration opportunities, which is consistent with the context provided.",There are no problematic abbreviations in the measure name. '#' is a standard abbreviation for 'Number of'.,1.6999999999999997,1.6999999999999997,1.0,0.2,0.2,0.2,0.2,0.3,0.3,0.2,0.2,0.4,0.4,0.4,0.4,4,GREEN,#00FF00
M_SLG_Migration,# Target Departments,COUNT('Distinct SLG_Department'[Department]),,warning,No,,No,,No,,No,,# Target Departments -> M_SLG_Migration + COUNT('Distinct SLG_Department'[Department]),"The name '# Target Departments' is self-explanatory as it indicates the number of target departments, which aligns with the context showing it counts distinct departments.","The name '# Target Departments' reflects the calculation as it counts distinct departments, which is consistent with the context provided.",There are no problematic abbreviations in the measure name. '#' is a standard abbreviation for 'Number of'.,1.4,1.6999999999999997,0.823529411764706,0.2,0.2,0.2,0.2,0.0,0.3,0.2,0.2,0.4,0.4,0.4,0.4,3,YELLOW,#FFFF00
M_SLG_Migration,$ Infra Migration Pipe,[$ AVD Pipe] + [$ AVS Pipe] + [$ Linux Pipe] + [$ Windows GPC Pipe],,good,No,,No,,Yes,"$ avd pipe, $ avs pipe, $ linux pipe, $ windows gpc pipe",Yes,,"$ Infra Migration Pipe -> M_SLG_Migration + [$ AVD Pipe] + [$ AVS Pipe] + [$ Linux Pipe] + [$ Windows GPC Pipe] | REFERENCES: $ AVD Pipe -> M_SLG_Migration + CALCULATE([$ ACR Pipe],FILTER(SLG_EDU_MigrationPipe,SLG_EDU_MigrationPipe[Workload] in {""Infra: AVD (Citrix + AVD)"",""Infra: AVD (Horizon + AVD (VMware))"",""Infra: AVD (Native AVD)""})), $ AVS Pipe -> M_SLG_Migration + CALCULATE([$ ACR Pipe],FILTER(SLG_EDU_MigrationPipe,SLG_EDU_MigrationPipe[Workload] in {""Infra: Azure VMWare Solution""})), $ Linux Pipe -> M_SLG_Migration + CALCULATE([$ ACR Pipe],FILTER(SLG_EDU_MigrationPipe,SLG_EDU_MigrationPipe[Workload] in {""Infra: Linux"",""Infra: Linux (RedHat)""})), $ Windows GPC Pipe -> M_SLG_Migration + CALCULATE([$ ACR Pipe],FILTER(SLG_EDU_MigrationPipe,SLG_EDU_MigrationPipe[Workload] in {""Infra: Windows"",""Infra: Mainframe Migration""}))","The name '$ Infra Migration Pipe' is self-explanatory as it indicates the infrastructure migration pipeline value, which aligns with the context showing it aggregates multiple infrastructure-related migration pipe measures.","The name '$ Infra Migration Pipe' reflects the calculation as it sums up infrastructure-related migration pipe measures, which is consistent with the context provided.",There are no problematic abbreviations in the measure name. '$' is a standard symbol for monetary values and 'Infra' is a common abbreviation for 'Infrastructure'.,1.6999999999999997,1.6999999999999997,1.0,0.2,0.2,0.2,0.2,0.3,0.3,0.2,0.2,0.4,0.4,0.4,0.4,4,GREEN,#00FF00
M_SLG_Migration,$ Azure SQL Committed Pipe,"CALCULATE([$ Azure SQL Pipe],SLG_EDU_MigrationPipe[CommitmentRecommendation]=""Committed"")",,warning,No,,No,,Yes,$ azure sql pipe,No,,"$ Azure SQL Committed Pipe -> M_SLG_Migration + CALCULATE([$ Azure SQL Pipe],SLG_EDU_MigrationPipe[CommitmentRecommendation]=""Committed"") | REFERENCES: $ Azure SQL Pipe -> M_SLG_Migration + CALCULATE([$ ACR Pipe],FILTER(SLG_EDU_MigrationPipe,SLG_EDU_MigrationPipe[Workload] in {""Data: SQL Hybrid - Arc-Enabled SQL Server""
,""Data: SQL Modernization to Azure SQL DB (PaaS)""
,""Data: SQL VM Migrations (IaaS)""
,""Data: Oracle to Azure SQL Migration""
,""Data: SQL Modernization to Managed Instance (PaaS)""}))","The name '$ Azure SQL Committed Pipe' is self-explanatory as it indicates the committed pipeline value for Azure SQL, which aligns with the context showing it filters for committed recommendations.","The name '$ Azure SQL Committed Pipe' reflects the calculation as it filters the Azure SQL pipeline for committed recommendations, which is consistent with the context provided.",There are no problematic abbreviations in the measure name. '$' is a standard symbol for monetary values and 'SQL' is a widely understood term.,1.4,1.6999999999999997,0.823529411764706,0.2,0.2,0.2,0.2,0.0,0.3,0.2,0.2,0.4,0.4,0.4,0.4,3,YELLOW,#FFFF00
M_SLG_Migration,$ Infra Migration Committed Pipe,"CALCULATE([$ Infra Migration Pipe],SLG_EDU_MigrationPipe[CommitmentRecommendation]=""Committed"")",,warning,No,,No,,Yes,$ infra migration pipe,No,,"$ Infra Migration Committed Pipe -> M_SLG_Migration + CALCULATE([$ Infra Migration Pipe],SLG_EDU_MigrationPipe[CommitmentRecommendation]=""Committed"") | REFERENCES: $ Infra Migration Pipe -> M_SLG_Migration + [$ AVD Pipe] + [$ AVS Pipe] + [$ Linux Pipe] + [$ Windows GPC Pipe]","The name '$ Infra Migration Committed Pipe' is self-explanatory as it indicates the committed pipeline value for infrastructure migration, which aligns with the context showing it filters for committed recommendations.","The name '$ Infra Migration Committed Pipe' reflects the calculation as it filters the infrastructure migration pipeline for committed recommendations, which is consistent with the context provided.",There are no problematic abbreviations in the measure name. '$' is a standard symbol for monetary values and 'Infra' is a common abbreviation for 'Infrastructure'.,1.4,1.6999999999999997,0.823529411764706,0.2,0.2,0.2,0.2,0.0,0.3,0.2,0.2,0.4,0.4,0.4,0.4,3,YELLOW,#FFFF00
M_SLG_Migration,# Committed Migration Opps,"CALCULATE(M_SLG_Migration[# Migration Opportunities],SLG_EDU_MigrationPipe[CommitmentRecommendation]=""Committed"")",,critical,No,,Yes,# migration opportunities,Yes,# migration opportunities,No,"Please use unqualified measures references i.e., [Measure Name] instead of Fully Qualified reference i.e., Table[MeasureName] or 'Table'[MeasureName]. Referenced measures: # migration opportunities","# Committed Migration Opps -> M_SLG_Migration + CALCULATE(M_SLG_Migration[# Migration Opportunities],SLG_EDU_MigrationPipe[CommitmentRecommendation]=""Committed"") | REFERENCES: # Migration Opportunities -> M_SLG_Migration + DISTINCTCOUNT(SLG_EDU_MigrationPipe[OpportunityNumber])","The name '# Committed Migration Opps' is self-explanatory as it indicates the number of committed migration opportunities, which aligns with the context showing it filters migration opportunities for committed recommendations.","The name '# Committed Migration Opps' reflects the calculation as it counts committed migration opportunities, which is consistent with the context provided.",The abbreviation 'Opps' is cryptic and unclear. It should be replaced with 'Opportunities' for clarity.,0.8,1.6999999999999997,0.47058823529411775,0.0,0.2,0.2,0.2,0.0,0.3,0.2,0.2,0.4,0.4,0.0,0.4,1,RED,#FF0000
M_SLG_Migration,$ Total Migration Committed Pipe,"CALCULATE([$ Total Migration Pipe],SLG_EDU_MigrationPipe[CommitmentRecommendation]=""Committed"")",,good,No,,No,,Yes,$ total migration pipe,Yes,,"$ Total Migration Committed Pipe -> M_SLG_Migration + CALCULATE([$ Total Migration Pipe],SLG_EDU_MigrationPipe[CommitmentRecommendation]=""Committed"") | REFERENCES: $ Total Migration Pipe -> M_SLG_Migration + [$ AVD Pipe] + [$ AVS Pipe] + [$ Linux Pipe] + [$ Azure SQL Pipe] + [$ Windows GPC Pipe]","The name '$ Total Migration Committed Pipe' is self-explanatory as it indicates the total committed migration pipeline value, which aligns with the context showing it filters the total migration pipe for committed recommendations.","The name '$ Total Migration Committed Pipe' reflects the calculation as it filters the total migration pipeline for committed recommendations, which is consistent with the context provided.",There are no problematic abbreviations in the measure name. '$' is a standard symbol for monetary values.,1.6999999999999997,1.6999999999999997,1.0,0.2,0.2,0.2,0.2,0.3,0.3,0.2,0.2,0.4,0.4,0.4,0.4,4,GREEN,#00FF00
M_SLG_Migration,$ ACR Pipe Last Week,"CALCULATE(SUM(SLG_EDU_MigrationPipe[EstMonthlyUsageCW1]),FILTER(SLG_EDU_MigrationPipe, NOT SLG_EDU_MigrationPipe[ConsumptionStatusReasonCombined] in {""Closed - Lost"",""Closed - Cancelled/Delayed"",""Closed - Cancelled by Customer"",""Closed - Pipeline Hygiene/Duplicate""}),FILTER(SLG_EDU_MigrationPipe,NOT SLG_EDU_MigrationPipe[MilestoneStatus] in {""Cancelled"",""Lost to Competitor""}))",,critical,No,,No,,No,,Yes,,"$ ACR Pipe Last Week -> M_SLG_Migration + CALCULATE(SUM(SLG_EDU_MigrationPipe[EstMonthlyUsageCW1]),FILTER(SLG_EDU_MigrationPipe, NOT SLG_EDU_MigrationPipe[ConsumptionStatusReasonCombined] in {""Closed - Lost"",""Closed - Cancelled/Delayed"",""Closed - Cancelled by Customer"",""Closed - Pipeline Hygiene/Duplicate""}),FILTER(SLG_EDU_MigrationPipe,NOT SLG_EDU_MigrationPipe[MilestoneStatus] in {""Cancelled"",""Lost to Competitor""}))",The name '$ ACR Pipe Last Week' is not self-explanatory as 'ACR' is unclear without additional context.,"The name '$ ACR Pipe Last Week' does not reflect the calculation as 'ACR' is not explained in the name, and the context does not clarify its meaning.",The abbreviation 'ACR' is cryptic and unclear. It should be replaced with a more descriptive term.,0.7,1.6999999999999997,0.411764705882353,0.2,0.2,0.2,0.2,0.3,0.3,0.0,0.2,0.0,0.4,0.0,0.4,1,RED,#FF0000
M_SLG_Migration,$ Azure SQL Pipe Last Week,"CALCULATE([$ ACR Pipe Last Week],FILTER(SLG_EDU_MigrationPipe,SLG_EDU_MigrationPipe[Workload] in {""Data: SQL Hybrid - Arc-Enabled SQL Server"",""Data: SQL Modernization to Azure SQL DB (PaaS)"",""Data: SQL VM Migrations (IaaS)"",""Data: Oracle to Azure SQL Migration"",""Data: SQL Modernization to Managed Instance (PaaS)""}))",,good,No,,No,,Yes,$ acr pipe last week,Yes,,"$ Azure SQL Pipe Last Week -> M_SLG_Migration + CALCULATE([$ ACR Pipe Last Week],FILTER(SLG_EDU_MigrationPipe,SLG_EDU_MigrationPipe[Workload] in {""Data: SQL Hybrid - Arc-Enabled SQL Server"",""Data: SQL Modernization to Azure SQL DB (PaaS)"",""Data: SQL VM Migrations (IaaS)"",""Data: Oracle to Azure SQL Migration"",""Data: SQL Modernization to Managed Instance (PaaS)""})) | REFERENCES: $ ACR Pipe Last Week -> M_SLG_Migration + CALCULATE(SUM(SLG_EDU_MigrationPipe[EstMonthlyUsageCW1]),FILTER(SLG_EDU_MigrationPipe, NOT SLG_EDU_MigrationPipe[ConsumptionStatusReasonCombined] in {""Closed - Lost"",""Closed - Cancelled/Delayed"",""Closed - Cancelled by Customer"",""Closed - Pipeline Hygiene/Duplicate""}),FILTER(SLG_EDU_MigrationPipe,NOT SLG_EDU_MigrationPipe[MilestoneStatus] in {""Cancelled"",""Lost to Competitor""}))","The name '$ Azure SQL Pipe Last Week' is self-explanatory as it indicates the Azure SQL pipeline value for the last week, which aligns with the context showing it filters workloads related to Azure SQL.","The name '$ Azure SQL Pipe Last Week' reflects the calculation as it filters the Azure SQL pipeline for the last week, which is consistent with the context provided.",There are no problematic abbreviations in the measure name. '$' is a standard symbol for monetary values and 'SQL' is a widely understood term.,1.6999999999999997,1.6999999999999997,1.0,0.2,0.2,0.2,0.2,0.3,0.3,0.2,0.2,0.4,0.4,0.4,0.4,4,GREEN,#00FF00
M_SLG_Migration,$ AVD Pipe Last Week,"CALCULATE([$ ACR Pipe Last Week],FILTER(SLG_EDU_MigrationPipe,SLG_EDU_MigrationPipe[Workload] in {""Infra: AVD (Citrix + AVD)"",""Infra: AVD (Horizon + AVD (VMware))"",""Infra: AVD (Native AVD)""}))",,good,No,,No,,Yes,$ acr pipe last week,Yes,,"$ AVD Pipe Last Week -> M_SLG_Migration + CALCULATE([$ ACR Pipe Last Week],FILTER(SLG_EDU_MigrationPipe,SLG_EDU_MigrationPipe[Workload] in {""Infra: AVD (Citrix + AVD)"",""Infra: AVD (Horizon + AVD (VMware))"",""Infra: AVD (Native AVD)""})) | REFERENCES: $ ACR Pipe Last Week -> M_SLG_Migration + CALCULATE(SUM(SLG_EDU_MigrationPipe[EstMonthlyUsageCW1]),FILTER(SLG_EDU_MigrationPipe, NOT SLG_EDU_MigrationPipe[ConsumptionStatusReasonCombined] in {""Closed - Lost"",""Closed - Cancelled/Delayed"",""Closed - Cancelled by Customer"",""Closed - Pipeline Hygiene/Duplicate""}),FILTER(SLG_EDU_MigrationPipe,NOT SLG_EDU_MigrationPipe[MilestoneStatus] in {""Cancelled"",""Lost to Competitor""}))","The name '$ AVD Pipe Last Week' is self-explanatory as it indicates the AVD pipeline value for the last week, which aligns with the context showing it filters workloads related to AVD.","The name '$ AVD Pipe Last Week' reflects the calculation as it filters the AVD pipeline for the last week, which is consistent with the context provided.",There are no problematic abbreviations in the measure name. '$' is a standard symbol for monetary values and 'AVD' is a well-understood term in the business context.,1.6999999999999997,1.6999999999999997,1.0,0.2,0.2,0.2,0.2,0.3,0.3,0.2,0.2,0.4,0.4,0.4,0.4,4,GREEN,#00FF00
M_SLG_Migration,$ AVS Pipe Last Week,"CALCULATE([$ ACR Pipe Last Week],FILTER(SLG_EDU_MigrationPipe,SLG_EDU_MigrationPipe[Workload] in {""Infra: Azure VMWare Solution""}))",,good,No,,No,,Yes,$ acr pipe last week,Yes,,"$ AVS Pipe Last Week -> M_SLG_Migration + CALCULATE([$ ACR Pipe Last Week],FILTER(SLG_EDU_MigrationPipe,SLG_EDU_MigrationPipe[Workload] in {""Infra: Azure VMWare Solution""})) | REFERENCES: $ ACR Pipe Last Week -> M_SLG_Migration + CALCULATE(SUM(SLG_EDU_MigrationPipe[EstMonthlyUsageCW1]),FILTER(SLG_EDU_MigrationPipe, NOT SLG_EDU_MigrationPipe[ConsumptionStatusReasonCombined] in {""Closed - Lost"",""Closed - Cancelled/Delayed"",""Closed - Cancelled by Customer"",""Closed - Pipeline Hygiene/Duplicate""}),FILTER(SLG_EDU_MigrationPipe,NOT SLG_EDU_MigrationPipe[MilestoneStatus] in {""Cancelled"",""Lost to Competitor""}))","The name '$ AVS Pipe Last Week' is self-explanatory as it indicates the AVS pipeline value for the last week, which aligns with the context showing it filters workloads related to AVS.","The name '$ AVS Pipe Last Week' reflects the calculation as it filters the AVS pipeline for the last week, which is consistent with the context provided.",There are no problematic abbreviations in the measure name. '$' is a standard symbol for monetary values and 'AVS' is a well-understood term in the business context.,1.6999999999999997,1.6999999999999997,1.0,0.2,0.2,0.2,0.2,0.3,0.3,0.2,0.2,0.4,0.4,0.4,0.4,4,GREEN,#00FF00
M_SLG_Migration,$ Linux Pipe Last Week,"CALCULATE([$ ACR Pipe Last Week],FILTER(SLG_EDU_MigrationPipe,SLG_EDU_MigrationPipe[Workload] in {""Infra: Linux"",""Infra: Linux (RedHat)""}))",,good,No,,No,,Yes,$ acr pipe last week,Yes,,"$ Linux Pipe Last Week -> M_SLG_Migration + CALCULATE([$ ACR Pipe Last Week],FILTER(SLG_EDU_MigrationPipe,SLG_EDU_MigrationPipe[Workload] in {""Infra: Linux"",""Infra: Linux (RedHat)""})) | REFERENCES: $ ACR Pipe Last Week -> M_SLG_Migration + CALCULATE(SUM(SLG_EDU_MigrationPipe[EstMonthlyUsageCW1]),FILTER(SLG_EDU_MigrationPipe, NOT SLG_EDU_MigrationPipe[ConsumptionStatusReasonCombined] in {""Closed - Lost"",""Closed - Cancelled/Delayed"",""Closed - Cancelled by Customer"",""Closed - Pipeline Hygiene/Duplicate""}),FILTER(SLG_EDU_MigrationPipe,NOT SLG_EDU_MigrationPipe[MilestoneStatus] in {""Cancelled"",""Lost to Competitor""}))","The name '$ Linux Pipe Last Week' is self-explanatory as it indicates the Linux pipeline value for the last week, which aligns with the context showing it filters workloads related to Linux.","The name '$ Linux Pipe Last Week' reflects the calculation as it filters the Linux pipeline for the last week, which is consistent with the context provided.",There are no problematic abbreviations in the measure name. '$' is a standard symbol for monetary values.,1.6999999999999997,1.6999999999999997,1.0,0.2,0.2,0.2,0.2,0.3,0.3,0.2,0.2,0.4,0.4,0.4,0.4,4,GREEN,#00FF00
M_SLG_Migration,$ Windows GPC Pipe Last Week,"CALCULATE([$ ACR Pipe Last Week],FILTER(SLG_EDU_MigrationPipe,SLG_EDU_MigrationPipe[Workload] in {""Infra: Windows"",""Infra: Mainframe Migration""}))",,good,No,,No,,Yes,$ acr pipe last week,Yes,,"$ Windows GPC Pipe Last Week -> M_SLG_Migration + CALCULATE([$ ACR Pipe Last Week],FILTER(SLG_EDU_MigrationPipe,SLG_EDU_MigrationPipe[Workload] in {""Infra: Windows"",""Infra: Mainframe Migration""})) | REFERENCES: $ ACR Pipe Last Week -> M_SLG_Migration + CALCULATE(SUM(SLG_EDU_MigrationPipe[EstMonthlyUsageCW1]),FILTER(SLG_EDU_MigrationPipe, NOT SLG_EDU_MigrationPipe[ConsumptionStatusReasonCombined] in {""Closed - Lost"",""Closed - Cancelled/Delayed"",""Closed - Cancelled by Customer"",""Closed - Pipeline Hygiene/Duplicate""}),FILTER(SLG_EDU_MigrationPipe,NOT SLG_EDU_MigrationPipe[MilestoneStatus] in {""Cancelled"",""Lost to Competitor""}))","The name '$ Windows GPC Pipe Last Week' is self-explanatory as it indicates the Windows GPC pipeline value for the last week, which aligns with the context showing it filters workloads related to Windows and Mainframe Migration.","The name '$ Windows GPC Pipe Last Week' reflects the calculation as it filters the Windows GPC pipeline for the last week, which is consistent with the context provided.",There are no problematic abbreviations in the measure name. '$' is a standard symbol for monetary values and 'GPC' is a well-understood term in the business context.,1.6999999999999997,1.6999999999999997,1.0,0.2,0.2,0.2,0.2,0.3,0.3,0.2,0.2,0.4,0.4,0.4,0.4,4,GREEN,#00FF00
M_SLG_Migration,$ Infra Migration Pipe Last Week,[$ AVD Pipe Last Week] + [$ AVS Pipe Last Week] + [$ Linux Pipe Last Week] + [$ Windows GPC Pipe Last Week],,warning,No,,No,,Yes,"$ avd pipe last week, $ avs pipe last week, $ linux pipe last week, $ windows gpc pipe last week",No,,"$ Infra Migration Pipe Last Week -> M_SLG_Migration + [$ AVD Pipe Last Week] + [$ AVS Pipe Last Week] + [$ Linux Pipe Last Week] + [$ Windows GPC Pipe Last Week] | REFERENCES: $ AVD Pipe Last Week -> M_SLG_Migration + CALCULATE([$ ACR Pipe Last Week],FILTER(SLG_EDU_MigrationPipe,SLG_EDU_MigrationPipe[Workload] in {""Infra: AVD (Citrix + AVD)"",""Infra: AVD (Horizon + AVD (VMware))"",""Infra: AVD (Native AVD)""})), $ AVS Pipe Last Week -> M_SLG_Migration + CALCULATE([$ ACR Pipe Last Week],FILTER(SLG_EDU_MigrationPipe,SLG_EDU_MigrationPipe[Workload] in {""Infra: Azure VMWare Solution""})), $ Linux Pipe Last Week -> M_SLG_Migration + CALCULATE([$ ACR Pipe Last Week],FILTER(SLG_EDU_MigrationPipe,SLG_EDU_MigrationPipe[Workload] in {""Infra: Linux"",""Infra: Linux (RedHat)""})), $ Windows GPC Pipe Last Week -> M_SLG_Migration + CALCULATE([$ ACR Pipe Last Week],FILTER(SLG_EDU_MigrationPipe,SLG_EDU_MigrationPipe[Workload] in {""Infra: Windows"",""Infra: Mainframe Migration""}))","The name '$ Infra Migration Pipe Last Week' is self-explanatory as it indicates the infrastructure migration pipeline value for the last week, which aligns with the context showing it aggregates multiple infrastructure-related migration pipe measures for the last week.","The name '$ Infra Migration Pipe Last Week' reflects the calculation as it sums up infrastructure-related migration pipe measures for the last week, which is consistent with the context provided.",There are no problematic abbreviations in the measure name. '$' is a standard symbol for monetary values and 'Infra' is a common abbreviation for 'Infrastructure'.,1.4,1.6999999999999997,0.823529411764706,0.2,0.2,0.2,0.2,0.0,0.3,0.2,0.2,0.4,0.4,0.4,0.4,3,YELLOW,#FFFF00
M_SLG_Migration,$ Total Migration Pipe Last Week,[$ AVD Pipe Last Week] + [$ AVS Pipe Last Week] + [$ Linux Pipe Last Week] + [$ Azure SQL Pipe Last Week] + [$ Windows GPC Pipe Last Week],,good,No,,No,,Yes,"$ avd pipe last week, $ avs pipe last week, $ azure sql pipe last week, $ linux pipe last week, $ windows gpc pipe last week",Yes,,"$ Total Migration Pipe Last Week -> M_SLG_Migration + [$ AVD Pipe Last Week] + [$ AVS Pipe Last Week] + [$ Linux Pipe Last Week] + [$ Azure SQL Pipe Last Week] + [$ Windows GPC Pipe Last Week] | REFERENCES: $ AVD Pipe Last Week -> M_SLG_Migration + CALCULATE([$ ACR Pipe Last Week],FILTER(SLG_EDU_MigrationPipe,SLG_EDU_MigrationPipe[Workload] in {""Infra: AVD (Citrix + AVD)"",""Infra: AVD (Horizon + AVD (VMware))"",""Infra: AVD (Native AVD)""})), $ AVS Pipe Last Week -> M_SLG_Migration + CALCULATE([$ ACR Pipe Last Week],FILTER(SLG_EDU_MigrationPipe,SLG_EDU_MigrationPipe[Workload] in {""Infra: Azure VMWare Solution""})), $ Azure SQL Pipe Last Week -> M_SLG_Migration + CALCULATE([$ ACR Pipe Last Week],FILTER(SLG_EDU_MigrationPipe,SLG_EDU_MigrationPipe[Workload] in {""Data: SQL Hybrid - Arc-Enabled SQL Server"",""Data: SQL Modernization to Azure SQL DB (PaaS)"",""Data: SQL VM Migrations (IaaS)"",""Data: Oracle to Azure SQL Migration"",""Data: SQL Modernization to Managed Instance (PaaS)""})), $ Linux Pipe Last Week -> M_SLG_Migration + CALCULATE([$ ACR Pipe Last Week],FILTER(SLG_EDU_MigrationPipe,SLG_EDU_MigrationPipe[Workload] in {""Infra: Linux"",""Infra: Linux (RedHat)""})), $ Windows GPC Pipe Last Week -> M_SLG_Migration + CALCULATE([$ ACR Pipe Last Week],FILTER(SLG_EDU_MigrationPipe,SLG_EDU_MigrationPipe[Workload] in {""Infra: Windows"",""Infra: Mainframe Migration""}))","The name clearly indicates that this measure calculates the total migration pipeline for the last week, which aligns with the context provided.","The name accurately reflects the calculation described in the context, which aggregates multiple workload-specific pipeline measures for the last week.",There are no problematic abbreviations in the measure name. '$' is a standard symbol for monetary values and is clear in this context.,1.6999999999999997,1.6999999999999997,1.0,0.2,0.2,0.2,0.2,0.3,0.3,0.2,0.2,0.4,0.4,0.4,0.4,4,GREEN,#00FF00
M_SLG_Migration,$ Total Migration Committed Pipe Last Week,"CALCULATE([$ Total Migration Pipe Last Week],SLG_EDU_MigrationPipe[CommitmentRecommendation]=""Committed"")",,good,No,,No,,Yes,$ total migration pipe last week,Yes,,"$ Total Migration Committed Pipe Last Week -> M_SLG_Migration + CALCULATE([$ Total Migration Pipe Last Week],SLG_EDU_MigrationPipe[CommitmentRecommendation]=""Committed"") | REFERENCES: $ Total Migration Pipe Last Week -> M_SLG_Migration + [$ AVD Pipe Last Week] + [$ AVS Pipe Last Week] + [$ Linux Pipe Last Week] + [$ Azure SQL Pipe Last Week] + [$ Windows GPC Pipe Last Week]","The name indicates that this measure calculates the committed migration pipeline for the last week, which is clear given the context.","The name reflects the calculation described in the context, which filters the total migration pipeline for 'Committed' recommendations.",There are no problematic abbreviations in the measure name. '$' is a standard symbol for monetary values and is clear in this context.,1.6999999999999997,1.6999999999999997,1.0,0.2,0.2,0.2,0.2,0.3,0.3,0.2,0.2,0.4,0.4,0.4,0.4,4,GREEN,#00FF00
M_SLG_Migration,$ Total Migration Pipe WoW Change,[$ Total Migration Pipe] - [$ Total Migration Pipe Last Week],,warning,No,,No,,Yes,"$ total migration pipe, $ total migration pipe last week",No,,"$ Total Migration Pipe WoW Change -> M_SLG_Migration + [$ Total Migration Pipe] - [$ Total Migration Pipe Last Week] | REFERENCES: $ Total Migration Pipe -> M_SLG_Migration + [$ AVD Pipe] + [$ AVS Pipe] + [$ Linux Pipe] + [$ Azure SQL Pipe] + [$ Windows GPC Pipe], $ Total Migration Pipe Last Week -> M_SLG_Migration + [$ AVD Pipe Last Week] + [$ AVS Pipe Last Week] + [$ Linux Pipe Last Week] + [$ Azure SQL Pipe Last Week] + [$ Windows GPC Pipe Last Week]","The name indicates that this measure calculates the week-over-week change in the total migration pipeline, which is clear given the context.","The name reflects the calculation described in the context, which calculates the difference between the current week's total migration pipeline and the previous week's.",There are no problematic abbreviations in the measure name. '$' is a standard symbol for monetary values and 'WoW' is a common abbreviation for 'Week-over-Week'.,1.4,1.6999999999999997,0.823529411764706,0.2,0.2,0.2,0.2,0.0,0.3,0.2,0.2,0.4,0.4,0.4,0.4,3,YELLOW,#FFFF00
M_SLG_Migration,$ Total Migration Committed Pipe WoW Change,[$ Total Migration Committed Pipe] - [$ Total Migration Committed Pipe Last Week],,warning,No,,No,,Yes,"$ total migration committed pipe, $ total migration committed pipe last week",No,,"$ Total Migration Committed Pipe WoW Change -> M_SLG_Migration + [$ Total Migration Committed Pipe] - [$ Total Migration Committed Pipe Last Week] | REFERENCES: $ Total Migration Committed Pipe -> M_SLG_Migration + CALCULATE([$ Total Migration Pipe],SLG_EDU_MigrationPipe[CommitmentRecommendation]=""Committed""), $ Total Migration Committed Pipe Last Week -> M_SLG_Migration + CALCULATE([$ Total Migration Pipe Last Week],SLG_EDU_MigrationPipe[CommitmentRecommendation]=""Committed"")","The name indicates that this measure calculates the week-over-week change in the committed migration pipeline, which is clear given the context.","The name reflects the calculation described in the context, which calculates the difference between the current week's committed migration pipeline and the previous week's.",There are no problematic abbreviations in the measure name. '$' is a standard symbol for monetary values and 'WoW' is a common abbreviation for 'Week-over-Week'.,1.4,1.6999999999999997,0.823529411764706,0.2,0.2,0.2,0.2,0.0,0.3,0.2,0.2,0.4,0.4,0.4,0.4,3,YELLOW,#FFFF00
M_SLG_Migration,# AMMP Opps,"CALCULATE([# Migration Opportunities],SLG_EDU_MigrationPipe[AMMP_Opportunity]=""Y"")",,critical,No,,No,,Yes,# migration opportunities,No,,"# AMMP Opps -> M_SLG_Migration + CALCULATE([# Migration Opportunities],SLG_EDU_MigrationPipe[AMMP_Opportunity]=""Y"") | REFERENCES: # Migration Opportunities -> M_SLG_Migration + DISTINCTCOUNT(SLG_EDU_MigrationPipe[OpportunityNumber])",The name is not self-explanatory as 'AMMP Opps' is unclear without the context provided.,"The name reflects the calculation described in the context, which counts migration opportunities marked as 'AMMP_Opportunity'.",The abbreviation 'AMMP' is cryptic and not widely understood without additional context.,0.8,1.6999999999999997,0.47058823529411775,0.2,0.2,0.2,0.2,0.0,0.3,0.0,0.2,0.4,0.4,0.0,0.4,1,RED,#FF0000
M_SLG_Migration,# Target Accounts,DISTINCTCOUNT(SLG_MigrationECIDs[TPID]),,warning,No,,No,,No,,No,,# Target Accounts -> M_SLG_Migration + DISTINCTCOUNT(SLG_MigrationECIDs[TPID]),The name is self-explanatory as it clearly indicates that the measure counts target accounts.,"The name reflects the calculation described in the context, which counts distinct TPIDs in the migration table.",There are no problematic abbreviations in the measure name. '#' is a common abbreviation for 'Number of'.,1.4,1.6999999999999997,0.823529411764706,0.2,0.2,0.2,0.2,0.0,0.3,0.2,0.2,0.4,0.4,0.4,0.4,3,YELLOW,#FFFF00
M_SLG_Migration,# SA Opps,"CALCULATE([# Migration Opportunities],SLG_EDU_MigrationPipe[SA_Opportunity]=""Y"")",,critical,No,,No,,Yes,# migration opportunities,No,,"# SA Opps -> M_SLG_Migration + CALCULATE([# Migration Opportunities],SLG_EDU_MigrationPipe[SA_Opportunity]=""Y"") | REFERENCES: # Migration Opportunities -> M_SLG_Migration + DISTINCTCOUNT(SLG_EDU_MigrationPipe[OpportunityNumber])",The name is not self-explanatory as 'SA Opps' is unclear without the context provided.,"The name reflects the calculation described in the context, which counts migration opportunities marked as 'SA_Opportunity'.",The abbreviation 'SA' is cryptic and not widely understood without additional context.,0.8,1.6999999999999997,0.47058823529411775,0.2,0.2,0.2,0.2,0.0,0.3,0.0,0.2,0.4,0.4,0.0,0.4,1,RED,#FF0000
M_SLG_Migration,# Migration Milestones,COUNT(MigrationMilestoneDetails[MilestoneNumber]),,warning,No,,No,,No,,No,,# Migration Milestones -> M_SLG_Migration + COUNT(MigrationMilestoneDetails[MilestoneNumber]),The name is self-explanatory as it clearly indicates that the measure counts migration milestones.,"The name reflects the calculation described in the context, which counts milestone numbers in the migration milestone details table.",There are no problematic abbreviations in the measure name. '#' is a common abbreviation for 'Number of'.,1.4,1.6999999999999997,0.823529411764706,0.2,0.2,0.2,0.2,0.0,0.3,0.2,0.2,0.4,0.4,0.4,0.4,3,YELLOW,#FFFF00
M_Defender,$ Servers ACR,"CALCULATE(M_ACR[$ ACR],FILTER('Distinct ServiceLevel4','Distinct ServiceLevel4'[ServiceLevel2]=""Virtual Machines""))",,good,No,,Yes,$ acr,Yes,$ acr,Yes,"Please use unqualified measures references i.e., [Measure Name] instead of Fully Qualified reference i.e., Table[MeasureName] or 'Table'[MeasureName]. Referenced measures: $ acr","$ Servers ACR -> M_Defender + CALCULATE(M_ACR[$ ACR],FILTER('Distinct ServiceLevel4','Distinct ServiceLevel4'[ServiceLevel2]=""Virtual Machines"")) | REFERENCES: $ ACR -> M_ACR + VAR CY = SUM(ACR_CY[AzureConsumedRevenue])
VAR PY = SUM(ACR_PY[AzureConsumedRevenue])
VAR A = CY + PY
VAR S = IF(ISFILTERED(DimCustomer[TPAccountName]),BLANK(),SUM(ACR_Summarized[AzureConsumedRevenue]))
VAR SelectedView = SELECTEDVALUE(DimViewType[ViewType])
RETURN
SWITCH(SelectedView,""Non-Curated"",S,A)",The name is self-explanatory as it indicates the measure calculates Azure Consumed Revenue (ACR) for servers.,"The name reflects the calculation described in the context, which calculates ACR for virtual machines.",There are no problematic abbreviations in the measure name. '$' is a standard symbol for monetary values and 'ACR' is a well-known abbreviation for Azure Consumed Revenue.,1.5,1.6999999999999997,0.8823529411764707,0.0,0.2,0.2,0.2,0.3,0.3,0.2,0.2,0.4,0.4,0.4,0.4,4,GREEN,#00FF00
M_Defender,$ Defender for Servers ACR,"CALCULATE([$ ACR],'Distinct ServiceLevel4'[ServiceLevel4]=""Microsoft Defender for Servers"")",,good,No,,No,,Yes,$ acr,Yes,,"$ Defender for Servers ACR -> M_Defender + CALCULATE([$ ACR],'Distinct ServiceLevel4'[ServiceLevel4]=""Microsoft Defender for Servers"") | REFERENCES: $ ACR -> M_ACR + VAR CY = SUM(ACR_CY[AzureConsumedRevenue])
VAR PY = SUM(ACR_PY[AzureConsumedRevenue])
VAR A = CY + PY
VAR S = IF(ISFILTERED(DimCustomer[TPAccountName]),BLANK(),SUM(ACR_Summarized[AzureConsumedRevenue]))
VAR SelectedView = SELECTEDVALUE(DimViewType[ViewType])
RETURN
SWITCH(SelectedView,""Non-Curated"",S,A)",The name is self-explanatory as it indicates the measure calculates Azure Consumed Revenue (ACR) for Microsoft Defender for Servers.,"The name reflects the calculation described in the context, which calculates ACR for Microsoft Defender for Servers.",There are no problematic abbreviations in the measure name. '$' is a standard symbol for monetary values and 'ACR' is a well-known abbreviation for Azure Consumed Revenue.,1.6999999999999997,1.6999999999999997,1.0,0.2,0.2,0.2,0.2,0.3,0.3,0.2,0.2,0.4,0.4,0.4,0.4,4,GREEN,#00FF00
M_Defender,% Defender for Servers ACR of Total Servers ACR,"VAR Defender = [$ Servers ACR] * 0.08
RETURN
DIVIDE(M_Defender[$ Defender for Servers ACR] , [$ Servers ACR])",,issue,No,,Yes,$ defender for servers acr,Yes,"$ defender for servers acr, $ servers acr",No,"Please use unqualified measures references i.e., [Measure Name] instead of Fully Qualified reference i.e., Table[MeasureName] or 'Table'[MeasureName]. Referenced measures: $ defender for servers acr","% Defender for Servers ACR of Total Servers ACR -> M_Defender + VAR Defender = [$ Servers ACR] * 0.08
RETURN
DIVIDE(M_Defender[$ Defender for Servers ACR] , [$ Servers ACR]) | REFERENCES: $ Defender for Servers ACR -> M_Defender + CALCULATE([$ ACR],'Distinct ServiceLevel4'[ServiceLevel4]=""Microsoft Defender for Servers""), $ Servers ACR -> M_Defender + CALCULATE(M_ACR[$ ACR],FILTER('Distinct ServiceLevel4','Distinct ServiceLevel4'[ServiceLevel2]=""Virtual Machines""))",The name is self-explanatory as it indicates the measure calculates the percentage of Defender for Servers ACR relative to total servers ACR.,"The name reflects the calculation described in the context, which divides Defender for Servers ACR by total servers ACR.",There are no problematic abbreviations in the measure name. '%' is universally understood as percentage and 'ACR' is a well-known abbreviation for Azure Consumed Revenue.,1.2000000000000002,1.6999999999999997,0.7058823529411767,0.0,0.2,0.2,0.2,0.0,0.3,0.2,0.2,0.4,0.4,0.4,0.4,2,ORANGE,#FFA500
M_Defender,$ Defender for Storage ACR,"CALCULATE([$ ACR],'Distinct ServiceLevel4'[ServiceLevel4] in {""Microsoft Defender for Storage"",""Microsoft Defender for Storage Malware Scanning""})",,good,No,,No,,Yes,$ acr,Yes,,"$ Defender for Storage ACR -> M_Defender + CALCULATE([$ ACR],'Distinct ServiceLevel4'[ServiceLevel4] in {""Microsoft Defender for Storage"",""Microsoft Defender for Storage Malware Scanning""}) | REFERENCES: $ ACR -> M_ACR + VAR CY = SUM(ACR_CY[AzureConsumedRevenue])
VAR PY = SUM(ACR_PY[AzureConsumedRevenue])
VAR A = CY + PY
VAR S = IF(ISFILTERED(DimCustomer[TPAccountName]),BLANK(),SUM(ACR_Summarized[AzureConsumedRevenue]))
VAR SelectedView = SELECTEDVALUE(DimViewType[ViewType])
RETURN
SWITCH(SelectedView,""Non-Curated"",S,A)",The name is self-explanatory as it indicates the measure calculates Azure Consumed Revenue (ACR) for Microsoft Defender for Storage.,"The name reflects the calculation described in the context, which calculates ACR for Microsoft Defender for Storage.",There are no problematic abbreviations in the measure name. '$' is a standard symbol for monetary values and 'ACR' is a well-known abbreviation for Azure Consumed Revenue.,1.6999999999999997,1.6999999999999997,1.0,0.2,0.2,0.2,0.2,0.3,0.3,0.2,0.2,0.4,0.4,0.4,0.4,4,GREEN,#00FF00
M_Defender,$ Defender for CSPM ACR,"CALCULATE([$ ACR],'Distinct ServiceLevel4'[ServiceLevel4]=""Microsoft Defender CSPM"")",,good,No,,No,,Yes,$ acr,Yes,,"$ Defender for CSPM ACR -> M_Defender + CALCULATE([$ ACR],'Distinct ServiceLevel4'[ServiceLevel4]=""Microsoft Defender CSPM"") | REFERENCES: $ ACR -> M_ACR + VAR CY = SUM(ACR_CY[AzureConsumedRevenue])
VAR PY = SUM(ACR_PY[AzureConsumedRevenue])
VAR A = CY + PY
VAR S = IF(ISFILTERED(DimCustomer[TPAccountName]),BLANK(),SUM(ACR_Summarized[AzureConsumedRevenue]))
VAR SelectedView = SELECTEDVALUE(DimViewType[ViewType])
RETURN
SWITCH(SelectedView,""Non-Curated"",S,A)",The name is self-explanatory as it indicates the measure calculates Azure Consumed Revenue (ACR) for Microsoft Defender CSPM.,"The name reflects the calculation described in the context, which calculates ACR for Microsoft Defender CSPM.",There are no problematic abbreviations in the measure name. '$' is a standard symbol for monetary values and 'ACR' is a well-known abbreviation for Azure Consumed Revenue.,1.6999999999999997,1.6999999999999997,1.0,0.2,0.2,0.2,0.2,0.3,0.3,0.2,0.2,0.4,0.4,0.4,0.4,4,GREEN,#00FF00
M_Defender,$ Defender for App Service ACR,"CALCULATE([$ ACR],'Distinct ServiceLevel4'[ServiceLevel4]=""Microsoft Defender for App Service"")",,good,No,,No,,Yes,$ acr,Yes,,"$ Defender for App Service ACR -> M_Defender + CALCULATE([$ ACR],'Distinct ServiceLevel4'[ServiceLevel4]=""Microsoft Defender for App Service"") | REFERENCES: $ ACR -> M_ACR + VAR CY = SUM(ACR_CY[AzureConsumedRevenue])
VAR PY = SUM(ACR_PY[AzureConsumedRevenue])
VAR A = CY + PY
VAR S = IF(ISFILTERED(DimCustomer[TPAccountName]),BLANK(),SUM(ACR_Summarized[AzureConsumedRevenue]))
VAR SelectedView = SELECTEDVALUE(DimViewType[ViewType])
RETURN
SWITCH(SelectedView,""Non-Curated"",S,A)",The name is self-explanatory as it indicates the measure calculates Azure Consumed Revenue (ACR) for Microsoft Defender for App Service.,"The name reflects the calculation described in the context, which calculates ACR for Microsoft Defender for App Service.",There are no problematic abbreviations in the measure name. '$' is a standard symbol for monetary values and 'ACR' is a well-known abbreviation for Azure Consumed Revenue.,1.6999999999999997,1.6999999999999997,1.0,0.2,0.2,0.2,0.2,0.3,0.3,0.2,0.2,0.4,0.4,0.4,0.4,4,GREEN,#00FF00
M_Defender,$ Defender for Containers ACR,"CALCULATE([$ ACR],'Distinct ServiceLevel4'[ServiceLevel4] in {""Microsoft Defender for Container Registries"",""Microsoft Defender for Containers"",""Microsoft Defender for Kubernetes""})",,good,No,,No,,Yes,$ acr,Yes,,"$ Defender for Containers ACR -> M_Defender + CALCULATE([$ ACR],'Distinct ServiceLevel4'[ServiceLevel4] in {""Microsoft Defender for Container Registries"",""Microsoft Defender for Containers"",""Microsoft Defender for Kubernetes""}) | REFERENCES: $ ACR -> M_ACR + VAR CY = SUM(ACR_CY[AzureConsumedRevenue])
VAR PY = SUM(ACR_PY[AzureConsumedRevenue])
VAR A = CY + PY
VAR S = IF(ISFILTERED(DimCustomer[TPAccountName]),BLANK(),SUM(ACR_Summarized[AzureConsumedRevenue]))
VAR SelectedView = SELECTEDVALUE(DimViewType[ViewType])
RETURN
SWITCH(SelectedView,""Non-Curated"",S,A)",The name is self-explanatory as it indicates the measure calculates Azure Consumed Revenue (ACR) for Microsoft Defender for Containers.,"The name reflects the calculation described in the context, which calculates ACR for Microsoft Defender for Containers.",There are no problematic abbreviations in the measure name. '$' is a standard symbol for monetary values and 'ACR' is a well-known abbreviation for Azure Consumed Revenue.,1.6999999999999997,1.6999999999999997,1.0,0.2,0.2,0.2,0.2,0.3,0.3,0.2,0.2,0.4,0.4,0.4,0.4,4,GREEN,#00FF00
M_Defender,$ Defender for SQL ACR,"CALCULATE([$ ACR],'Distinct ServiceLevel4'[ServiceLevel4]=""Microsoft Defender for SQL"")",,good,No,,No,,Yes,$ acr,Yes,,"$ Defender for SQL ACR -> M_Defender + CALCULATE([$ ACR],'Distinct ServiceLevel4'[ServiceLevel4]=""Microsoft Defender for SQL"") | REFERENCES: $ ACR -> M_ACR + VAR CY = SUM(ACR_CY[AzureConsumedRevenue])
VAR PY = SUM(ACR_PY[AzureConsumedRevenue])
VAR A = CY + PY
VAR S = IF(ISFILTERED(DimCustomer[TPAccountName]),BLANK(),SUM(ACR_Summarized[AzureConsumedRevenue]))
VAR SelectedView = SELECTEDVALUE(DimViewType[ViewType])
RETURN
SWITCH(SelectedView,""Non-Curated"",S,A)","The measure name clearly indicates that it calculates the Azure Consumed Revenue (ACR) for Microsoft Defender for SQL, making it self-explanatory.","The name accurately reflects the calculation described in the context, which is the ACR for Microsoft Defender for SQL.",There are no problematic abbreviations in the measure name. '$' and 'ACR' are standard abbreviations in this business context.,1.6999999999999997,1.6999999999999997,1.0,0.2,0.2,0.2,0.2,0.3,0.3,0.2,0.2,0.4,0.4,0.4,0.4,4,GREEN,#00FF00
M_Defender,$ Defender for OSS DBs ACR,"CALCULATE([$ ACR],'Distinct ServiceLevel4'[ServiceLevel4] in {""Microsoft Defender for MariaDB"",""Microsoft Defender for MySQL"",""Microsoft Defender for PostgreSQL""})",,good,No,,No,,Yes,$ acr,Yes,,"$ Defender for OSS DBs ACR -> M_Defender + CALCULATE([$ ACR],'Distinct ServiceLevel4'[ServiceLevel4] in {""Microsoft Defender for MariaDB"",""Microsoft Defender for MySQL"",""Microsoft Defender for PostgreSQL""}) | REFERENCES: $ ACR -> M_ACR + VAR CY = SUM(ACR_CY[AzureConsumedRevenue])
VAR PY = SUM(ACR_PY[AzureConsumedRevenue])
VAR A = CY + PY
VAR S = IF(ISFILTERED(DimCustomer[TPAccountName]),BLANK(),SUM(ACR_Summarized[AzureConsumedRevenue]))
VAR SelectedView = SELECTEDVALUE(DimViewType[ViewType])
RETURN
SWITCH(SelectedView,""Non-Curated"",S,A)","The measure name clearly indicates that it calculates the Azure Consumed Revenue (ACR) for Microsoft Defender for open-source databases (MariaDB, MySQL, PostgreSQL), making it self-explanatory.","The name accurately reflects the calculation described in the context, which is the ACR for Microsoft Defender for OSS databases.",There are no problematic abbreviations in the measure name. '$' and 'ACR' are standard abbreviations in this business context.,1.6999999999999997,1.6999999999999997,1.0,0.2,0.2,0.2,0.2,0.3,0.3,0.2,0.2,0.4,0.4,0.4,0.4,4,GREEN,#00FF00
M_Defender,$ Defender for Cosmos DB ACR,"CALCULATE([$ ACR],'Distinct ServiceLevel4'[ServiceLevel4]=""Microsoft Defender for Azure Cosmos DB"")",,good,No,,No,,Yes,$ acr,Yes,,"$ Defender for Cosmos DB ACR -> M_Defender + CALCULATE([$ ACR],'Distinct ServiceLevel4'[ServiceLevel4]=""Microsoft Defender for Azure Cosmos DB"") | REFERENCES: $ ACR -> M_ACR + VAR CY = SUM(ACR_CY[AzureConsumedRevenue])
VAR PY = SUM(ACR_PY[AzureConsumedRevenue])
VAR A = CY + PY
VAR S = IF(ISFILTERED(DimCustomer[TPAccountName]),BLANK(),SUM(ACR_Summarized[AzureConsumedRevenue]))
VAR SelectedView = SELECTEDVALUE(DimViewType[ViewType])
RETURN
SWITCH(SelectedView,""Non-Curated"",S,A)","The measure name clearly indicates that it calculates the Azure Consumed Revenue (ACR) for Microsoft Defender for Cosmos DB, making it self-explanatory.","The name accurately reflects the calculation described in the context, which is the ACR for Microsoft Defender for Cosmos DB.",There are no problematic abbreviations in the measure name. '$' and 'ACR' are standard abbreviations in this business context.,1.6999999999999997,1.6999999999999997,1.0,0.2,0.2,0.2,0.2,0.3,0.3,0.2,0.2,0.4,0.4,0.4,0.4,4,GREEN,#00FF00
M_Defender,$ Defender for APIM ACR,"CALCULATE([$ ACR],'Distinct ServiceLevel4'[ServiceLevel4]=""Defender for APIs"")",,good,No,,No,,Yes,$ acr,Yes,,"$ Defender for APIM ACR -> M_Defender + CALCULATE([$ ACR],'Distinct ServiceLevel4'[ServiceLevel4]=""Defender for APIs"") | REFERENCES: $ ACR -> M_ACR + VAR CY = SUM(ACR_CY[AzureConsumedRevenue])
VAR PY = SUM(ACR_PY[AzureConsumedRevenue])
VAR A = CY + PY
VAR S = IF(ISFILTERED(DimCustomer[TPAccountName]),BLANK(),SUM(ACR_Summarized[AzureConsumedRevenue]))
VAR SelectedView = SELECTEDVALUE(DimViewType[ViewType])
RETURN
SWITCH(SelectedView,""Non-Curated"",S,A)","The measure name clearly indicates that it calculates the Azure Consumed Revenue (ACR) for Defender for APIs, making it self-explanatory.","The name accurately reflects the calculation described in the context, which is the ACR for Defender for APIs.",There are no problematic abbreviations in the measure name. '$' and 'ACR' are standard abbreviations in this business context.,1.6999999999999997,1.6999999999999997,1.0,0.2,0.2,0.2,0.2,0.3,0.3,0.2,0.2,0.4,0.4,0.4,0.4,4,GREEN,#00FF00
M_Defender,$ Storage ACR,"CALCULATE(M_ACR[$ ACR],'Distinct ServiceLevel4'[ServiceLevel4] in {""Blob Features""
,""Blob Storage""
,""General Block Blob""
,""General Block Blob v2""
,""General Block Blob v2 Hierarchical Namespace""
,""Premium Block Blob""
,""Premium Block Blob v2 Hierarchical Namespace""
,""Premium Page Blob""
,""Standard Page Blob""
,""Standard Page Blob v2""
,""Azure Data Lake Storage Gen2 Flat Namespace""
,""Files""
,""Files v2""
,""Premium Files""
,""Azure Data Lake Storage Gen2 Hierarchical Namespace""})",,good,No,,Yes,$ acr,Yes,$ acr,Yes,"Please use unqualified measures references i.e., [Measure Name] instead of Fully Qualified reference i.e., Table[MeasureName] or 'Table'[MeasureName]. Referenced measures: $ acr","$ Storage ACR -> M_Defender + CALCULATE(M_ACR[$ ACR],'Distinct ServiceLevel4'[ServiceLevel4] in {""Blob Features""
,""Blob Storage""
,""General Block Blob""
,""General Block Blob v2""
,""General Block Blob v2 Hierarchical Namespace""
,""Premium Block Blob""
,""Premium Block Blob v2 Hierarchical Namespace""
,""Premium Page Blob""
,""Standard Page Blob""
,""Standard Page Blob v2""
,""Azure Data Lake Storage Gen2 Flat Namespace""
,""Files""
,""Files v2""
,""Premium Files""
,""Azure Data Lake Storage Gen2 Hierarchical Namespace""}) | REFERENCES: $ ACR -> M_ACR + VAR CY = SUM(ACR_CY[AzureConsumedRevenue])
VAR PY = SUM(ACR_PY[AzureConsumedRevenue])
VAR A = CY + PY
VAR S = IF(ISFILTERED(DimCustomer[TPAccountName]),BLANK(),SUM(ACR_Summarized[AzureConsumedRevenue]))
VAR SelectedView = SELECTEDVALUE(DimViewType[ViewType])
RETURN
SWITCH(SelectedView,""Non-Curated"",S,A)","The measure name clearly indicates that it calculates the Azure Consumed Revenue (ACR) for storage services, making it self-explanatory.","The name accurately reflects the calculation described in the context, which is the ACR for various storage services.",There are no problematic abbreviations in the measure name. '$' and 'ACR' are standard abbreviations in this business context.,1.5,1.6999999999999997,0.8823529411764707,0.0,0.2,0.2,0.2,0.3,0.3,0.2,0.2,0.4,0.4,0.4,0.4,4,GREEN,#00FF00
M_Defender,$ Containers ACR,"VAR A = CALCULATE(M_ACR[$ ACR],FILTER('Distinct ServiceLevel4','Distinct ServiceLevel4'[ServiceLevel2] in {""Azure Kubernetes Service"",""AKS on Azure Stack HCI"",""Container Registry""}))
VAR B = CALCULATE(M_ACR[$ ACR],FILTER('Distinct ServiceLevel4','Distinct ServiceLevel4'[ServiceLevel2] in {""Virtual Machines"",""Virtual Machines Licenses""}),FILTER('Distinct ServiceInfluencer','Distinct ServiceInfluencer'[ServiceInfluencer]=""AZURE RED HAT OPENSHIFT""))
RETURN
A + B",,good,No,,Yes,$ acr,Yes,$ acr,Yes,"Please use unqualified measures references i.e., [Measure Name] instead of Fully Qualified reference i.e., Table[MeasureName] or 'Table'[MeasureName]. Referenced measures: $ acr","$ Containers ACR -> M_Defender + VAR A = CALCULATE(M_ACR[$ ACR],FILTER('Distinct ServiceLevel4','Distinct ServiceLevel4'[ServiceLevel2] in {""Azure Kubernetes Service"",""AKS on Azure Stack HCI"",""Container Registry""}))
VAR B = CALCULATE(M_ACR[$ ACR],FILTER('Distinct ServiceLevel4','Distinct ServiceLevel4'[ServiceLevel2] in {""Virtual Machines"",""Virtual Machines Licenses""}),FILTER('Distinct ServiceInfluencer','Distinct ServiceInfluencer'[ServiceInfluencer]=""AZURE RED HAT OPENSHIFT""))
RETURN
A + B | REFERENCES: $ ACR -> M_ACR + VAR CY = SUM(ACR_CY[AzureConsumedRevenue])
VAR PY = SUM(ACR_PY[AzureConsumedRevenue])
VAR A = CY + PY
VAR S = IF(ISFILTERED(DimCustomer[TPAccountName]),BLANK(),SUM(ACR_Summarized[AzureConsumedRevenue]))
VAR SelectedView = SELECTEDVALUE(DimViewType[ViewType])
RETURN
SWITCH(SelectedView,""Non-Curated"",S,A)","The measure name clearly indicates that it calculates the Azure Consumed Revenue (ACR) for container-related services, making it self-explanatory.","The name accurately reflects the calculation described in the context, which is the ACR for container-related services.",There are no problematic abbreviations in the measure name. '$' and 'ACR' are standard abbreviations in this business context.,1.5,1.6999999999999997,0.8823529411764707,0.0,0.2,0.2,0.2,0.3,0.3,0.2,0.2,0.4,0.4,0.4,0.4,4,GREEN,#00FF00
M_Defender,$ App Service ACR,"CALCULATE(M_ACR[$ ACR],FILTER('Distinct ServiceLevel4','Distinct ServiceLevel4'[ServiceLevel2]=""Azure App Service""))",,good,No,,Yes,$ acr,Yes,$ acr,Yes,"Please use unqualified measures references i.e., [Measure Name] instead of Fully Qualified reference i.e., Table[MeasureName] or 'Table'[MeasureName]. Referenced measures: $ acr","$ App Service ACR -> M_Defender + CALCULATE(M_ACR[$ ACR],FILTER('Distinct ServiceLevel4','Distinct ServiceLevel4'[ServiceLevel2]=""Azure App Service"")) | REFERENCES: $ ACR -> M_ACR + VAR CY = SUM(ACR_CY[AzureConsumedRevenue])
VAR PY = SUM(ACR_PY[AzureConsumedRevenue])
VAR A = CY + PY
VAR S = IF(ISFILTERED(DimCustomer[TPAccountName]),BLANK(),SUM(ACR_Summarized[AzureConsumedRevenue]))
VAR SelectedView = SELECTEDVALUE(DimViewType[ViewType])
RETURN
SWITCH(SelectedView,""Non-Curated"",S,A)","The measure name clearly indicates that it calculates the Azure Consumed Revenue (ACR) for Azure App Service, making it self-explanatory.","The name accurately reflects the calculation described in the context, which is the ACR for Azure App Service.",There are no problematic abbreviations in the measure name. '$' and 'ACR' are standard abbreviations in this business context.,1.5,1.6999999999999997,0.8823529411764707,0.0,0.2,0.2,0.2,0.3,0.3,0.2,0.2,0.4,0.4,0.4,0.4,4,GREEN,#00FF00
M_Defender,$ SQL DBs ACR,"CALCULATE(M_ACR[$ ACR],FILTER('Distinct ServiceLevel4','Distinct ServiceLevel4'[ServiceLevel2] in {""SQL Database"",""SQL Managed Instance""}))",,good,No,,Yes,$ acr,Yes,$ acr,Yes,"Please use unqualified measures references i.e., [Measure Name] instead of Fully Qualified reference i.e., Table[MeasureName] or 'Table'[MeasureName]. Referenced measures: $ acr","$ SQL DBs ACR -> M_Defender + CALCULATE(M_ACR[$ ACR],FILTER('Distinct ServiceLevel4','Distinct ServiceLevel4'[ServiceLevel2] in {""SQL Database"",""SQL Managed Instance""})) | REFERENCES: $ ACR -> M_ACR + VAR CY = SUM(ACR_CY[AzureConsumedRevenue])
VAR PY = SUM(ACR_PY[AzureConsumedRevenue])
VAR A = CY + PY
VAR S = IF(ISFILTERED(DimCustomer[TPAccountName]),BLANK(),SUM(ACR_Summarized[AzureConsumedRevenue]))
VAR SelectedView = SELECTEDVALUE(DimViewType[ViewType])
RETURN
SWITCH(SelectedView,""Non-Curated"",S,A)","The measure name clearly indicates that it calculates the Azure Consumed Revenue (ACR) for SQL databases, making it self-explanatory.","The name accurately reflects the calculation described in the context, which is the ACR for SQL databases.",There are no problematic abbreviations in the measure name. '$' and 'ACR' are standard abbreviations in this business context.,1.5,1.6999999999999997,0.8823529411764707,0.0,0.2,0.2,0.2,0.3,0.3,0.2,0.2,0.4,0.4,0.4,0.4,4,GREEN,#00FF00
M_Defender,$ CSPM ACR,"CALCULATE(M_ACR[$ ACR],FILTER('Distinct ServiceLevel4','Distinct ServiceLevel4'[ServiceLevel2] in {""SQL Database"",""SQL Managed Instance"",""Virtual Machines"",""Storage"",""Azure Database for MariaDB"",""Azure Database for MySQL"",""Azure Database for PostgreSQL"",""Azure Synapse Analytics""}), NOT 'Distinct ServiceLevel4'[ServiceLevel4] in {""Blob Features""
,""Blob Storage""
,""General Block Blob""
,""General Block Blob v2""
,""General Block Blob v2 Hierarchical Namespace""
,""Premium Block Blob""
,""Premium Block Blob v2 Hierarchical Namespace""
,""Premium Page Blob""
,""Standard Page Blob""
,""Standard Page Blob v2""
,""Azure Data Lake Storage Gen2 Flat Namespace""
,""Files""
,""Files v2""
,""Premium Files""
,""Azure Data Lake Storage Gen2 Hierarchical Namespace""})",,critical,No,,Yes,$ acr,Yes,$ acr,Yes,"Please use unqualified measures references i.e., [Measure Name] instead of Fully Qualified reference i.e., Table[MeasureName] or 'Table'[MeasureName]. Referenced measures: $ acr","$ CSPM ACR -> M_Defender + CALCULATE(M_ACR[$ ACR],FILTER('Distinct ServiceLevel4','Distinct ServiceLevel4'[ServiceLevel2] in {""SQL Database"",""SQL Managed Instance"",""Virtual Machines"",""Storage"",""Azure Database for MariaDB"",""Azure Database for MySQL"",""Azure Database for PostgreSQL"",""Azure Synapse Analytics""}), NOT 'Distinct ServiceLevel4'[ServiceLevel4] in {""Blob Features""
,""Blob Storage""
,""General Block Blob""
,""General Block Blob v2""
,""General Block Blob v2 Hierarchical Namespace""
,""Premium Block Blob""
,""Premium Block Blob v2 Hierarchical Namespace""
,""Premium Page Blob""
,""Standard Page Blob""
,""Standard Page Blob v2""
,""Azure Data Lake Storage Gen2 Flat Namespace""
,""Files""
,""Files v2""
,""Premium Files""
,""Azure Data Lake Storage Gen2 Hierarchical Namespace""}) | REFERENCES: $ ACR -> M_ACR + VAR CY = SUM(ACR_CY[AzureConsumedRevenue])
VAR PY = SUM(ACR_PY[AzureConsumedRevenue])
VAR A = CY + PY
VAR S = IF(ISFILTERED(DimCustomer[TPAccountName]),BLANK(),SUM(ACR_Summarized[AzureConsumedRevenue]))
VAR SelectedView = SELECTEDVALUE(DimViewType[ViewType])
RETURN
SWITCH(SelectedView,""Non-Curated"",S,A)",The measure name does not clearly indicate its purpose without additional context. 'CSPM' is not a widely recognized term and requires explanation.,"The name does not reflect the calculation described in the context, which is the ACR for various services excluding specific storage services.","The abbreviation 'CSPM' is cryptic and not widely understood, making the name unclear.",0.5,1.6999999999999997,0.2941176470588236,0.0,0.2,0.2,0.2,0.3,0.3,0.0,0.2,0.0,0.4,0.0,0.4,1,RED,#FF0000
M_Defender,$ APIM ACR,"CALCULATE(M_ACR[$ ACR],FILTER('Distinct ServiceLevel4','Distinct ServiceLevel4'[ServiceLevel2]=""API Management""))",,good,No,,Yes,$ acr,Yes,$ acr,Yes,"Please use unqualified measures references i.e., [Measure Name] instead of Fully Qualified reference i.e., Table[MeasureName] or 'Table'[MeasureName]. Referenced measures: $ acr","$ APIM ACR -> M_Defender + CALCULATE(M_ACR[$ ACR],FILTER('Distinct ServiceLevel4','Distinct ServiceLevel4'[ServiceLevel2]=""API Management"")) | REFERENCES: $ ACR -> M_ACR + VAR CY = SUM(ACR_CY[AzureConsumedRevenue])
VAR PY = SUM(ACR_PY[AzureConsumedRevenue])
VAR A = CY + PY
VAR S = IF(ISFILTERED(DimCustomer[TPAccountName]),BLANK(),SUM(ACR_Summarized[AzureConsumedRevenue]))
VAR SelectedView = SELECTEDVALUE(DimViewType[ViewType])
RETURN
SWITCH(SelectedView,""Non-Curated"",S,A)","The measure name clearly indicates that it calculates the Azure Consumed Revenue (ACR) for API Management, making it self-explanatory.","The name accurately reflects the calculation described in the context, which is the ACR for API Management.","There are no problematic abbreviations in the measure name. '$', 'APIM', and 'ACR' are standard abbreviations in this business context.",1.5,1.6999999999999997,0.8823529411764707,0.0,0.2,0.2,0.2,0.3,0.3,0.2,0.2,0.4,0.4,0.4,0.4,4,GREEN,#00FF00
M_Defender,$ Cosmos DB ACR,"CALCULATE(M_ACR[$ ACR],FILTER('Distinct ServiceLevel4','Distinct ServiceLevel4'[ServiceLevel2]=""Azure Cosmos DB""))",,good,No,,Yes,$ acr,Yes,$ acr,Yes,"Please use unqualified measures references i.e., [Measure Name] instead of Fully Qualified reference i.e., Table[MeasureName] or 'Table'[MeasureName]. Referenced measures: $ acr","$ Cosmos DB ACR -> M_Defender + CALCULATE(M_ACR[$ ACR],FILTER('Distinct ServiceLevel4','Distinct ServiceLevel4'[ServiceLevel2]=""Azure Cosmos DB"")) | REFERENCES: $ ACR -> M_ACR + VAR CY = SUM(ACR_CY[AzureConsumedRevenue])
VAR PY = SUM(ACR_PY[AzureConsumedRevenue])
VAR A = CY + PY
VAR S = IF(ISFILTERED(DimCustomer[TPAccountName]),BLANK(),SUM(ACR_Summarized[AzureConsumedRevenue]))
VAR SelectedView = SELECTEDVALUE(DimViewType[ViewType])
RETURN
SWITCH(SelectedView,""Non-Curated"",S,A)","The measure name clearly indicates that it calculates the Azure Consumed Revenue (ACR) for Cosmos DB, making it self-explanatory.","The name accurately reflects the calculation described in the context, which is the ACR for Cosmos DB.",There are no problematic abbreviations in the measure name. '$' and 'ACR' are standard abbreviations in this business context.,1.5,1.6999999999999997,0.8823529411764707,0.0,0.2,0.2,0.2,0.3,0.3,0.2,0.2,0.4,0.4,0.4,0.4,4,GREEN,#00FF00
M_Defender,$ OSS DBs ACR,"CALCULATE(M_ACR[$ ACR],FILTER('Distinct ServiceLevel4','Distinct ServiceLevel4'[ServiceLevel2] in {""Azure Database for MariaDB"",""Azure Database for MySQL"",""Azure Database for PostgreSQL""}))",,good,No,,Yes,$ acr,Yes,$ acr,Yes,"Please use unqualified measures references i.e., [Measure Name] instead of Fully Qualified reference i.e., Table[MeasureName] or 'Table'[MeasureName]. Referenced measures: $ acr","$ OSS DBs ACR -> M_Defender + CALCULATE(M_ACR[$ ACR],FILTER('Distinct ServiceLevel4','Distinct ServiceLevel4'[ServiceLevel2] in {""Azure Database for MariaDB"",""Azure Database for MySQL"",""Azure Database for PostgreSQL""})) | REFERENCES: $ ACR -> M_ACR + VAR CY = SUM(ACR_CY[AzureConsumedRevenue])
VAR PY = SUM(ACR_PY[AzureConsumedRevenue])
VAR A = CY + PY
VAR S = IF(ISFILTERED(DimCustomer[TPAccountName]),BLANK(),SUM(ACR_Summarized[AzureConsumedRevenue]))
VAR SelectedView = SELECTEDVALUE(DimViewType[ViewType])
RETURN
SWITCH(SelectedView,""Non-Curated"",S,A)","The measure name clearly indicates that it calculates the Azure Consumed Revenue (ACR) for open-source databases, making it self-explanatory.","The name accurately reflects the calculation described in the context, which is the ACR for open-source databases.","There are no problematic abbreviations in the measure name. '$', 'OSS', and 'ACR' are standard abbreviations in this business context.",1.5,1.6999999999999997,0.8823529411764707,0.0,0.2,0.2,0.2,0.3,0.3,0.2,0.2,0.4,0.4,0.4,0.4,4,GREEN,#00FF00
M_Defender,% Defender for Containers ACR of Total Containers ACR,"VAR Defender = [$ Containers ACR] * 0.08
RETURN
DIVIDE(M_Defender[$ Defender for Containers ACR] , [$ Containers ACR])",,issue,No,,Yes,$ defender for containers acr,Yes,"$ containers acr, $ defender for containers acr",No,"Please use unqualified measures references i.e., [Measure Name] instead of Fully Qualified reference i.e., Table[MeasureName] or 'Table'[MeasureName]. Referenced measures: $ defender for containers acr","% Defender for Containers ACR of Total Containers ACR -> M_Defender + VAR Defender = [$ Containers ACR] * 0.08
RETURN
DIVIDE(M_Defender[$ Defender for Containers ACR] , [$ Containers ACR]) | REFERENCES: $ Containers ACR -> M_Defender + VAR A = CALCULATE(M_ACR[$ ACR],FILTER('Distinct ServiceLevel4','Distinct ServiceLevel4'[ServiceLevel2] in {""Azure Kubernetes Service"",""AKS on Azure Stack HCI"",""Container Registry""}))
VAR B = CALCULATE(M_ACR[$ ACR],FILTER('Distinct ServiceLevel4','Distinct ServiceLevel4'[ServiceLevel2] in {""Virtual Machines"",""Virtual Machines Licenses""}),FILTER('Distinct ServiceInfluencer','Distinct ServiceInfluencer'[ServiceInfluencer]=""AZURE RED HAT OPENSHIFT""))
RETURN
A + B, $ Defender for Containers ACR -> M_Defender + CALCULATE([$ ACR],'Distinct ServiceLevel4'[ServiceLevel4] in {""Microsoft Defender for Container Registries"",""Microsoft Defender for Containers"",""Microsoft Defender for Kubernetes""})","The measure name clearly indicates that it calculates the percentage of Defender for Containers ACR relative to Total Containers ACR, making it self-explanatory.","The name accurately reflects the calculation described in the context, which is the percentage of Defender for Containers ACR relative to Total Containers ACR.","There are no problematic abbreviations in the measure name. '%', 'ACR', and 'Containers' are standard abbreviations in this business context.",1.2000000000000002,1.6999999999999997,0.7058823529411767,0.0,0.2,0.2,0.2,0.0,0.3,0.2,0.2,0.4,0.4,0.4,0.4,2,ORANGE,#FFA500
M_Defender,% Defender for SQL ACR of Total SQL DBs ACR,"VAR Defender = [$ SQL DBs ACR] * 0.08
RETURN
DIVIDE(M_Defender[$ Defender for SQL ACR] , [$ SQL DBs ACR])",,issue,No,,Yes,$ defender for sql acr,Yes,"$ defender for sql acr, $ sql dbs acr",No,"Please use unqualified measures references i.e., [Measure Name] instead of Fully Qualified reference i.e., Table[MeasureName] or 'Table'[MeasureName]. Referenced measures: $ defender for sql acr","% Defender for SQL ACR of Total SQL DBs ACR -> M_Defender + VAR Defender = [$ SQL DBs ACR] * 0.08
RETURN
DIVIDE(M_Defender[$ Defender for SQL ACR] , [$ SQL DBs ACR]) | REFERENCES: $ Defender for SQL ACR -> M_Defender + CALCULATE([$ ACR],'Distinct ServiceLevel4'[ServiceLevel4]=""Microsoft Defender for SQL""), $ SQL DBs ACR -> M_Defender + CALCULATE(M_ACR[$ ACR],FILTER('Distinct ServiceLevel4','Distinct ServiceLevel4'[ServiceLevel2] in {""SQL Database"",""SQL Managed Instance""}))","The measure name clearly indicates that it calculates the percentage of Defender for SQL ACR relative to Total SQL DBs ACR, making it self-explanatory.","The name accurately reflects the calculation described in the context, which is the percentage of Defender for SQL ACR relative to Total SQL DBs ACR.","There are no problematic abbreviations in the measure name. '%', 'ACR', and 'SQL DBs' are standard abbreviations in this business context.",1.2000000000000002,1.6999999999999997,0.7058823529411767,0.0,0.2,0.2,0.2,0.0,0.3,0.2,0.2,0.4,0.4,0.4,0.4,2,ORANGE,#FFA500
M_Defender,% Defender for App Service ACR of Total App Service ACR,"VAR Defender = [$ App Service ACR] * 0.08
RETURN
DIVIDE(M_Defender[$ Defender for App Service ACR] , [$ App Service ACR])",,issue,No,,Yes,$ defender for app service acr,Yes,"$ app service acr, $ defender for app service acr",No,"Please use unqualified measures references i.e., [Measure Name] instead of Fully Qualified reference i.e., Table[MeasureName] or 'Table'[MeasureName]. Referenced measures: $ defender for app service acr","% Defender for App Service ACR of Total App Service ACR -> M_Defender + VAR Defender = [$ App Service ACR] * 0.08
RETURN
DIVIDE(M_Defender[$ Defender for App Service ACR] , [$ App Service ACR]) | REFERENCES: $ App Service ACR -> M_Defender + CALCULATE(M_ACR[$ ACR],FILTER('Distinct ServiceLevel4','Distinct ServiceLevel4'[ServiceLevel2]=""Azure App Service"")), $ Defender for App Service ACR -> M_Defender + CALCULATE([$ ACR],'Distinct ServiceLevel4'[ServiceLevel4]=""Microsoft Defender for App Service"")","The measure name clearly indicates that it calculates the percentage of Defender for App Service ACR relative to Total App Service ACR, making it self-explanatory.","The name accurately reflects the calculation described in the context, which is the percentage of Defender for App Service ACR relative to Total App Service ACR.","There are no problematic abbreviations in the measure name. '%', 'ACR', and 'App Service' are standard abbreviations in this business context.",1.2000000000000002,1.6999999999999997,0.7058823529411767,0.0,0.2,0.2,0.2,0.0,0.3,0.2,0.2,0.4,0.4,0.4,0.4,2,ORANGE,#FFA500
M_Defender,% Defender for APIM ACR of Total APIM ACR,"VAR Defender = [$ APIM ACR] * 0.08
RETURN
DIVIDE(M_Defender[$ Defender for APIM ACR] , [$ APIM ACR])",,issue,No,,Yes,$ defender for apim acr,Yes,"$ apim acr, $ defender for apim acr",No,"Please use unqualified measures references i.e., [Measure Name] instead of Fully Qualified reference i.e., Table[MeasureName] or 'Table'[MeasureName]. Referenced measures: $ defender for apim acr","% Defender for APIM ACR of Total APIM ACR -> M_Defender + VAR Defender = [$ APIM ACR] * 0.08
RETURN
DIVIDE(M_Defender[$ Defender for APIM ACR] , [$ APIM ACR]) | REFERENCES: $ APIM ACR -> M_Defender + CALCULATE(M_ACR[$ ACR],FILTER('Distinct ServiceLevel4','Distinct ServiceLevel4'[ServiceLevel2]=""API Management"")), $ Defender for APIM ACR -> M_Defender + CALCULATE([$ ACR],'Distinct ServiceLevel4'[ServiceLevel4]=""Defender for APIs"")","The name clearly indicates that the measure calculates the percentage of Defender for APIM ACR relative to the total APIM ACR, which aligns with the context provided.","The name accurately reflects the calculation described in the context, which is the division of Defender for APIM ACR by Total APIM ACR.","The abbreviations 'APIM' and 'ACR' are standard and widely understood in the context of Azure services, so they are not problematic.",1.2000000000000002,1.6999999999999997,0.7058823529411767,0.0,0.2,0.2,0.2,0.0,0.3,0.2,0.2,0.4,0.4,0.4,0.4,2,ORANGE,#FFA500
M_Defender,% Defender for CSPM ACR of Total CSPM ACR,"VAR Defender = [$ CSPM ACR] * 0.08
RETURN
DIVIDE(M_Defender[$ Defender for CSPM ACR] , [$ CSPM ACR])",,issue,No,,Yes,$ defender for cspm acr,Yes,"$ cspm acr, $ defender for cspm acr",No,"Please use unqualified measures references i.e., [Measure Name] instead of Fully Qualified reference i.e., Table[MeasureName] or 'Table'[MeasureName]. Referenced measures: $ defender for cspm acr","% Defender for CSPM ACR of Total CSPM ACR -> M_Defender + VAR Defender = [$ CSPM ACR] * 0.08
RETURN
DIVIDE(M_Defender[$ Defender for CSPM ACR] , [$ CSPM ACR]) | REFERENCES: $ CSPM ACR -> M_Defender + CALCULATE(M_ACR[$ ACR],FILTER('Distinct ServiceLevel4','Distinct ServiceLevel4'[ServiceLevel2] in {""SQL Database"",""SQL Managed Instance"",""Virtual Machines"",""Storage"",""Azure Database for MariaDB"",""Azure Database for MySQL"",""Azure Database for PostgreSQL"",""Azure Synapse Analytics""}), NOT 'Distinct ServiceLevel4'[ServiceLevel4] in {""Blob Features""
,""Blob Storage""
,""General Block Blob""
,""General Block Blob v2""
,""General Block Blob v2 Hierarchical Namespace""
,""Premium Block Blob""
,""Premium Block Blob v2 Hierarchical Namespace""
,""Premium Page Blob""
,""Standard Page Blob""
,""Standard Page Blob v2""
,""Azure Data Lake Storage Gen2 Flat Namespace""
,""Files""
,""Files v2""
,""Premium Files""
,""Azure Data Lake Storage Gen2 Hierarchical Namespace""}), $ Defender for CSPM ACR -> M_Defender + CALCULATE([$ ACR],'Distinct ServiceLevel4'[ServiceLevel4]=""Microsoft Defender CSPM"")","The name clearly indicates that the measure calculates the percentage of Defender for CSPM ACR relative to the total CSPM ACR, which aligns with the context provided.","The name accurately reflects the calculation described in the context, which is the division of Defender for CSPM ACR by Total CSPM ACR.","The abbreviations 'CSPM' and 'ACR' are standard and widely understood in the context of Azure services, so they are not problematic.",1.2000000000000002,1.6999999999999997,0.7058823529411767,0.0,0.2,0.2,0.2,0.0,0.3,0.2,0.2,0.4,0.4,0.4,0.4,2,ORANGE,#FFA500
M_Defender,% Defender for OSS DBs ACR of Total OSS DBs ACR,"VAR Defender = [$ OSS DBs ACR] * 0.08
RETURN
DIVIDE(M_Defender[$ Defender for OSS DBs ACR] , [$ OSS DBs ACR])",,issue,No,,Yes,$ defender for oss dbs acr,Yes,"$ defender for oss dbs acr, $ oss dbs acr",No,"Please use unqualified measures references i.e., [Measure Name] instead of Fully Qualified reference i.e., Table[MeasureName] or 'Table'[MeasureName]. Referenced measures: $ defender for oss dbs acr","% Defender for OSS DBs ACR of Total OSS DBs ACR -> M_Defender + VAR Defender = [$ OSS DBs ACR] * 0.08
RETURN
DIVIDE(M_Defender[$ Defender for OSS DBs ACR] , [$ OSS DBs ACR]) | REFERENCES: $ Defender for OSS DBs ACR -> M_Defender + CALCULATE([$ ACR],'Distinct ServiceLevel4'[ServiceLevel4] in {""Microsoft Defender for MariaDB"",""Microsoft Defender for MySQL"",""Microsoft Defender for PostgreSQL""}), $ OSS DBs ACR -> M_Defender + CALCULATE(M_ACR[$ ACR],FILTER('Distinct ServiceLevel4','Distinct ServiceLevel4'[ServiceLevel2] in {""Azure Database for MariaDB"",""Azure Database for MySQL"",""Azure Database for PostgreSQL""}))","The name clearly indicates that the measure calculates the percentage of Defender for OSS DBs ACR relative to the total OSS DBs ACR, which aligns with the context provided.","The name accurately reflects the calculation described in the context, which is the division of Defender for OSS DBs ACR by Total OSS DBs ACR.","The abbreviation 'OSS DBs' and 'ACR' are standard and widely understood in the context of Azure services, so they are not problematic.",1.2000000000000002,1.6999999999999997,0.7058823529411767,0.0,0.2,0.2,0.2,0.0,0.3,0.2,0.2,0.4,0.4,0.4,0.4,2,ORANGE,#FFA500
M_Defender,% Defender for Storage ACR of Total Storage ACR,"VAR Defender = [$ Storage ACR] * 0.08
RETURN
DIVIDE(M_Defender[$ Defender for Storage ACR] , [$ Storage ACR])",,issue,No,,Yes,$ defender for storage acr,Yes,"$ defender for storage acr, $ storage acr",No,"Please use unqualified measures references i.e., [Measure Name] instead of Fully Qualified reference i.e., Table[MeasureName] or 'Table'[MeasureName]. Referenced measures: $ defender for storage acr","% Defender for Storage ACR of Total Storage ACR -> M_Defender + VAR Defender = [$ Storage ACR] * 0.08
RETURN
DIVIDE(M_Defender[$ Defender for Storage ACR] , [$ Storage ACR]) | REFERENCES: $ Defender for Storage ACR -> M_Defender + CALCULATE([$ ACR],'Distinct ServiceLevel4'[ServiceLevel4] in {""Microsoft Defender for Storage"",""Microsoft Defender for Storage Malware Scanning""}), $ Storage ACR -> M_Defender + CALCULATE(M_ACR[$ ACR],'Distinct ServiceLevel4'[ServiceLevel4] in {""Blob Features""
,""Blob Storage""
,""General Block Blob""
,""General Block Blob v2""
,""General Block Blob v2 Hierarchical Namespace""
,""Premium Block Blob""
,""Premium Block Blob v2 Hierarchical Namespace""
,""Premium Page Blob""
,""Standard Page Blob""
,""Standard Page Blob v2""
,""Azure Data Lake Storage Gen2 Flat Namespace""
,""Files""
,""Files v2""
,""Premium Files""
,""Azure Data Lake Storage Gen2 Hierarchical Namespace""})","The name clearly indicates that the measure calculates the percentage of Defender for Storage ACR relative to the total Storage ACR, which aligns with the context provided.","The name accurately reflects the calculation described in the context, which is the division of Defender for Storage ACR by Total Storage ACR.","The abbreviations 'ACR' and 'Storage' are standard and widely understood in the context of Azure services, so they are not problematic.",1.2000000000000002,1.6999999999999997,0.7058823529411767,0.0,0.2,0.2,0.2,0.0,0.3,0.2,0.2,0.4,0.4,0.4,0.4,2,ORANGE,#FFA500
M_Defender,% Defender for Cosmos DB ACR of Total Cosmos DB ACR,"VAR Defender = [$ Cosmos DB ACR] * 0.08
RETURN
DIVIDE(M_Defender[$ Defender for Cosmos DB ACR] , [$ Cosmos DB ACR])",,issue,No,,Yes,$ defender for cosmos db acr,Yes,"$ cosmos db acr, $ defender for cosmos db acr",No,"Please use unqualified measures references i.e., [Measure Name] instead of Fully Qualified reference i.e., Table[MeasureName] or 'Table'[MeasureName]. Referenced measures: $ defender for cosmos db acr","% Defender for Cosmos DB ACR of Total Cosmos DB ACR -> M_Defender + VAR Defender = [$ Cosmos DB ACR] * 0.08
RETURN
DIVIDE(M_Defender[$ Defender for Cosmos DB ACR] , [$ Cosmos DB ACR]) | REFERENCES: $ Cosmos DB ACR -> M_Defender + CALCULATE(M_ACR[$ ACR],FILTER('Distinct ServiceLevel4','Distinct ServiceLevel4'[ServiceLevel2]=""Azure Cosmos DB"")), $ Defender for Cosmos DB ACR -> M_Defender + CALCULATE([$ ACR],'Distinct ServiceLevel4'[ServiceLevel4]=""Microsoft Defender for Azure Cosmos DB"")","The name clearly indicates that the measure calculates the percentage of Defender for Cosmos DB ACR relative to the total Cosmos DB ACR, which aligns with the context provided.","The name accurately reflects the calculation described in the context, which is the division of Defender for Cosmos DB ACR by Total Cosmos DB ACR.","The abbreviations 'ACR' and 'DB' are standard and widely understood in the context of Azure services, so they are not problematic.",1.2000000000000002,1.6999999999999997,0.7058823529411767,0.0,0.2,0.2,0.2,0.0,0.3,0.2,0.2,0.4,0.4,0.4,0.4,2,ORANGE,#FFA500
M_Defender,$ Defender Avg Daily April 2024,"CALCULATE([$ Average Daily ACR],DimDate[FiscalMonth]=""FY24-Apr"",FILTER('Distinct SubStrategicPillar','Distinct SubStrategicPillar'[StrategicPillar]=""Defender for Cloud""))",,good,No,,No,,Yes,$ average daily acr,Yes,,"$ Defender Avg Daily April 2024 -> M_Defender + CALCULATE([$ Average Daily ACR],DimDate[FiscalMonth]=""FY24-Apr"",FILTER('Distinct SubStrategicPillar','Distinct SubStrategicPillar'[StrategicPillar]=""Defender for Cloud"")) | REFERENCES: $ Average Daily ACR -> M_ACR + 
VAR Days = [# Days in Month]
VAR DaysCurrent = DATEDIFF(CALCULATE(MAX(DimDate[MonthStartDate]),DimDate[IsCurrentAzureMonth]=1),TODAY(),DAY)
VAR ACR = M_ACR[$ ACR]
VAR SelectedMonth = [DATE - Latest Selected Month]
VAR AzureDate = CALCULATE(MAX(DimSourceRefreshDetails[SourceLastRefreshedDate]), DimSourceRefreshDetails[DataCategory]=""OCDM Azure Usage"")
VAR AzureCurrentM = [DATE - Azure Current Month]
VAR Today = TODAY()
VAR AzureLastClosed = M_Date[DATE - Last Closed Azure Month]
VAR CurrentMonthFY = M_Date[DATE + 1 Month After Last Closed Azure Month]
VAR SourceDate = CALCULATE(MAX(DimSourceRefreshDetails[SourceLastRefreshedDate]),DimSourceRefreshDetails[DataCategory]=""AzureDateGrain"")
VAR DaysSource = DATEDIFF(CALCULATE(MAX(DimDate[MonthStartDate]),DimDate[IsCurrentAzureMonth]=1),SourceDate,DAY)
VAR DaysSourceFY = DATEDIFF(CALCULATE(MAX(DimDate[MonthStartDate]),DimDate[CreateDate]=CurrentMonthFY),SourceDate,DAY)
RETURN
IF(SelectedMonth = AzureCurrentM,DIVIDE(ACR, DaysSource),IF(SelectedMonth > AzureLastClosed,BLANK(),DIVIDE(ACR, Days)))
--IF(SelectedMonth > AzureCurrentM,DIVIDE(ACR, DaysSourceFY),IF(SelectedMonth > AzureLastClosed,BLANK(),DIVIDE(ACR, Days)))","The name indicates that the measure calculates the average daily Defender ACR for April 2024, which aligns with the context provided.","The name reflects the calculation described in the context, which is the average daily ACR for Defender in April 2024.","The abbreviation 'ACR' is standard and widely understood in the context of Azure services, so it is not problematic.",1.6999999999999997,1.6999999999999997,1.0,0.2,0.2,0.2,0.2,0.3,0.3,0.2,0.2,0.4,0.4,0.4,0.4,4,GREEN,#00FF00
M_Defender,$ Defender Avg Daily LCM,"CALCULATE([$ Average Daily ACR],DimDate[IsLastAzureClosedMonth]=1,FILTER('Distinct SubStrategicPillar','Distinct SubStrategicPillar'[StrategicPillar]=""Defender for Cloud""))",,good,No,,No,,Yes,$ average daily acr,Yes,,"$ Defender Avg Daily LCM -> M_Defender + CALCULATE([$ Average Daily ACR],DimDate[IsLastAzureClosedMonth]=1,FILTER('Distinct SubStrategicPillar','Distinct SubStrategicPillar'[StrategicPillar]=""Defender for Cloud"")) | REFERENCES: $ Average Daily ACR -> M_ACR + 
VAR Days = [# Days in Month]
VAR DaysCurrent = DATEDIFF(CALCULATE(MAX(DimDate[MonthStartDate]),DimDate[IsCurrentAzureMonth]=1),TODAY(),DAY)
VAR ACR = M_ACR[$ ACR]
VAR SelectedMonth = [DATE - Latest Selected Month]
VAR AzureDate = CALCULATE(MAX(DimSourceRefreshDetails[SourceLastRefreshedDate]), DimSourceRefreshDetails[DataCategory]=""OCDM Azure Usage"")
VAR AzureCurrentM = [DATE - Azure Current Month]
VAR Today = TODAY()
VAR AzureLastClosed = M_Date[DATE - Last Closed Azure Month]
VAR CurrentMonthFY = M_Date[DATE + 1 Month After Last Closed Azure Month]
VAR SourceDate = CALCULATE(MAX(DimSourceRefreshDetails[SourceLastRefreshedDate]),DimSourceRefreshDetails[DataCategory]=""AzureDateGrain"")
VAR DaysSource = DATEDIFF(CALCULATE(MAX(DimDate[MonthStartDate]),DimDate[IsCurrentAzureMonth]=1),SourceDate,DAY)
VAR DaysSourceFY = DATEDIFF(CALCULATE(MAX(DimDate[MonthStartDate]),DimDate[CreateDate]=CurrentMonthFY),SourceDate,DAY)
RETURN
IF(SelectedMonth = AzureCurrentM,DIVIDE(ACR, DaysSource),IF(SelectedMonth > AzureLastClosed,BLANK(),DIVIDE(ACR, Days)))
--IF(SelectedMonth > AzureCurrentM,DIVIDE(ACR, DaysSourceFY),IF(SelectedMonth > AzureLastClosed,BLANK(),DIVIDE(ACR, Days)))","The name indicates that the measure calculates the average daily Defender ACR for the last closed month (LCM), which aligns with the context provided.","The name reflects the calculation described in the context, which is the average daily ACR for Defender in the last closed month.","The abbreviation 'LCM' and 'ACR' are standard and widely understood in the context of Azure services, so they are not problematic.",1.6999999999999997,1.6999999999999997,1.0,0.2,0.2,0.2,0.2,0.3,0.3,0.2,0.2,0.4,0.4,0.4,0.4,4,GREEN,#00FF00
M_Defender,% Defender Avg Daily Growth (LCM compared to April 2024),"VAR G = M_Defender[$ Defender Avg Daily LCM] - M_Defender[$ Defender Avg Daily April 2024]
RETURN
DIVIDE(G , M_Defender[$ Defender Avg Daily April 2024])",,issue,No,,Yes,"$ defender avg daily april 2024, $ defender avg daily lcm",Yes,"$ defender avg daily april 2024, $ defender avg daily lcm",No,"Please use unqualified measures references i.e., [Measure Name] instead of Fully Qualified reference i.e., Table[MeasureName] or 'Table'[MeasureName]. Referenced measures: $ defender avg daily april 2024, $ defender avg daily lcm","% Defender Avg Daily Growth (LCM compared to April 2024) -> M_Defender + VAR G = M_Defender[$ Defender Avg Daily LCM] - M_Defender[$ Defender Avg Daily April 2024]
RETURN
DIVIDE(G , M_Defender[$ Defender Avg Daily April 2024]) | REFERENCES: $ Defender Avg Daily April 2024 -> M_Defender + CALCULATE([$ Average Daily ACR],DimDate[FiscalMonth]=""FY24-Apr"",FILTER('Distinct SubStrategicPillar','Distinct SubStrategicPillar'[StrategicPillar]=""Defender for Cloud"")), $ Defender Avg Daily LCM -> M_Defender + CALCULATE([$ Average Daily ACR],DimDate[IsLastAzureClosedMonth]=1,FILTER('Distinct SubStrategicPillar','Distinct SubStrategicPillar'[StrategicPillar]=""Defender for Cloud""))","The name indicates that the measure calculates the percentage growth of average daily Defender ACR between the last closed month (LCM) and April 2024, which aligns with the context provided.","The name reflects the calculation described in the context, which is the percentage growth of average daily Defender ACR between LCM and April 2024.","The abbreviations 'ACR' and 'LCM' are standard and widely understood in the context of Azure services, so they are not problematic.",1.2000000000000002,1.6999999999999997,0.7058823529411767,0.0,0.2,0.2,0.2,0.0,0.3,0.2,0.2,0.4,0.4,0.4,0.4,2,ORANGE,#FFA500
M_Defender,$ Total Defender for Cloud ACR,"CALCULATE([$ ACR],FILTER('Distinct ServiceLevel4','Distinct ServiceLevel4'[ServiceLevel2]=""Microsoft Defender for Cloud""))",,good,No,,No,,Yes,$ acr,Yes,,"$ Total Defender for Cloud ACR -> M_Defender + CALCULATE([$ ACR],FILTER('Distinct ServiceLevel4','Distinct ServiceLevel4'[ServiceLevel2]=""Microsoft Defender for Cloud"")) | REFERENCES: $ ACR -> M_ACR + VAR CY = SUM(ACR_CY[AzureConsumedRevenue])
VAR PY = SUM(ACR_PY[AzureConsumedRevenue])
VAR A = CY + PY
VAR S = IF(ISFILTERED(DimCustomer[TPAccountName]),BLANK(),SUM(ACR_Summarized[AzureConsumedRevenue]))
VAR SelectedView = SELECTEDVALUE(DimViewType[ViewType])
RETURN
SWITCH(SelectedView,""Non-Curated"",S,A)","The name indicates that the measure calculates the total ACR for Microsoft Defender for Cloud, which aligns with the context provided.","The name reflects the calculation described in the context, which is the total ACR for Microsoft Defender for Cloud.","The abbreviation 'ACR' is standard and widely understood in the context of Azure services, so it is not problematic.",1.6999999999999997,1.6999999999999997,1.0,0.2,0.2,0.2,0.2,0.3,0.3,0.2,0.2,0.4,0.4,0.4,0.4,4,GREEN,#00FF00
M_Defender,$ Total ACR to Defend,"VAR A = CALCULATE([$ ACR],FILTER('Distinct ServiceLevel4','Distinct ServiceLevel4'[ServiceLevel2] in {
    ""Virtual Machines"",
    ""Azure Kubernetes Service"",
    ""AKS on Azure Stack HCI"",
    ""Container Registry"",
    ""Azure App Service"",
    ""SQL Database"",
    ""SQL Managed Instance"",
    ""Storage"",
    ""Azure Database for MariaDB"",
    ""Azure Database for MySQL"",
    ""Azure Database for PostgreSQL"",
    ""Azure Synapse Analytics"",
    ""API Management"",
    ""Azure Cosmos DB"",
    ""Key Vault"",
    ""Azure DNS""}))
VAR B = CALCULATE([$ ACR],FILTER('Distinct ServiceLevel4','Distinct ServiceLevel4'[ServiceLevel4]=""Azure OpenAI""))
RETURN
A + B",,good,No,,No,,Yes,$ acr,Yes,,"$ Total ACR to Defend -> M_Defender + VAR A = CALCULATE([$ ACR],FILTER('Distinct ServiceLevel4','Distinct ServiceLevel4'[ServiceLevel2] in {
    ""Virtual Machines"",
    ""Azure Kubernetes Service"",
    ""AKS on Azure Stack HCI"",
    ""Container Registry"",
    ""Azure App Service"",
    ""SQL Database"",
    ""SQL Managed Instance"",
    ""Storage"",
    ""Azure Database for MariaDB"",
    ""Azure Database for MySQL"",
    ""Azure Database for PostgreSQL"",
    ""Azure Synapse Analytics"",
    ""API Management"",
    ""Azure Cosmos DB"",
    ""Key Vault"",
    ""Azure DNS""}))
VAR B = CALCULATE([$ ACR],FILTER('Distinct ServiceLevel4','Distinct ServiceLevel4'[ServiceLevel4]=""Azure OpenAI""))
RETURN
A + B | REFERENCES: $ ACR -> M_ACR + VAR CY = SUM(ACR_CY[AzureConsumedRevenue])
VAR PY = SUM(ACR_PY[AzureConsumedRevenue])
VAR A = CY + PY
VAR S = IF(ISFILTERED(DimCustomer[TPAccountName]),BLANK(),SUM(ACR_Summarized[AzureConsumedRevenue]))
VAR SelectedView = SELECTEDVALUE(DimViewType[ViewType])
RETURN
SWITCH(SelectedView,""Non-Curated"",S,A)","The name indicates that the measure calculates the total ACR to defend, which aligns with the context provided.","The name reflects the calculation described in the context, which is the total ACR to defend across various service levels.","The abbreviation 'ACR' is standard and widely understood in the context of Azure services, so it is not problematic.",1.6999999999999997,1.6999999999999997,1.0,0.2,0.2,0.2,0.2,0.3,0.3,0.2,0.2,0.4,0.4,0.4,0.4,4,GREEN,#00FF00
M_Defender,% Defender ACR of Total ACR to Defend,"DIVIDE([$ Total Defender for Cloud ACR] , [$ Total ACR to Defend])",,good,No,,No,,Yes,"$ total acr to defend, $ total defender for cloud acr",Yes,,"% Defender ACR of Total ACR to Defend -> M_Defender + DIVIDE([$ Total Defender for Cloud ACR] , [$ Total ACR to Defend]) | REFERENCES: $ Total ACR to Defend -> M_Defender + VAR A = CALCULATE([$ ACR],FILTER('Distinct ServiceLevel4','Distinct ServiceLevel4'[ServiceLevel2] in {
    ""Virtual Machines"",
    ""Azure Kubernetes Service"",
    ""AKS on Azure Stack HCI"",
    ""Container Registry"",
    ""Azure App Service"",
    ""SQL Database"",
    ""SQL Managed Instance"",
    ""Storage"",
    ""Azure Database for MariaDB"",
    ""Azure Database for MySQL"",
    ""Azure Database for PostgreSQL"",
    ""Azure Synapse Analytics"",
    ""API Management"",
    ""Azure Cosmos DB"",
    ""Key Vault"",
    ""Azure DNS""}))
VAR B = CALCULATE([$ ACR],FILTER('Distinct ServiceLevel4','Distinct ServiceLevel4'[ServiceLevel4]=""Azure OpenAI""))
RETURN
A + B, $ Total Defender for Cloud ACR -> M_Defender + CALCULATE([$ ACR],FILTER('Distinct ServiceLevel4','Distinct ServiceLevel4'[ServiceLevel2]=""Microsoft Defender for Cloud""))","The name indicates that the measure calculates the percentage of Defender ACR relative to the total ACR to defend, which aligns with the context provided.","The name reflects the calculation described in the context, which is the division of total Defender ACR by total ACR to defend.","The abbreviation 'ACR' is standard and widely understood in the context of Azure services, so it is not problematic.",1.6999999999999997,1.6999999999999997,1.0,0.2,0.2,0.2,0.2,0.3,0.3,0.2,0.2,0.4,0.4,0.4,0.4,4,GREEN,#00FF00
M_Defender,% ACR Defended Baseline (May 2024),"CALCULATE([% Defender ACR of Total ACR to Defend],ALL(DimDate),DimDate[FiscalMonth]=""FY24-May"")",,good,No,,No,,Yes,% defender acr of total acr to defend,Yes,,"% ACR Defended Baseline (May 2024) -> M_Defender + CALCULATE([% Defender ACR of Total ACR to Defend],ALL(DimDate),DimDate[FiscalMonth]=""FY24-May"") | REFERENCES: % Defender ACR of Total ACR to Defend -> M_Defender + DIVIDE([$ Total Defender for Cloud ACR] , [$ Total ACR to Defend])","The name indicates that the measure calculates the baseline percentage of ACR defended for May 2024, which aligns with the context provided.","The name reflects the calculation described in the context, which is the percentage of Defender ACR of total ACR to defend for May 2024.","The abbreviation 'ACR' is standard and widely understood in the context of Azure services, so it is not problematic.",1.6999999999999997,1.6999999999999997,1.0,0.2,0.2,0.2,0.2,0.3,0.3,0.2,0.2,0.4,0.4,0.4,0.4,4,GREEN,#00FF00
M_Defender,% ACR Defended LCM,"CALCULATE([% Defender ACR of Total ACR to Defend],ALL(DimDate),DimDate[IsLastAzureClosedMonth]=1)",,good,No,,No,,Yes,% defender acr of total acr to defend,Yes,,"% ACR Defended LCM -> M_Defender + CALCULATE([% Defender ACR of Total ACR to Defend],ALL(DimDate),DimDate[IsLastAzureClosedMonth]=1) | REFERENCES: % Defender ACR of Total ACR to Defend -> M_Defender + DIVIDE([$ Total Defender for Cloud ACR] , [$ Total ACR to Defend])","The name indicates that the measure calculates the percentage of ACR defended for the last closed month (LCM), which aligns with the context provided.","The name reflects the calculation described in the context, which is the percentage of Defender ACR of total ACR to defend for the last closed month.","The abbreviation 'ACR' and 'LCM' are standard and widely understood in the context of Azure services, so they are not problematic.",1.6999999999999997,1.6999999999999997,1.0,0.2,0.2,0.2,0.2,0.3,0.3,0.2,0.2,0.4,0.4,0.4,0.4,4,GREEN,#00FF00
M_Defender,Incremental Growth on ACR Defended,[% ACR Defended LCM] - [% ACR Defended Baseline (May 2024)],,warning,No,,No,,Yes,"% acr defended baseline (may 2024), % acr defended lcm",No,,"Incremental Growth on ACR Defended -> M_Defender + [% ACR Defended LCM] - [% ACR Defended Baseline (May 2024)] | REFERENCES: % ACR Defended Baseline (May 2024) -> M_Defender + CALCULATE([% Defender ACR of Total ACR to Defend],ALL(DimDate),DimDate[FiscalMonth]=""FY24-May""), % ACR Defended LCM -> M_Defender + CALCULATE([% Defender ACR of Total ACR to Defend],ALL(DimDate),DimDate[IsLastAzureClosedMonth]=1)","The name indicates that the measure calculates the incremental growth on ACR defended, which aligns with the context provided.","The name reflects the calculation described in the context, which is the difference between the percentage of ACR defended for the last closed month and the baseline percentage for May 2024.","The abbreviation 'ACR' is standard and widely understood in the context of Azure services, so it is not problematic.",1.4,1.6999999999999997,0.823529411764706,0.2,0.2,0.2,0.2,0.0,0.3,0.2,0.2,0.4,0.4,0.4,0.4,3,YELLOW,#FFFF00
M_Defender,# Accounts w/ Defender Pipe,"CALCULATE(COUNTX(FILTER(SUMMARIZE(DimCustomer,DimCustomer[TPID],""Pipe"",[$ Defender Pipe]),[Pipe]>0),DimCustomer[TPID]))",,warning,No,,No,,Yes,$ defender pipe,No,,"# Accounts w/ Defender Pipe -> M_Defender + CALCULATE(COUNTX(FILTER(SUMMARIZE(DimCustomer,DimCustomer[TPID],""Pipe"",[$ Defender Pipe]),[Pipe]>0),DimCustomer[TPID])) | REFERENCES: $ Defender Pipe -> M_Pipe + CALCULATE([$ ACR Pipe All],FILTER(F_AzureConsumptionPipe,F_AzureConsumptionPipe[StrategicPillar]=""Defender for Cloud""))","The name indicates that the measure calculates the number of accounts with Defender Pipe, which aligns with the context provided.","The name reflects the calculation described in the context, which is the count of accounts with a Defender Pipe greater than zero.",The abbreviation '#' for 'Number of' and 'w/' for 'with' are widely understood and not problematic.,1.4,1.6999999999999997,0.823529411764706,0.2,0.2,0.2,0.2,0.0,0.3,0.2,0.2,0.4,0.4,0.4,0.4,3,YELLOW,#FFFF00
M_Defender,# Accounts w/ Defender Stage 1 Pipe,"CALCULATE(COUNTX(FILTER(SUMMARIZE(DimCustomer,DimCustomer[TPID],""Pipe"",[$ Defender Stage 1 Pipe]),[Pipe]>0),DimCustomer[TPID]))",,warning,No,,No,,Yes,$ defender stage 1 pipe,No,,"# Accounts w/ Defender Stage 1 Pipe -> M_Defender + CALCULATE(COUNTX(FILTER(SUMMARIZE(DimCustomer,DimCustomer[TPID],""Pipe"",[$ Defender Stage 1 Pipe]),[Pipe]>0),DimCustomer[TPID])) | REFERENCES: $ Defender Stage 1 Pipe -> M_Pipe + CALCULATE([$ Defender Pipe],FILTER(F_AzureConsumptionPipe,F_AzureConsumptionPipe[SalesStageName]=""Listen & Consult""))","The name clearly indicates it counts accounts with Defender Stage 1 pipeline, which aligns with the context provided.","The name accurately reflects the calculation in the context, which counts accounts with a Defender Stage 1 pipeline greater than 0.",The abbreviation 'w/' is widely understood as 'with' and does not make the name cryptic.,1.4,1.6999999999999997,0.823529411764706,0.2,0.2,0.2,0.2,0.0,0.3,0.2,0.2,0.4,0.4,0.4,0.4,3,YELLOW,#FFFF00
M_Defender,# Accounts w/ Uncommitted Defender Pipe,"CALCULATE(COUNTX(FILTER(SUMMARIZE(DimCustomer,DimCustomer[TPID],""Pipe"",[$ Defender Uncommitted Qualified Pipe]),[Pipe]>0),DimCustomer[TPID]))",,warning,No,,No,,Yes,$ defender uncommitted qualified pipe,No,,"# Accounts w/ Uncommitted Defender Pipe -> M_Defender + CALCULATE(COUNTX(FILTER(SUMMARIZE(DimCustomer,DimCustomer[TPID],""Pipe"",[$ Defender Uncommitted Qualified Pipe]),[Pipe]>0),DimCustomer[TPID])) | REFERENCES: $ Defender Uncommitted Qualified Pipe -> M_Pipe + CALCULATE([$ Defender Pipe], FILTER(F_AzureConsumptionPipe,F_AzureConsumptionPipe[SalesStageName]<>""Listen & Consult""),FILTER(F_AzureConsumptionPipe,F_AzureConsumptionPipe[CommitmentRecommendation]<>""Committed""))","The name clearly indicates it counts accounts with uncommitted Defender pipeline, which aligns with the context provided.","The name reflects the calculation in the context, which counts accounts with uncommitted Defender pipeline based on specific filters.",The abbreviation 'w/' is widely understood as 'with' and does not make the name cryptic.,1.4,1.6999999999999997,0.823529411764706,0.2,0.2,0.2,0.2,0.0,0.3,0.2,0.2,0.4,0.4,0.4,0.4,3,YELLOW,#FFFF00
M_Defender,# Accounts w/ Defender Committed Pipe,"CALCULATE(COUNTX(FILTER(SUMMARIZE(DimCustomer,DimCustomer[TPID],""Pipe"",[$ Defender Committed Qualified Pipe]),[Pipe]>0),DimCustomer[TPID]))",,warning,No,,No,,Yes,$ defender committed qualified pipe,No,,"# Accounts w/ Defender Committed Pipe -> M_Defender + CALCULATE(COUNTX(FILTER(SUMMARIZE(DimCustomer,DimCustomer[TPID],""Pipe"",[$ Defender Committed Qualified Pipe]),[Pipe]>0),DimCustomer[TPID])) | REFERENCES: $ Defender Committed Qualified Pipe -> M_Pipe + CALCULATE([$ Defender Pipe], FILTER(F_AzureConsumptionPipe,F_AzureConsumptionPipe[SalesStageName]<>""Listen & Consult""),FILTER(F_AzureConsumptionPipe,F_AzureConsumptionPipe[CommitmentRecommendation]=""Committed""))","The name clearly indicates it counts accounts with committed Defender pipeline, which aligns with the context provided.","The name reflects the calculation in the context, which counts accounts with committed Defender pipeline based on specific filters.",The abbreviation 'w/' is widely understood as 'with' and does not make the name cryptic.,1.4,1.6999999999999997,0.823529411764706,0.2,0.2,0.2,0.2,0.0,0.3,0.2,0.2,0.4,0.4,0.4,0.4,3,YELLOW,#FFFF00
M_Defender,$ Potential Defender ACR,[$ Total ACR to Defend] * 0.08,,good,No,,No,,Yes,$ total acr to defend,Yes,,"$ Potential Defender ACR -> M_Defender + [$ Total ACR to Defend] * 0.08 | REFERENCES: $ Total ACR to Defend -> M_Defender + VAR A = CALCULATE([$ ACR],FILTER('Distinct ServiceLevel4','Distinct ServiceLevel4'[ServiceLevel2] in {
    ""Virtual Machines"",
    ""Azure Kubernetes Service"",
    ""AKS on Azure Stack HCI"",
    ""Container Registry"",
    ""Azure App Service"",
    ""SQL Database"",
    ""SQL Managed Instance"",
    ""Storage"",
    ""Azure Database for MariaDB"",
    ""Azure Database for MySQL"",
    ""Azure Database for PostgreSQL"",
    ""Azure Synapse Analytics"",
    ""API Management"",
    ""Azure Cosmos DB"",
    ""Key Vault"",
    ""Azure DNS""}))
VAR B = CALCULATE([$ ACR],FILTER('Distinct ServiceLevel4','Distinct ServiceLevel4'[ServiceLevel4]=""Azure OpenAI""))
RETURN
A + B","The name indicates it calculates potential Defender ACR, which aligns with the context provided.","The name reflects the calculation in the context, which multiplies the total ACR to defend by 0.08 to calculate potential Defender ACR.",The abbreviation 'ACR' is a standard term in the business context and does not make the name cryptic.,1.6999999999999997,1.6999999999999997,1.0,0.2,0.2,0.2,0.2,0.3,0.3,0.2,0.2,0.4,0.4,0.4,0.4,4,GREEN,#00FF00
M_Defender,% Defender Coverage Whitespace from Baseline,0.08 - [% ACR Defended Baseline (May 2024)],,warning,No,,No,,Yes,% acr defended baseline (may 2024),No,,"% Defender Coverage Whitespace from Baseline -> M_Defender + 0.08 - [% ACR Defended Baseline (May 2024)] | REFERENCES: % ACR Defended Baseline (May 2024) -> M_Defender + CALCULATE([% Defender ACR of Total ACR to Defend],ALL(DimDate),DimDate[FiscalMonth]=""FY24-May"")","The name indicates it calculates the percentage of Defender coverage whitespace from a baseline, which aligns with the context provided.","The name reflects the calculation in the context, which calculates the difference between a fixed percentage and the defended baseline percentage.",There are no cryptic abbreviations in the measure name.,1.4,1.6999999999999997,0.823529411764706,0.2,0.2,0.2,0.2,0.0,0.3,0.2,0.2,0.4,0.4,0.4,0.4,3,YELLOW,#FFFF00
M_Defender,$ Total Defender for Cloud ACR LCM,"CALCULATE([$ Total Defender for Cloud ACR], DimDate[IsLastAzureClosedMonth]=1)",,warning,No,,No,,Yes,$ total defender for cloud acr,No,,"$ Total Defender for Cloud ACR LCM -> M_Defender + CALCULATE([$ Total Defender for Cloud ACR], DimDate[IsLastAzureClosedMonth]=1) | REFERENCES: $ Total Defender for Cloud ACR -> M_Defender + CALCULATE([$ ACR],FILTER('Distinct ServiceLevel4','Distinct ServiceLevel4'[ServiceLevel2]=""Microsoft Defender for Cloud""))","The name indicates it calculates the total Defender for Cloud ACR for the last closed month, which aligns with the context provided.","The name reflects the calculation in the context, which calculates the total Defender for Cloud ACR for the last closed month.",The abbreviation 'ACR' and 'LCM' are standard terms in the business context and do not make the name cryptic.,1.4,1.6999999999999997,0.823529411764706,0.2,0.2,0.2,0.2,0.0,0.3,0.2,0.2,0.4,0.4,0.4,0.4,3,YELLOW,#FFFF00
M_Defender,$ Total ACR to Defend LCM,"CALCULATE([$ Total ACR to Defend], DimDate[IsLastAzureClosedMonth]=1)",,warning,No,,No,,Yes,$ total acr to defend,No,,"$ Total ACR to Defend LCM -> M_Defender + CALCULATE([$ Total ACR to Defend], DimDate[IsLastAzureClosedMonth]=1) | REFERENCES: $ Total ACR to Defend -> M_Defender + VAR A = CALCULATE([$ ACR],FILTER('Distinct ServiceLevel4','Distinct ServiceLevel4'[ServiceLevel2] in {
    ""Virtual Machines"",
    ""Azure Kubernetes Service"",
    ""AKS on Azure Stack HCI"",
    ""Container Registry"",
    ""Azure App Service"",
    ""SQL Database"",
    ""SQL Managed Instance"",
    ""Storage"",
    ""Azure Database for MariaDB"",
    ""Azure Database for MySQL"",
    ""Azure Database for PostgreSQL"",
    ""Azure Synapse Analytics"",
    ""API Management"",
    ""Azure Cosmos DB"",
    ""Key Vault"",
    ""Azure DNS""}))
VAR B = CALCULATE([$ ACR],FILTER('Distinct ServiceLevel4','Distinct ServiceLevel4'[ServiceLevel4]=""Azure OpenAI""))
RETURN
A + B","The name indicates it calculates the total ACR to defend for the last closed month, which aligns with the context provided.","The name reflects the calculation in the context, which calculates the total ACR to defend for the last closed month.",The abbreviation 'ACR' and 'LCM' are standard terms in the business context and do not make the name cryptic.,1.4,1.6999999999999997,0.823529411764706,0.2,0.2,0.2,0.2,0.0,0.3,0.2,0.2,0.4,0.4,0.4,0.4,3,YELLOW,#FFFF00
M_Defender,$ Potential Defender ACR LCM,"CALCULATE([$ Potential Defender ACR],DimDate[IsLastAzureClosedMonth]=1)",,warning,No,,No,,Yes,$ potential defender acr,No,,"$ Potential Defender ACR LCM -> M_Defender + CALCULATE([$ Potential Defender ACR],DimDate[IsLastAzureClosedMonth]=1) | REFERENCES: $ Potential Defender ACR -> M_Defender + [$ Total ACR to Defend] * 0.08","The name indicates it calculates the potential Defender ACR for the last closed month, which aligns with the context provided.","The name reflects the calculation in the context, which calculates the potential Defender ACR for the last closed month.",The abbreviation 'ACR' and 'LCM' are standard terms in the business context and do not make the name cryptic.,1.4,1.6999999999999997,0.823529411764706,0.2,0.2,0.2,0.2,0.0,0.3,0.2,0.2,0.4,0.4,0.4,0.4,3,YELLOW,#FFFF00
M_Defender,% ACR Defended Current Open Month,"CALCULATE([% Defender ACR of Total ACR to Defend],DimDate[IsCurrentAzureMonth]=1)",,warning,No,,No,,Yes,% defender acr of total acr to defend,No,,"% ACR Defended Current Open Month -> M_Defender + CALCULATE([% Defender ACR of Total ACR to Defend],DimDate[IsCurrentAzureMonth]=1) | REFERENCES: % Defender ACR of Total ACR to Defend -> M_Defender + DIVIDE([$ Total Defender for Cloud ACR] , [$ Total ACR to Defend])","The name indicates it calculates the percentage of ACR defended for the current open month, which aligns with the context provided.","The name reflects the calculation in the context, which calculates the percentage of Defender ACR of total ACR to defend for the current open month.",The abbreviation 'ACR' is a standard term in the business context and does not make the name cryptic.,1.4,1.6999999999999997,0.823529411764706,0.2,0.2,0.2,0.2,0.0,0.3,0.2,0.2,0.4,0.4,0.4,0.4,3,YELLOW,#FFFF00
M_Defender,Defender Coverage Title,"VAR LCM = MAX(DimDate[IsLastAzureClosedMonth])
VAR COM = MAX(DimDate[IsCurrentAzureMonth])
VAR A = ""Customer ACR by Azure Workloads and Defender Coverage   (Last Closed Month Only)""
VAR B = ""Customer ACR by Azure Workloads and Defender Coverage   (Current Open Month Only)""
RETURN
IF(LCM=1,A,B)",,warning,No,,No,,No,,No,,"Defender Coverage Title -> M_Defender + VAR LCM = MAX(DimDate[IsLastAzureClosedMonth])
VAR COM = MAX(DimDate[IsCurrentAzureMonth])
VAR A = ""Customer ACR by Azure Workloads and Defender Coverage   (Last Closed Month Only)""
VAR B = ""Customer ACR by Azure Workloads and Defender Coverage   (Current Open Month Only)""
RETURN
IF(LCM=1,A,B)","The name indicates it provides a title related to Defender coverage, which aligns with the context provided.","The name reflects the calculation in the context, which returns a title based on the last closed month or current open month.",There are no cryptic abbreviations in the measure name.,1.4,1.6999999999999997,0.823529411764706,0.2,0.2,0.2,0.2,0.0,0.3,0.2,0.2,0.4,0.4,0.4,0.4,3,YELLOW,#FFFF00
M_Defender,Defender Coverage with Subscriptions Title,"VAR LCM = MAX(DimDate[IsLastAzureClosedMonth])
VAR COM = MAX(DimDate[IsCurrentAzureMonth])
VAR A = ""Customer ACR Details with Subscriptions by Azure Workloads and Defender Coverage   (Last Closed Month Only)""
VAR B = ""Customer ACR Details with Subscriptions by Azure Workloads and Defender Coverage   (Current Open Month Only)""
RETURN
IF(LCM=1,A,B)",,warning,No,,No,,No,,No,,"Defender Coverage with Subscriptions Title -> M_Defender + VAR LCM = MAX(DimDate[IsLastAzureClosedMonth])
VAR COM = MAX(DimDate[IsCurrentAzureMonth])
VAR A = ""Customer ACR Details with Subscriptions by Azure Workloads and Defender Coverage   (Last Closed Month Only)""
VAR B = ""Customer ACR Details with Subscriptions by Azure Workloads and Defender Coverage   (Current Open Month Only)""
RETURN
IF(LCM=1,A,B)","The name indicates it provides a title related to Defender coverage with subscriptions, which aligns with the context provided.","The name reflects the calculation in the context, which returns a title based on the last closed month or current open month with subscription details.",There are no cryptic abbreviations in the measure name.,1.4,1.6999999999999997,0.823529411764706,0.2,0.2,0.2,0.2,0.0,0.3,0.2,0.2,0.4,0.4,0.4,0.4,3,YELLOW,#FFFF00
M_Defender,# Defendable Subscriptions,SUM(DefendableSubscriptions[DefendableSubscription]),,good,No,,No,,No,,Yes,,# Defendable Subscriptions -> M_Defender + SUM(DefendableSubscriptions[DefendableSubscription]),"The name clearly indicates it counts the number of defendable subscriptions, which aligns with the context provided.","The name reflects the calculation in the context, which sums the defendable subscriptions.",There are no cryptic abbreviations in the measure name.,1.6999999999999997,1.6999999999999997,1.0,0.2,0.2,0.2,0.2,0.3,0.3,0.2,0.2,0.4,0.4,0.4,0.4,4,GREEN,#00FF00
M_Defender,# Defended Subscriptions,SUM(DefendableSubscriptions[Defended Subscription]),,good,No,,No,,No,,Yes,,# Defended Subscriptions -> M_Defender + SUM(DefendableSubscriptions[Defended Subscription]),"The name clearly indicates it counts the number of defended subscriptions, which aligns with the context provided.","The name reflects the calculation in the context, which sums the defended subscriptions.",There are no cryptic abbreviations in the measure name.,1.6999999999999997,1.6999999999999997,1.0,0.2,0.2,0.2,0.2,0.3,0.3,0.2,0.2,0.4,0.4,0.4,0.4,4,GREEN,#00FF00
M_Defender,# Defendable Subscriptions Snapshot,SUM(DefendableSubscriptions_Snapshot[DefendableSubscription]),,good,No,,No,,No,,Yes,,# Defendable Subscriptions Snapshot -> M_Defender + SUM(DefendableSubscriptions_Snapshot[DefendableSubscription]),"The name clearly indicates it counts the number of defendable subscriptions in a snapshot, which aligns with the context provided.","The name reflects the calculation in the context, which sums the defendable subscriptions in a snapshot table.",There are no cryptic abbreviations in the measure name.,1.6999999999999997,1.6999999999999997,1.0,0.2,0.2,0.2,0.2,0.3,0.3,0.2,0.2,0.4,0.4,0.4,0.4,4,GREEN,#00FF00
M_Defender,# Defended Subscriptions Snapshot,SUM(DefendableSubscriptions_Snapshot[DefendedSubscription]),,good,No,,No,,No,,Yes,,# Defended Subscriptions Snapshot -> M_Defender + SUM(DefendableSubscriptions_Snapshot[DefendedSubscription]),"The name clearly indicates it counts the number of defended subscriptions in a snapshot, which aligns with the context provided.","The name reflects the calculation in the context, which sums the defended subscriptions in a snapshot table.",There are no cryptic abbreviations in the measure name.,1.6999999999999997,1.6999999999999997,1.0,0.2,0.2,0.2,0.2,0.3,0.3,0.2,0.2,0.4,0.4,0.4,0.4,4,GREEN,#00FF00
M_Defender,% Subscriptions Defended Snapshot,"DIVIDE([# Defended Subscriptions Snapshot] , [# Defendable Subscriptions Snapshot])",,warning,No,,No,,Yes,"# defendable subscriptions snapshot, # defended subscriptions snapshot",No,,"% Subscriptions Defended Snapshot -> M_Defender + DIVIDE([# Defended Subscriptions Snapshot] , [# Defendable Subscriptions Snapshot]) | REFERENCES: # Defendable Subscriptions Snapshot -> M_Defender + SUM(DefendableSubscriptions_Snapshot[DefendableSubscription]), # Defended Subscriptions Snapshot -> M_Defender + SUM(DefendableSubscriptions_Snapshot[DefendedSubscription])","The name clearly indicates it calculates the percentage of subscriptions defended at a specific snapshot in time, which aligns with the context provided.","The name accurately reflects the calculation described in the context, which is the division of defended subscriptions by defendable subscriptions at a snapshot.",There are no problematic abbreviations in the measure name.,1.4,1.6999999999999997,0.823529411764706,0.2,0.2,0.2,0.2,0.0,0.3,0.2,0.2,0.4,0.4,0.4,0.4,3,YELLOW,#FFFF00
M_Defender,Selected BatchID Row,MAX('Distinct BatchID_DefenderSnapshot'[RowNum]),,good,No,,No,,No,,Yes,,Selected BatchID Row -> M_Defender + MAX('Distinct BatchID_DefenderSnapshot'[RowNum]),"The name indicates it selects a specific row based on BatchID, which is clear given the context.","The name reflects the calculation, which is selecting the maximum row number for a specific BatchID.",There are no problematic abbreviations in the measure name.,1.6999999999999997,1.6999999999999997,1.0,0.2,0.2,0.2,0.2,0.3,0.3,0.2,0.2,0.4,0.4,0.4,0.4,4,GREEN,#00FF00
M_Defender,Previous Selected BatchID Row,[Selected BatchID Row] - 1,,good,No,,No,,Yes,selected batchid row,Yes,,Previous Selected BatchID Row -> M_Defender + [Selected BatchID Row] - 1 | REFERENCES: Selected BatchID Row -> M_Defender + MAX('Distinct BatchID_DefenderSnapshot'[RowNum]),"The name indicates it calculates the previous row for a selected BatchID, which is clear given the context.","The name reflects the calculation, which is subtracting 1 from the selected BatchID row.",There are no problematic abbreviations in the measure name.,1.6999999999999997,1.6999999999999997,1.0,0.2,0.2,0.2,0.2,0.3,0.3,0.2,0.2,0.4,0.4,0.4,0.4,4,GREEN,#00FF00
M_Defender,Selected Defended Subscriptions,"VAR BatchID = [Selected BatchID Row]
VAR PrevBatchID = [Previous Selected BatchID Row]
VAR Subs = [# Defended Subscriptions Snapshot]
RETURN
CALCULATE(Subs,'Distinct BatchID_DefenderSnapshot'[RowNum]=BatchID)",,good,No,,No,,Yes,"# defended subscriptions snapshot, previous selected batchid row, selected batchid row",Yes,,"Selected Defended Subscriptions -> M_Defender + VAR BatchID = [Selected BatchID Row]
VAR PrevBatchID = [Previous Selected BatchID Row]
VAR Subs = [# Defended Subscriptions Snapshot]
RETURN
CALCULATE(Subs,'Distinct BatchID_DefenderSnapshot'[RowNum]=BatchID) | REFERENCES: # Defended Subscriptions Snapshot -> M_Defender + SUM(DefendableSubscriptions_Snapshot[DefendedSubscription]), Previous Selected BatchID Row -> M_Defender + [Selected BatchID Row] - 1, Selected BatchID Row -> M_Defender + MAX('Distinct BatchID_DefenderSnapshot'[RowNum])","The name indicates it selects defended subscriptions based on a specific BatchID, which is clear given the context.","The name reflects the calculation, which filters defended subscriptions based on the selected BatchID row.",There are no problematic abbreviations in the measure name.,1.6999999999999997,1.6999999999999997,1.0,0.2,0.2,0.2,0.2,0.3,0.3,0.2,0.2,0.4,0.4,0.4,0.4,4,GREEN,#00FF00
M_Defender,Previous Selected Defended Subscriptions,"VAR BatchID = [Selected BatchID Row]
VAR PrevBatchID = [Previous Selected BatchID Row]
VAR Subs = [# Defended Subscriptions Snapshot]
RETURN
CALCULATE(Subs,'Distinct BatchID_DefenderSnapshot'[RowNum]=PrevBatchID)",,good,No,,No,,Yes,"# defended subscriptions snapshot, previous selected batchid row, selected batchid row",Yes,,"Previous Selected Defended Subscriptions -> M_Defender + VAR BatchID = [Selected BatchID Row]
VAR PrevBatchID = [Previous Selected BatchID Row]
VAR Subs = [# Defended Subscriptions Snapshot]
RETURN
CALCULATE(Subs,'Distinct BatchID_DefenderSnapshot'[RowNum]=PrevBatchID) | REFERENCES: # Defended Subscriptions Snapshot -> M_Defender + SUM(DefendableSubscriptions_Snapshot[DefendedSubscription]), Previous Selected BatchID Row -> M_Defender + [Selected BatchID Row] - 1, Selected BatchID Row -> M_Defender + MAX('Distinct BatchID_DefenderSnapshot'[RowNum])","The name indicates it calculates defended subscriptions for the previous selected BatchID, which is clear given the context.","The name reflects the calculation, which filters defended subscriptions based on the previous BatchID row.",There are no problematic abbreviations in the measure name.,1.6999999999999997,1.6999999999999997,1.0,0.2,0.2,0.2,0.2,0.3,0.3,0.2,0.2,0.4,0.4,0.4,0.4,4,GREEN,#00FF00
M_Defender,# Defended Subscriptions Growth over Previous Snapshot,"VAR S = [Selected Defended Subscriptions] - [Previous Selected Defended Subscriptions]
RETURN
IF(ISBLANK([# Defended Subscriptions Snapshot]),BLANK(),S)",,warning,No,,No,,Yes,"# defended subscriptions snapshot, previous selected defended subscriptions, selected defended subscriptions",No,,"# Defended Subscriptions Growth over Previous Snapshot -> M_Defender + VAR S = [Selected Defended Subscriptions] - [Previous Selected Defended Subscriptions]
RETURN
IF(ISBLANK([# Defended Subscriptions Snapshot]),BLANK(),S) | REFERENCES: # Defended Subscriptions Snapshot -> M_Defender + SUM(DefendableSubscriptions_Snapshot[DefendedSubscription]), Previous Selected Defended Subscriptions -> M_Defender + VAR BatchID = [Selected BatchID Row]
VAR PrevBatchID = [Previous Selected BatchID Row]
VAR Subs = [# Defended Subscriptions Snapshot]
RETURN
CALCULATE(Subs,'Distinct BatchID_DefenderSnapshot'[RowNum]=PrevBatchID), Selected Defended Subscriptions -> M_Defender + VAR BatchID = [Selected BatchID Row]
VAR PrevBatchID = [Previous Selected BatchID Row]
VAR Subs = [# Defended Subscriptions Snapshot]
RETURN
CALCULATE(Subs,'Distinct BatchID_DefenderSnapshot'[RowNum]=BatchID)","The name indicates it calculates the growth in defended subscriptions compared to the previous snapshot, which is clear given the context.","The name reflects the calculation, which is the difference between selected defended subscriptions and previous defended subscriptions.",There are no problematic abbreviations in the measure name.,1.4,1.6999999999999997,0.823529411764706,0.2,0.2,0.2,0.2,0.0,0.3,0.2,0.2,0.4,0.4,0.4,0.4,3,YELLOW,#FFFF00
M_Defender,CSAM Defender Subscription Title,"VAR LCM = MAX(DimDate[IsLastAzureClosedMonth])
VAR COM = MAX(DimDate[IsCurrentAzureMonth])
VAR A = ""# Defended Subscriptions and Potential Defender ACR by Account   (Last Closed Month Only)""
VAR B = ""# Defended Subscriptions and Potential Defender ACR by Account   (Current Open Month Only)""
RETURN
IF(LCM=1,A,B)",,warning,No,,No,,No,,No,,"CSAM Defender Subscription Title -> M_Defender + VAR LCM = MAX(DimDate[IsLastAzureClosedMonth])
VAR COM = MAX(DimDate[IsCurrentAzureMonth])
VAR A = ""# Defended Subscriptions and Potential Defender ACR by Account   (Last Closed Month Only)""
VAR B = ""# Defended Subscriptions and Potential Defender ACR by Account   (Current Open Month Only)""
RETURN
IF(LCM=1,A,B)","The name indicates it provides a title related to CSAM Defender subscriptions, which is clear given the context.","The name reflects the calculation, which returns a title based on the last closed month or current open month.",There are no problematic abbreviations in the measure name.,1.4,1.6999999999999997,0.823529411764706,0.2,0.2,0.2,0.2,0.0,0.3,0.2,0.2,0.4,0.4,0.4,0.4,3,YELLOW,#FFFF00
M_Defender,% Accounts w/ Defender Conversation Complete,"VAR A = CALCULATE(SUM(DefenderActivities[CompleteStatus]),DefendableAccounts[DefendableAccount]=1)
VAR B = SUM(DefendableAccounts[DefendableAccount])
RETURN
DIVIDE(A , B)",,warning,No,,No,,No,,No,,"% Accounts w/ Defender Conversation Complete -> M_Defender + VAR A = CALCULATE(SUM(DefenderActivities[CompleteStatus]),DefendableAccounts[DefendableAccount]=1)
VAR B = SUM(DefendableAccounts[DefendableAccount])
RETURN
DIVIDE(A , B)","The name indicates it calculates the percentage of accounts with completed Defender conversations, which is clear given the context.","The name reflects the calculation, which divides completed Defender conversations by the total defendable accounts.",There are no problematic abbreviations in the measure name.,1.4,1.6999999999999997,0.823529411764706,0.2,0.2,0.2,0.2,0.0,0.3,0.2,0.2,0.4,0.4,0.4,0.4,3,YELLOW,#FFFF00
M_Defender,Defender Conversation w/ Customer,MAX(DefenderActivities[Status]),,warning,No,,No,,No,,No,,Defender Conversation w/ Customer -> M_Defender + MAX(DefenderActivities[Status]),"The name indicates it retrieves the status of a Defender conversation with a customer, which is clear given the context.","The name reflects the calculation, which retrieves the maximum status value for Defender conversations.",There are no problematic abbreviations in the measure name.,1.4,1.6999999999999997,0.823529411764706,0.2,0.2,0.2,0.2,0.0,0.3,0.2,0.2,0.4,0.4,0.4,0.4,3,YELLOW,#FFFF00
M_Defender,$ Defender ACR (Snapshot),SUM(DefendableSubscriptions_Snapshot[DefenderACR]),,warning,No,,No,,No,,No,,$ Defender ACR (Snapshot) -> M_Defender + SUM(DefendableSubscriptions_Snapshot[DefenderACR]),"The name indicates it calculates Defender ACR for a snapshot, which is clear given the context.","The name reflects the calculation, which sums Defender ACR values for the snapshot.",There are no problematic abbreviations in the measure name.,1.4,1.6999999999999997,0.823529411764706,0.2,0.2,0.2,0.2,0.0,0.3,0.2,0.2,0.4,0.4,0.4,0.4,3,YELLOW,#FFFF00
M_Defender,$ Defender ACR (sub),SUM(DefendableSubscriptions[DefenderACR]),,warning,No,,No,,No,,No,,$ Defender ACR (sub) -> M_Defender + SUM(DefendableSubscriptions[DefenderACR]),"The name indicates it calculates Defender ACR for subscriptions, which is clear given the context.","The name reflects the calculation, which sums Defender ACR values for subscriptions.",There are no problematic abbreviations in the measure name.,1.4,1.6999999999999997,0.823529411764706,0.2,0.2,0.2,0.2,0.0,0.3,0.2,0.2,0.4,0.4,0.4,0.4,3,YELLOW,#FFFF00
M_Defender,$ Defendable ACR (sub),SUM(DefendableSubscriptions[DefendableACR]),,good,No,,No,,No,,Yes,,$ Defendable ACR (sub) -> M_Defender + SUM(DefendableSubscriptions[DefendableACR]),"The name indicates it calculates defendable ACR for subscriptions, which is clear given the context.","The name reflects the calculation, which sums defendable ACR values for subscriptions.",There are no problematic abbreviations in the measure name.,1.6999999999999997,1.6999999999999997,1.0,0.2,0.2,0.2,0.2,0.3,0.3,0.2,0.2,0.4,0.4,0.4,0.4,4,GREEN,#00FF00
M_Defender,$ Potential Defender ACR (sub),[$ Defendable ACR (sub)] * 0.08,,warning,No,,No,,Yes,$ defendable acr (sub),No,,$ Potential Defender ACR (sub) -> M_Defender + [$ Defendable ACR (sub)] * 0.08 | REFERENCES: $ Defendable ACR (sub) -> M_Defender + SUM(DefendableSubscriptions[DefendableACR]),"The name indicates it calculates potential Defender ACR for subscriptions, which is clear given the context.","The name reflects the calculation, which multiplies defendable ACR by 0.08 to calculate potential Defender ACR.",There are no problematic abbreviations in the measure name.,1.4,1.6999999999999997,0.823529411764706,0.2,0.2,0.2,0.2,0.0,0.3,0.2,0.2,0.4,0.4,0.4,0.4,3,YELLOW,#FFFF00
M_Defender,% Subscriptions Defended,"DIVIDE([# Defended Subscriptions] , [# Defendable Subscriptions])",,warning,No,,No,,Yes,"# defendable subscriptions, # defended subscriptions",No,,"% Subscriptions Defended -> M_Defender + DIVIDE([# Defended Subscriptions] , [# Defendable Subscriptions]) | REFERENCES: # Defendable Subscriptions -> M_Defender + SUM(DefendableSubscriptions[DefendableSubscription]), # Defended Subscriptions -> M_Defender + SUM(DefendableSubscriptions[Defended Subscription])","The name clearly indicates it calculates the percentage of subscriptions defended, which aligns with the context provided.","The name reflects the calculation, which divides defended subscriptions by defendable subscriptions.",There are no problematic abbreviations in the measure name.,1.4,1.6999999999999997,0.823529411764706,0.2,0.2,0.2,0.2,0.0,0.3,0.2,0.2,0.4,0.4,0.4,0.4,3,YELLOW,#FFFF00
M_Defender,$ Azure Firewall ACR,"CALCULATE([$ ACR],'Distinct ServiceLevel4'[ServiceLevel2] in {""Azure Firewall""})",,good,No,,No,,Yes,$ acr,Yes,,"$ Azure Firewall ACR -> M_Defender + CALCULATE([$ ACR],'Distinct ServiceLevel4'[ServiceLevel2] in {""Azure Firewall""}) | REFERENCES: $ ACR -> M_ACR + VAR CY = SUM(ACR_CY[AzureConsumedRevenue])
VAR PY = SUM(ACR_PY[AzureConsumedRevenue])
VAR A = CY + PY
VAR S = IF(ISFILTERED(DimCustomer[TPAccountName]),BLANK(),SUM(ACR_Summarized[AzureConsumedRevenue]))
VAR SelectedView = SELECTEDVALUE(DimViewType[ViewType])
RETURN
SWITCH(SelectedView,""Non-Curated"",S,A)","The name indicates it calculates Azure Firewall ACR, which is clear given the context.","The name reflects the calculation, which filters ACR values for Azure Firewall.",There are no problematic abbreviations in the measure name.,1.6999999999999997,1.6999999999999997,1.0,0.2,0.2,0.2,0.2,0.3,0.3,0.2,0.2,0.4,0.4,0.4,0.4,4,GREEN,#00FF00
M_Defender,$ Azure Front Door ACR,"CALCULATE([$ ACR],'Distinct ServiceLevel4'[ServiceLevel2] in {""Azure Front Door Service""})",,good,No,,No,,Yes,$ acr,Yes,,"$ Azure Front Door ACR -> M_Defender + CALCULATE([$ ACR],'Distinct ServiceLevel4'[ServiceLevel2] in {""Azure Front Door Service""}) | REFERENCES: $ ACR -> M_ACR + VAR CY = SUM(ACR_CY[AzureConsumedRevenue])
VAR PY = SUM(ACR_PY[AzureConsumedRevenue])
VAR A = CY + PY
VAR S = IF(ISFILTERED(DimCustomer[TPAccountName]),BLANK(),SUM(ACR_Summarized[AzureConsumedRevenue]))
VAR SelectedView = SELECTEDVALUE(DimViewType[ViewType])
RETURN
SWITCH(SelectedView,""Non-Curated"",S,A)",The name '$ Azure Front Door ACR' is self-explanatory as it clearly indicates it calculates Azure Consumed Revenue (ACR) for the Azure Front Door service.,"The name accurately reflects the calculation, which filters ACR data for the 'Azure Front Door Service' as described in the context.",There are no problematic abbreviations in the name. '$' and 'ACR' are standard abbreviations in the business context.,1.6999999999999997,1.6999999999999997,1.0,0.2,0.2,0.2,0.2,0.3,0.3,0.2,0.2,0.4,0.4,0.4,0.4,4,GREEN,#00FF00
M_Defender,$ Azure DDOS ACR,"CALCULATE([$ ACR],'Distinct ServiceLevel4'[ServiceLevel2] in {""Azure DDOS Protection""})",,good,No,,No,,Yes,$ acr,Yes,,"$ Azure DDOS ACR -> M_Defender + CALCULATE([$ ACR],'Distinct ServiceLevel4'[ServiceLevel2] in {""Azure DDOS Protection""}) | REFERENCES: $ ACR -> M_ACR + VAR CY = SUM(ACR_CY[AzureConsumedRevenue])
VAR PY = SUM(ACR_PY[AzureConsumedRevenue])
VAR A = CY + PY
VAR S = IF(ISFILTERED(DimCustomer[TPAccountName]),BLANK(),SUM(ACR_Summarized[AzureConsumedRevenue]))
VAR SelectedView = SELECTEDVALUE(DimViewType[ViewType])
RETURN
SWITCH(SelectedView,""Non-Curated"",S,A)",The name '$ Azure DDOS ACR' is self-explanatory as it clearly indicates it calculates Azure Consumed Revenue (ACR) for the Azure DDOS Protection service.,"The name accurately reflects the calculation, which filters ACR data for the 'Azure DDOS Protection' service as described in the context.",There are no problematic abbreviations in the name. '$' and 'ACR' are standard abbreviations in the business context.,1.6999999999999997,1.6999999999999997,1.0,0.2,0.2,0.2,0.2,0.3,0.3,0.2,0.2,0.4,0.4,0.4,0.4,4,GREEN,#00FF00
M_Defender,$ Network Security ACR,"CALCULATE([$ ACR],'Distinct SubStrategicPillar'[StrategicPillar]=""Network Security + IAM"")",,warning,No,,No,,Yes,$ acr,No,,"$ Network Security ACR -> M_Defender + CALCULATE([$ ACR],'Distinct SubStrategicPillar'[StrategicPillar]=""Network Security + IAM"") | REFERENCES: $ ACR -> M_ACR + VAR CY = SUM(ACR_CY[AzureConsumedRevenue])
VAR PY = SUM(ACR_PY[AzureConsumedRevenue])
VAR A = CY + PY
VAR S = IF(ISFILTERED(DimCustomer[TPAccountName]),BLANK(),SUM(ACR_Summarized[AzureConsumedRevenue]))
VAR SelectedView = SELECTEDVALUE(DimViewType[ViewType])
RETURN
SWITCH(SelectedView,""Non-Curated"",S,A)",The name '$ Network Security ACR' is self-explanatory as it clearly indicates it calculates Azure Consumed Revenue (ACR) for the Network Security and IAM strategic pillar.,"The name accurately reflects the calculation, which filters ACR data for the 'Network Security + IAM' strategic pillar as described in the context.",There are no problematic abbreviations in the name. '$' and 'ACR' are standard abbreviations in the business context.,1.4,1.6999999999999997,0.823529411764706,0.2,0.2,0.2,0.2,0.0,0.3,0.2,0.2,0.4,0.4,0.4,0.4,3,YELLOW,#FFFF00
M_Defender,$ WAF Application Gateway ACR,"CALCULATE([$ ACR],'Distinct ServiceLevel4'[ServiceLevel4] in {""WAF Application Gateway""})",,warning,No,,No,,Yes,$ acr,No,,"$ WAF Application Gateway ACR -> M_Defender + CALCULATE([$ ACR],'Distinct ServiceLevel4'[ServiceLevel4] in {""WAF Application Gateway""}) | REFERENCES: $ ACR -> M_ACR + VAR CY = SUM(ACR_CY[AzureConsumedRevenue])
VAR PY = SUM(ACR_PY[AzureConsumedRevenue])
VAR A = CY + PY
VAR S = IF(ISFILTERED(DimCustomer[TPAccountName]),BLANK(),SUM(ACR_Summarized[AzureConsumedRevenue]))
VAR SelectedView = SELECTEDVALUE(DimViewType[ViewType])
RETURN
SWITCH(SelectedView,""Non-Curated"",S,A)",The name '$ WAF Application Gateway ACR' is self-explanatory as it clearly indicates it calculates Azure Consumed Revenue (ACR) for the WAF Application Gateway service.,"The name accurately reflects the calculation, which filters ACR data for the 'WAF Application Gateway' service as described in the context.","There are no problematic abbreviations in the name. '$', 'WAF', and 'ACR' are standard abbreviations in the business context.",1.4,1.6999999999999997,0.823529411764706,0.2,0.2,0.2,0.2,0.0,0.3,0.2,0.2,0.4,0.4,0.4,0.4,3,YELLOW,#FFFF00
M_Defender,$ Defender for AI Services ACR,"CALCULATE([$ ACR],'Distinct ServiceLevel4'[ServiceLevel4]=""Microsoft Defender for AI Services"")",,good,No,,No,,Yes,$ acr,Yes,,"$ Defender for AI Services ACR -> M_Defender + CALCULATE([$ ACR],'Distinct ServiceLevel4'[ServiceLevel4]=""Microsoft Defender for AI Services"") | REFERENCES: $ ACR -> M_ACR + VAR CY = SUM(ACR_CY[AzureConsumedRevenue])
VAR PY = SUM(ACR_PY[AzureConsumedRevenue])
VAR A = CY + PY
VAR S = IF(ISFILTERED(DimCustomer[TPAccountName]),BLANK(),SUM(ACR_Summarized[AzureConsumedRevenue]))
VAR SelectedView = SELECTEDVALUE(DimViewType[ViewType])
RETURN
SWITCH(SelectedView,""Non-Curated"",S,A)",The name '$ Defender for AI Services ACR' is self-explanatory as it clearly indicates it calculates Azure Consumed Revenue (ACR) for Microsoft Defender for AI Services.,"The name accurately reflects the calculation, which filters ACR data for 'Microsoft Defender for AI Services' as described in the context.",There are no problematic abbreviations in the name. '$' and 'ACR' are standard abbreviations in the business context.,1.6999999999999997,1.6999999999999997,1.0,0.2,0.2,0.2,0.2,0.3,0.3,0.2,0.2,0.4,0.4,0.4,0.4,4,GREEN,#00FF00
M_Defender,$ Azure OpenAI ACR,"CALCULATE(M_ACR[$ ACR],FILTER('Distinct ServiceLevel4','Distinct ServiceLevel4'[ServiceLevel4] in {""Azure OpenAI""}))",,good,No,,Yes,$ acr,Yes,$ acr,Yes,"Please use unqualified measures references i.e., [Measure Name] instead of Fully Qualified reference i.e., Table[MeasureName] or 'Table'[MeasureName]. Referenced measures: $ acr","$ Azure OpenAI ACR -> M_Defender + CALCULATE(M_ACR[$ ACR],FILTER('Distinct ServiceLevel4','Distinct ServiceLevel4'[ServiceLevel4] in {""Azure OpenAI""})) | REFERENCES: $ ACR -> M_ACR + VAR CY = SUM(ACR_CY[AzureConsumedRevenue])
VAR PY = SUM(ACR_PY[AzureConsumedRevenue])
VAR A = CY + PY
VAR S = IF(ISFILTERED(DimCustomer[TPAccountName]),BLANK(),SUM(ACR_Summarized[AzureConsumedRevenue]))
VAR SelectedView = SELECTEDVALUE(DimViewType[ViewType])
RETURN
SWITCH(SelectedView,""Non-Curated"",S,A)",The name '$ Azure OpenAI ACR' is self-explanatory as it clearly indicates it calculates Azure Consumed Revenue (ACR) for the Azure OpenAI service.,"The name accurately reflects the calculation, which filters ACR data for the 'Azure OpenAI' service as described in the context.",There are no problematic abbreviations in the name. '$' and 'ACR' are standard abbreviations in the business context.,1.5,1.6999999999999997,0.8823529411764707,0.0,0.2,0.2,0.2,0.3,0.3,0.2,0.2,0.4,0.4,0.4,0.4,4,GREEN,#00FF00
M_Defender,% Defender for AI Services ACR of Total AI Services ACR,"VAR Defender = [$ Azure OpenAI ACR] * 0.08
RETURN
DIVIDE(M_Defender[$ Defender for AI Services ACR] , [$ Azure OpenAI ACR])",,issue,No,,Yes,$ defender for ai services acr,Yes,"$ azure openai acr, $ defender for ai services acr",No,"Please use unqualified measures references i.e., [Measure Name] instead of Fully Qualified reference i.e., Table[MeasureName] or 'Table'[MeasureName]. Referenced measures: $ defender for ai services acr","% Defender for AI Services ACR of Total AI Services ACR -> M_Defender + VAR Defender = [$ Azure OpenAI ACR] * 0.08
RETURN
DIVIDE(M_Defender[$ Defender for AI Services ACR] , [$ Azure OpenAI ACR]) | REFERENCES: $ Azure OpenAI ACR -> M_Defender + CALCULATE(M_ACR[$ ACR],FILTER('Distinct ServiceLevel4','Distinct ServiceLevel4'[ServiceLevel4] in {""Azure OpenAI""})), $ Defender for AI Services ACR -> M_Defender + CALCULATE([$ ACR],'Distinct ServiceLevel4'[ServiceLevel4]=""Microsoft Defender for AI Services"")",The name '% Defender for AI Services ACR of Total AI Services ACR' is self-explanatory as it clearly indicates it calculates the percentage of Defender for AI Services ACR relative to Total AI Services ACR.,"The name accurately reflects the calculation, which divides Defender for AI Services ACR by Total AI Services ACR as described in the context.",There are no problematic abbreviations in the name. '%' and 'ACR' are standard abbreviations in the business context.,1.2000000000000002,1.6999999999999997,0.7058823529411767,0.0,0.2,0.2,0.2,0.0,0.3,0.2,0.2,0.4,0.4,0.4,0.4,2,ORANGE,#FFA500
M_Pipe,$ ACR Pipe All,"CALCULATE(SUM(F_AzureConsumptionPipe[EstUsage]),FILTER(F_AzureConsumptionPipe,NOT F_AzureConsumptionPipe[MileStoneStatus] IN {""Cancelled"",""Lost to Competitor"",""Hygiene/Duplicate""}), FILTER(F_AzureConsumptionPipe, NOT F_AzureConsumptionPipe[ConsumptionStatusReasonCombined] IN {""Closed - Pipeline Hygiene/Duplicate"",""Closed - Cancelled/Delayed"",""Closed - Lost"",""Closed - Cancelled by Customer""}))",,good,No,,No,,No,,Yes,,"$ ACR Pipe All -> M_Pipe + CALCULATE(SUM(F_AzureConsumptionPipe[EstUsage]),FILTER(F_AzureConsumptionPipe,NOT F_AzureConsumptionPipe[MileStoneStatus] IN {""Cancelled"",""Lost to Competitor"",""Hygiene/Duplicate""}), FILTER(F_AzureConsumptionPipe, NOT F_AzureConsumptionPipe[ConsumptionStatusReasonCombined] IN {""Closed - Pipeline Hygiene/Duplicate"",""Closed - Cancelled/Delayed"",""Closed - Lost"",""Closed - Cancelled by Customer""}))",The name '$ ACR Pipe All' is self-explanatory as it indicates it calculates Azure Consumed Revenue (ACR) for all pipeline data.,"The name accurately reflects the calculation, which sums estimated usage for all pipeline data excluding specific statuses as described in the context.",There are no problematic abbreviations in the name. '$' and 'ACR' are standard abbreviations in the business context.,1.6999999999999997,1.6999999999999997,1.0,0.2,0.2,0.2,0.2,0.3,0.3,0.2,0.2,0.4,0.4,0.4,0.4,4,GREEN,#00FF00
M_Pipe,$ Defender Pipe,"CALCULATE([$ ACR Pipe All],FILTER(F_AzureConsumptionPipe,F_AzureConsumptionPipe[StrategicPillar]=""Defender for Cloud""))",,good,No,,No,,Yes,$ acr pipe all,Yes,,"$ Defender Pipe -> M_Pipe + CALCULATE([$ ACR Pipe All],FILTER(F_AzureConsumptionPipe,F_AzureConsumptionPipe[StrategicPillar]=""Defender for Cloud"")) | REFERENCES: $ ACR Pipe All -> M_Pipe + CALCULATE(SUM(F_AzureConsumptionPipe[EstUsage]),FILTER(F_AzureConsumptionPipe,NOT F_AzureConsumptionPipe[MileStoneStatus] IN {""Cancelled"",""Lost to Competitor"",""Hygiene/Duplicate""}), FILTER(F_AzureConsumptionPipe, NOT F_AzureConsumptionPipe[ConsumptionStatusReasonCombined] IN {""Closed - Pipeline Hygiene/Duplicate"",""Closed - Cancelled/Delayed"",""Closed - Lost"",""Closed - Cancelled by Customer""}))",The name '$ Defender Pipe' is self-explanatory as it indicates it calculates pipeline data specific to Defender for Cloud.,"The name accurately reflects the calculation, which filters pipeline data for the 'Defender for Cloud' strategic pillar as described in the context.",There are no problematic abbreviations in the name. '$' is a standard abbreviation in the business context.,1.6999999999999997,1.6999999999999997,1.0,0.2,0.2,0.2,0.2,0.3,0.3,0.2,0.2,0.4,0.4,0.4,0.4,4,GREEN,#00FF00
M_Pipe,$ Defender Stage 1 Pipe,"CALCULATE([$ Defender Pipe],FILTER(F_AzureConsumptionPipe,F_AzureConsumptionPipe[SalesStageName]=""Listen & Consult""))",,good,No,,No,,Yes,$ defender pipe,Yes,,"$ Defender Stage 1 Pipe -> M_Pipe + CALCULATE([$ Defender Pipe],FILTER(F_AzureConsumptionPipe,F_AzureConsumptionPipe[SalesStageName]=""Listen & Consult"")) | REFERENCES: $ Defender Pipe -> M_Pipe + CALCULATE([$ ACR Pipe All],FILTER(F_AzureConsumptionPipe,F_AzureConsumptionPipe[StrategicPillar]=""Defender for Cloud""))",The name '$ Defender Stage 1 Pipe' is self-explanatory as it indicates it calculates pipeline data for Defender at Stage 1 (Listen & Consult).,"The name accurately reflects the calculation, which filters pipeline data for Stage 1 (Listen & Consult) within Defender as described in the context.",There are no problematic abbreviations in the name. '$' is a standard abbreviation in the business context.,1.6999999999999997,1.6999999999999997,1.0,0.2,0.2,0.2,0.2,0.3,0.3,0.2,0.2,0.4,0.4,0.4,0.4,4,GREEN,#00FF00
M_Pipe,$ Defender Uncommitted Qualified Pipe,"CALCULATE([$ Defender Pipe], FILTER(F_AzureConsumptionPipe,F_AzureConsumptionPipe[SalesStageName]<>""Listen & Consult""),FILTER(F_AzureConsumptionPipe,F_AzureConsumptionPipe[CommitmentRecommendation]<>""Committed""))",,good,No,,No,,Yes,$ defender pipe,Yes,,"$ Defender Uncommitted Qualified Pipe -> M_Pipe + CALCULATE([$ Defender Pipe], FILTER(F_AzureConsumptionPipe,F_AzureConsumptionPipe[SalesStageName]<>""Listen & Consult""),FILTER(F_AzureConsumptionPipe,F_AzureConsumptionPipe[CommitmentRecommendation]<>""Committed"")) | REFERENCES: $ Defender Pipe -> M_Pipe + CALCULATE([$ ACR Pipe All],FILTER(F_AzureConsumptionPipe,F_AzureConsumptionPipe[StrategicPillar]=""Defender for Cloud""))",The name '$ Defender Uncommitted Qualified Pipe' is self-explanatory as it indicates it calculates pipeline data for uncommitted qualified Defender opportunities.,"The name accurately reflects the calculation, which filters pipeline data for uncommitted qualified opportunities within Defender as described in the context.",There are no problematic abbreviations in the name. '$' is a standard abbreviation in the business context.,1.6999999999999997,1.6999999999999997,1.0,0.2,0.2,0.2,0.2,0.3,0.3,0.2,0.2,0.4,0.4,0.4,0.4,4,GREEN,#00FF00
M_Pipe,$ Defender Committed Qualified Pipe,"CALCULATE([$ Defender Pipe], FILTER(F_AzureConsumptionPipe,F_AzureConsumptionPipe[SalesStageName]<>""Listen & Consult""),FILTER(F_AzureConsumptionPipe,F_AzureConsumptionPipe[CommitmentRecommendation]=""Committed""))",,good,No,,No,,Yes,$ defender pipe,Yes,,"$ Defender Committed Qualified Pipe -> M_Pipe + CALCULATE([$ Defender Pipe], FILTER(F_AzureConsumptionPipe,F_AzureConsumptionPipe[SalesStageName]<>""Listen & Consult""),FILTER(F_AzureConsumptionPipe,F_AzureConsumptionPipe[CommitmentRecommendation]=""Committed"")) | REFERENCES: $ Defender Pipe -> M_Pipe + CALCULATE([$ ACR Pipe All],FILTER(F_AzureConsumptionPipe,F_AzureConsumptionPipe[StrategicPillar]=""Defender for Cloud""))",The name '$ Defender Committed Qualified Pipe' is self-explanatory as it indicates it calculates pipeline data for committed qualified Defender opportunities.,"The name accurately reflects the calculation, which filters pipeline data for committed qualified opportunities within Defender as described in the context.",There are no problematic abbreviations in the name. '$' is a standard abbreviation in the business context.,1.6999999999999997,1.6999999999999997,1.0,0.2,0.2,0.2,0.2,0.3,0.3,0.2,0.2,0.4,0.4,0.4,0.4,4,GREEN,#00FF00
M_Pipe,% Accounts w/ Azure Pipe (filterable),"VAR A = CALCULATE(COUNTROWS('Distinct TPID for Pipe'), NOT F_AzureConsumptionPipe[MileStoneStatus] IN {""Cancelled"",""Lost to Competitor""} && NOT F_AzureConsumptionPipe[ConsumptionStatusReasonCombined] IN {""Closed - Pipeline Hygiene/Duplicate"",""Closed - Cancelled/Delayed"",""Closed - Lost"",""Closed - Cancelled by Customer""}) 
VAR Accts = [# Accounts]
RETURN
DIVIDE(A , Accts)",,good,No,,No,,Yes,# accounts,Yes,,"% Accounts w/ Azure Pipe (filterable) -> M_Pipe + VAR A = CALCULATE(COUNTROWS('Distinct TPID for Pipe'), NOT F_AzureConsumptionPipe[MileStoneStatus] IN {""Cancelled"",""Lost to Competitor""} && NOT F_AzureConsumptionPipe[ConsumptionStatusReasonCombined] IN {""Closed - Pipeline Hygiene/Duplicate"",""Closed - Cancelled/Delayed"",""Closed - Lost"",""Closed - Cancelled by Customer""}) 
VAR Accts = [# Accounts]
RETURN
DIVIDE(A , Accts) | REFERENCES: # Accounts -> DimCustomer + DISTINCTCOUNT(DimCustomer[TPID])",The name '% Accounts w/ Azure Pipe (filterable)' is self-explanatory as it indicates it calculates the percentage of accounts with Azure pipeline data that can be filtered.,"The name accurately reflects the calculation, which divides filtered pipeline account counts by total accounts as described in the context.",There are no problematic abbreviations in the name. '%' is a standard abbreviation in the business context.,1.6999999999999997,1.6999999999999997,1.0,0.2,0.2,0.2,0.2,0.3,0.3,0.2,0.2,0.4,0.4,0.4,0.4,4,GREEN,#00FF00
M_Pipe,$ ACR Pipe All Previous Week,"CALCULATE(SUM(F_AzureConsumptionPipe[EstMonthlyUsage_CW1]),FILTER(F_AzureConsumptionPipe,NOT F_AzureConsumptionPipe[MilestoneStatus_CW1] IN {""Cancelled"",""Lost to Competitor"",""Hygiene/Duplicate""}), FILTER(F_AzureConsumptionPipe, NOT F_AzureConsumptionPipe[ConsumptionStatusReasonCombined] IN {""Closed - Pipeline Hygiene/Duplicate"",""Closed - Cancelled/Delayed"",""Closed - Lost"",""Closed - Cancelled by Customer""}))",,warning,No,,No,,No,,No,,"$ ACR Pipe All Previous Week -> M_Pipe + CALCULATE(SUM(F_AzureConsumptionPipe[EstMonthlyUsage_CW1]),FILTER(F_AzureConsumptionPipe,NOT F_AzureConsumptionPipe[MilestoneStatus_CW1] IN {""Cancelled"",""Lost to Competitor"",""Hygiene/Duplicate""}), FILTER(F_AzureConsumptionPipe, NOT F_AzureConsumptionPipe[ConsumptionStatusReasonCombined] IN {""Closed - Pipeline Hygiene/Duplicate"",""Closed - Cancelled/Delayed"",""Closed - Lost"",""Closed - Cancelled by Customer""}))",The name '$ ACR Pipe All Previous Week' is self-explanatory as it indicates it calculates Azure Consumed Revenue (ACR) for all pipeline data from the previous week.,"The name accurately reflects the calculation, which sums estimated usage for all pipeline data from the previous week excluding specific statuses as described in the context.",There are no problematic abbreviations in the name. '$' and 'ACR' are standard abbreviations in the business context.,1.4,1.6999999999999997,0.823529411764706,0.2,0.2,0.2,0.2,0.0,0.3,0.2,0.2,0.4,0.4,0.4,0.4,3,YELLOW,#FFFF00
M_Pipe,$ ACR Pipe All Two Weeks Previous,"CALCULATE(SUM(F_AzureConsumptionPipe[EstMonthlyUsage_CW2]),FILTER(F_AzureConsumptionPipe,NOT F_AzureConsumptionPipe[MilestoneStatus_CW2] IN {""Cancelled"",""Lost to Competitor"",""Hygiene/Duplicate""}), FILTER(F_AzureConsumptionPipe, NOT F_AzureConsumptionPipe[ConsumptionStatusReasonCombined] IN {""Closed - Pipeline Hygiene/Duplicate"",""Closed - Cancelled/Delayed"",""Closed - Lost"",""Closed - Cancelled by Customer""}))",,warning,No,,No,,No,,No,,"$ ACR Pipe All Two Weeks Previous -> M_Pipe + CALCULATE(SUM(F_AzureConsumptionPipe[EstMonthlyUsage_CW2]),FILTER(F_AzureConsumptionPipe,NOT F_AzureConsumptionPipe[MilestoneStatus_CW2] IN {""Cancelled"",""Lost to Competitor"",""Hygiene/Duplicate""}), FILTER(F_AzureConsumptionPipe, NOT F_AzureConsumptionPipe[ConsumptionStatusReasonCombined] IN {""Closed - Pipeline Hygiene/Duplicate"",""Closed - Cancelled/Delayed"",""Closed - Lost"",""Closed - Cancelled by Customer""}))",The name '$ ACR Pipe All Two Weeks Previous' is self-explanatory as it indicates it calculates Azure Consumed Revenue (ACR) for all pipeline data from two weeks prior.,"The name accurately reflects the calculation, which sums estimated usage for all pipeline data from two weeks prior excluding specific statuses as described in the context.",There are no problematic abbreviations in the name. '$' and 'ACR' are standard abbreviations in the business context.,1.4,1.6999999999999997,0.823529411764706,0.2,0.2,0.2,0.2,0.0,0.3,0.2,0.2,0.4,0.4,0.4,0.4,3,YELLOW,#FFFF00
Ticker,Icon,"""🕘""",,issue,Yes,"Refresh Date Icon, Icon",No,,No,,No,"DUPLICATE EXPRESSION: This measure has identical expression to: Refresh Date Icon, Icon","Icon -> Ticker + ""🕘""","The name 'Icon' is self-explanatory as it clearly indicates that the measure returns a visual element, specifically an icon (🕘).","The name 'Icon' accurately reflects the calculation, which is a static Unicode character representing an icon.",There are no problematic abbreviations in the name 'Icon'.,1.2000000000000002,1.6999999999999997,0.7058823529411767,0.2,0.2,0.0,0.2,0.0,0.3,0.2,0.2,0.4,0.4,0.4,0.4,2,ORANGE,#FFA500
Text Measures,ACR Coming From,"""Where is your ACR coming from?""",,warning,No,,No,,No,,No,,"ACR Coming From -> Text Measures + ""Where is your ACR coming from?""",The name 'ACR Coming From' is self-explanatory as it indicates the measure provides information about the source of ACR.,"The name 'ACR Coming From' reflects the calculation, which returns the text 'Where is your ACR coming from?'.","The abbreviation 'ACR' is widely understood in the business context as 'Azure Consumed Revenue', making it acceptable.",1.4,1.6999999999999997,0.823529411764706,0.2,0.2,0.2,0.2,0.0,0.3,0.2,0.2,0.4,0.4,0.4,0.4,3,YELLOW,#FFFF00
Text Measures,New ACR,"""Where is your new ACR coming from?""",,warning,No,,No,,No,,No,,"New ACR -> Text Measures + ""Where is your new ACR coming from?""",The name 'New ACR' is self-explanatory as it indicates the measure relates to new Azure Consumed Revenue.,"The name 'New ACR' reflects the calculation, which returns the text 'Where is your new ACR coming from?'.","The abbreviation 'ACR' is widely understood in the business context as 'Azure Consumed Revenue', making it acceptable.",1.4,1.6999999999999997,0.823529411764706,0.2,0.2,0.2,0.2,0.0,0.3,0.2,0.2,0.4,0.4,0.4,0.4,3,YELLOW,#FFFF00
Text Measures,ACR Growing,"""What ACR is growing?""",,warning,No,,No,,No,,No,,"ACR Growing -> Text Measures + ""What ACR is growing?""",The name 'ACR Growing' is self-explanatory as it indicates the measure relates to Azure Consumed Revenue growth.,"The name 'ACR Growing' reflects the calculation, which returns the text 'What ACR is growing?'.","The abbreviation 'ACR' is widely understood in the business context as 'Azure Consumed Revenue', making it acceptable.",1.4,1.6999999999999997,0.823529411764706,0.2,0.2,0.2,0.2,0.0,0.3,0.2,0.2,0.4,0.4,0.4,0.4,3,YELLOW,#FFFF00
Text Measures,ACR Declining,"""What ACR is declining?""",,warning,No,,No,,No,,No,,"ACR Declining -> Text Measures + ""What ACR is declining?""",The name 'ACR Declining' is self-explanatory as it indicates the measure relates to Azure Consumed Revenue decline.,"The name 'ACR Declining' reflects the calculation, which returns the text 'What ACR is declining?'.","The abbreviation 'ACR' is widely understood in the business context as 'Azure Consumed Revenue', making it acceptable.",1.4,1.6999999999999997,0.823529411764706,0.2,0.2,0.2,0.2,0.0,0.3,0.2,0.2,0.4,0.4,0.4,0.4,3,YELLOW,#FFFF00
M_Epic,# Accounts w/ Epic Subscriptions,"CALCULATE([# Accounts],AzureCustomerAttributes[HasEpicACR]=""Y"")",,warning,No,,No,,Yes,# accounts,No,,"# Accounts w/ Epic Subscriptions -> M_Epic + CALCULATE([# Accounts],AzureCustomerAttributes[HasEpicACR]=""Y"") | REFERENCES: # Accounts -> DimCustomer + DISTINCTCOUNT(DimCustomer[TPID])",The name '# Accounts w/ Epic Subscriptions' is self-explanatory as it indicates the measure counts accounts with Epic subscriptions.,"The name '# Accounts w/ Epic Subscriptions' reflects the calculation, which counts distinct TPIDs where the attribute 'HasEpicACR' equals 'Y'.",The abbreviation '#' for 'Number of' is widely understood and acceptable.,1.4,1.6999999999999997,0.823529411764706,0.2,0.2,0.2,0.2,0.0,0.3,0.2,0.2,0.4,0.4,0.4,0.4,3,YELLOW,#FFFF00
M_Epic,# Accounts w/ Epic Sales Program Pipe,"CALCULATE(COUNT('Distinct TPID for Pipe'[tpid]),SalesPrograms[ProgramName]=""Epic | On Azure"")",,warning,No,,No,,No,,No,,"# Accounts w/ Epic Sales Program Pipe -> M_Epic + CALCULATE(COUNT('Distinct TPID for Pipe'[tpid]),SalesPrograms[ProgramName]=""Epic | On Azure"")",The name '# Accounts w/ Epic Sales Program Pipe' is self-explanatory as it indicates the measure counts accounts in the Epic Sales Program pipeline.,"The name '# Accounts w/ Epic Sales Program Pipe' reflects the calculation, which counts TPIDs in the Epic Sales Program pipeline.",The abbreviation '#' for 'Number of' is widely understood and acceptable.,1.4,1.6999999999999997,0.823529411764706,0.2,0.2,0.2,0.2,0.0,0.3,0.2,0.2,0.4,0.4,0.4,0.4,3,YELLOW,#FFFF00
M_Epic,$ Epic ACR,"CALCULATE([$ ACR],EpicSubscriptions[EpicSubscription]=""Y"")",,good,No,,No,,Yes,$ acr,Yes,,"$ Epic ACR -> M_Epic + CALCULATE([$ ACR],EpicSubscriptions[EpicSubscription]=""Y"") | REFERENCES: $ ACR -> M_ACR + VAR CY = SUM(ACR_CY[AzureConsumedRevenue])
VAR PY = SUM(ACR_PY[AzureConsumedRevenue])
VAR A = CY + PY
VAR S = IF(ISFILTERED(DimCustomer[TPAccountName]),BLANK(),SUM(ACR_Summarized[AzureConsumedRevenue]))
VAR SelectedView = SELECTEDVALUE(DimViewType[ViewType])
RETURN
SWITCH(SelectedView,""Non-Curated"",S,A)",The name '$ Epic ACR' is self-explanatory as it indicates the measure calculates monetary Azure Consumed Revenue for Epic subscriptions.,"The name '$ Epic ACR' reflects the calculation, which sums Azure Consumed Revenue for Epic subscriptions.",The abbreviation '$' for monetary value and 'ACR' for 'Azure Consumed Revenue' are widely understood and acceptable.,1.6999999999999997,1.6999999999999997,1.0,0.2,0.2,0.2,0.2,0.3,0.3,0.2,0.2,0.4,0.4,0.4,0.4,4,GREEN,#00FF00
M_Epic,$ Epic ACR Last Closed Month,"CALCULATE(M_Epic[$ Epic ACR],DimDate[IsLastAzureClosedMonth]=1)",,issue,No,,Yes,$ epic acr,Yes,$ epic acr,No,"Please use unqualified measures references i.e., [Measure Name] instead of Fully Qualified reference i.e., Table[MeasureName] or 'Table'[MeasureName]. Referenced measures: $ epic acr","$ Epic ACR Last Closed Month -> M_Epic + CALCULATE(M_Epic[$ Epic ACR],DimDate[IsLastAzureClosedMonth]=1) | REFERENCES: $ Epic ACR -> M_Epic + CALCULATE([$ ACR],EpicSubscriptions[EpicSubscription]=""Y"")",The name '$ Epic ACR Last Closed Month' is self-explanatory as it indicates the measure calculates Azure Consumed Revenue for Epic subscriptions in the last closed month.,"The name '$ Epic ACR Last Closed Month' reflects the calculation, which filters '$ Epic ACR' for the last closed month.",The abbreviation '$' for monetary value and 'ACR' for 'Azure Consumed Revenue' are widely understood and acceptable.,1.2000000000000002,1.6999999999999997,0.7058823529411767,0.0,0.2,0.2,0.2,0.0,0.3,0.2,0.2,0.4,0.4,0.4,0.4,2,ORANGE,#FFA500
M_Epic,$ Epic Avg Daily ACR MoM Growth LCM,"CALCULATE([$ Avg Daily ACR MoM Change],DimDate[IsLastAzureClosedMonth]=1,EpicSubscriptions[EpicSubscription]=""Y"")",,warning,No,,No,,Yes,$ avg daily acr mom change,No,,"$ Epic Avg Daily ACR MoM Growth LCM -> M_Epic + CALCULATE([$ Avg Daily ACR MoM Change],DimDate[IsLastAzureClosedMonth]=1,EpicSubscriptions[EpicSubscription]=""Y"") | REFERENCES: $ Avg Daily ACR MoM Change -> M_ACR + [$ Avg Daily ACR Latest Selected Month] - [$ Avg Daily ACR Previous Selected Month]",The name '$ Epic Avg Daily ACR MoM Growth LCM' is self-explanatory as it indicates the measure calculates the month-over-month growth of average daily Azure Consumed Revenue for Epic subscriptions in the last closed month.,"The name '$ Epic Avg Daily ACR MoM Growth LCM' reflects the calculation, which computes the month-over-month change in average daily Azure Consumed Revenue for Epic subscriptions in the last closed month.","The abbreviations '$', 'ACR', 'MoM', and 'LCM' are widely understood in the business context, making them acceptable.",1.4,1.6999999999999997,0.823529411764706,0.2,0.2,0.2,0.2,0.0,0.3,0.2,0.2,0.4,0.4,0.4,0.4,3,YELLOW,#FFFF00
M_Epic,% Epic Avg Daily ACR Growth LCM,"CALCULATE([% Avg Daily ACR MoM Change Last Closed Month],EpicSubscriptions[EpicSubscription]=""Y"")",,warning,No,,No,,Yes,% avg daily acr mom change last closed month,No,,"% Epic Avg Daily ACR Growth LCM -> M_Epic + CALCULATE([% Avg Daily ACR MoM Change Last Closed Month],EpicSubscriptions[EpicSubscription]=""Y"") | REFERENCES: % Avg Daily ACR MoM Change Last Closed Month -> M_ACR + VAR Change = [$ Avg Daily ACR Last Closed Month] - [$ Avg Daily ACR Previous Last Closed Month]
RETURN
DIVIDE(Change , [$ Avg Daily ACR Previous Last Closed Month])",The name '% Epic Avg Daily ACR Growth LCM' is self-explanatory as it indicates the measure calculates the percentage growth of average daily Azure Consumed Revenue for Epic subscriptions in the last closed month.,"The name '% Epic Avg Daily ACR Growth LCM' reflects the calculation, which computes the percentage change in average daily Azure Consumed Revenue for Epic subscriptions in the last closed month.","The abbreviations '%', 'ACR', 'Avg', and 'LCM' are widely understood in the business context, making them acceptable.",1.4,1.6999999999999997,0.823529411764706,0.2,0.2,0.2,0.2,0.0,0.3,0.2,0.2,0.4,0.4,0.4,0.4,3,YELLOW,#FFFF00
M_Epic,$ Epic Sales Program Pipe,"CALCULATE([$ ACR Pipe All],SalesPrograms[ProgramName]=""Epic | On Azure"")",,warning,No,,No,,Yes,$ acr pipe all,No,,"$ Epic Sales Program Pipe -> M_Epic + CALCULATE([$ ACR Pipe All],SalesPrograms[ProgramName]=""Epic | On Azure"") | REFERENCES: $ ACR Pipe All -> M_Pipe + CALCULATE(SUM(F_AzureConsumptionPipe[EstUsage]),FILTER(F_AzureConsumptionPipe,NOT F_AzureConsumptionPipe[MileStoneStatus] IN {""Cancelled"",""Lost to Competitor"",""Hygiene/Duplicate""}), FILTER(F_AzureConsumptionPipe, NOT F_AzureConsumptionPipe[ConsumptionStatusReasonCombined] IN {""Closed - Pipeline Hygiene/Duplicate"",""Closed - Cancelled/Delayed"",""Closed - Lost"",""Closed - Cancelled by Customer""}))",The name '$ Epic Sales Program Pipe' is self-explanatory as it indicates the measure calculates the monetary value of the Epic Sales Program pipeline.,"The name '$ Epic Sales Program Pipe' reflects the calculation, which sums the estimated usage for the Epic Sales Program pipeline.",The abbreviation '$' for monetary value is widely understood and acceptable.,1.4,1.6999999999999997,0.823529411764706,0.2,0.2,0.2,0.2,0.0,0.3,0.2,0.2,0.4,0.4,0.4,0.4,3,YELLOW,#FFFF00
M_Epic,% Epic ACR / Total Organic ACR,"VAR E = M_Epic[$ Epic ACR]
VAR A = CALCULATE([$ Organic ACR],AzureCustomerAttributes[HasEpicACR]=""Y"")
RETURN
DIVIDE(E , A)",,issue,No,,Yes,$ epic acr,Yes,"$ epic acr, $ organic acr",No,"Please use unqualified measures references i.e., [Measure Name] instead of Fully Qualified reference i.e., Table[MeasureName] or 'Table'[MeasureName]. Referenced measures: $ epic acr","% Epic ACR / Total Organic ACR -> M_Epic + VAR E = M_Epic[$ Epic ACR]
VAR A = CALCULATE([$ Organic ACR],AzureCustomerAttributes[HasEpicACR]=""Y"")
RETURN
DIVIDE(E , A) | REFERENCES: $ Epic ACR -> M_Epic + CALCULATE([$ ACR],EpicSubscriptions[EpicSubscription]=""Y""), $ Organic ACR -> M_ACR + CALCULATE(M_ACR[$ ACR],'Distinct AdjustmentFlag'[AdjustmentFlag]=""N/A"")",The name '% Epic ACR / Total Organic ACR' is self-explanatory as it indicates the measure calculates the percentage of Epic Azure Consumed Revenue relative to total organic Azure Consumed Revenue.,"The name '% Epic ACR / Total Organic ACR' reflects the calculation, which divides '$ Epic ACR' by '$ Organic ACR'.","The abbreviations '%', 'ACR', and 'Total' are widely understood in the business context, making them acceptable.",1.2000000000000002,1.6999999999999997,0.7058823529411767,0.0,0.2,0.2,0.2,0.0,0.3,0.2,0.2,0.4,0.4,0.4,0.4,2,ORANGE,#FFA500
M_Epic,# Epic Subscriptions,COUNT(EpicSubscriptions[SubscriptionGUID]),,warning,No,,No,,No,,No,,# Epic Subscriptions -> M_Epic + COUNT(EpicSubscriptions[SubscriptionGUID]),The name '# Epic Subscriptions' is self-explanatory as it indicates the measure counts the number of Epic subscriptions.,"The name '# Epic Subscriptions' reflects the calculation, which counts the number of Epic subscription GUIDs.",The abbreviation '#' for 'Number of' is widely understood and acceptable.,1.4,1.6999999999999997,0.823529411764706,0.2,0.2,0.2,0.2,0.0,0.3,0.2,0.2,0.4,0.4,0.4,0.4,3,YELLOW,#FFFF00
M_Epic,% Epic YoY Growth LCM,"CALCULATE([% Avg Daily ACR YoY Last Closed Month],EpicSubscriptions[EpicSubscription]=""Y"")",,warning,No,,No,,Yes,% avg daily acr yoy last closed month,No,,"% Epic YoY Growth LCM -> M_Epic + CALCULATE([% Avg Daily ACR YoY Last Closed Month],EpicSubscriptions[EpicSubscription]=""Y"") | REFERENCES: % Avg Daily ACR YoY Last Closed Month -> M_ACR + CALCULATE(M_ACR[% Avg Daily ACR YoY],DimDate[IsLastAzureClosedMonth]=1)",The name '% Epic YoY Growth LCM' is self-explanatory as it indicates the measure calculates the year-over-year percentage growth of Epic metrics for the last closed month.,"The name '% Epic YoY Growth LCM' reflects the calculation, which computes the year-over-year percentage change for average daily Azure Consumed Revenue in the last closed month.","The abbreviations '%', 'YoY', and 'LCM' are widely understood in the business context, making them acceptable.",1.4,1.6999999999999997,0.823529411764706,0.2,0.2,0.2,0.2,0.0,0.3,0.2,0.2,0.4,0.4,0.4,0.4,3,YELLOW,#FFFF00
M_Epic,$ Epic Pipe (Workload),"CALCULATE([$ ACR Pipe All],F_AzureConsumptionPipe[Workload]=""Infra: Epic on Azure (EoA)"")",,good,No,,No,,Yes,$ acr pipe all,Yes,,"$ Epic Pipe (Workload) -> M_Epic + CALCULATE([$ ACR Pipe All],F_AzureConsumptionPipe[Workload]=""Infra: Epic on Azure (EoA)"") | REFERENCES: $ ACR Pipe All -> M_Pipe + CALCULATE(SUM(F_AzureConsumptionPipe[EstUsage]),FILTER(F_AzureConsumptionPipe,NOT F_AzureConsumptionPipe[MileStoneStatus] IN {""Cancelled"",""Lost to Competitor"",""Hygiene/Duplicate""}), FILTER(F_AzureConsumptionPipe, NOT F_AzureConsumptionPipe[ConsumptionStatusReasonCombined] IN {""Closed - Pipeline Hygiene/Duplicate"",""Closed - Cancelled/Delayed"",""Closed - Lost"",""Closed - Cancelled by Customer""}))",The name '$ Epic Pipe (Workload)' is self-explanatory as it indicates that the measure calculates the Epic pipeline for a specific workload.,"The name accurately reflects the calculation in the context, which filters the pipeline data for the workload 'Infra: Epic on Azure (EoA)'.",There are no problematic abbreviations in the measure name.,1.6999999999999997,1.6999999999999997,1.0,0.2,0.2,0.2,0.2,0.3,0.3,0.2,0.2,0.4,0.4,0.4,0.4,4,GREEN,#00FF00
M_Epic,$ Epic Pipe (Sales Program excl Workload),"CALCULATE([$ ACR Pipe All],F_AzureConsumptionPipe[Workload]<>""Infra: Epic on Azure (EoA)"",SalesPrograms[ProgramName]=""Epic | On Azure"")",,good,No,,No,,Yes,$ acr pipe all,Yes,,"$ Epic Pipe (Sales Program excl Workload) -> M_Epic + CALCULATE([$ ACR Pipe All],F_AzureConsumptionPipe[Workload]<>""Infra: Epic on Azure (EoA)"",SalesPrograms[ProgramName]=""Epic | On Azure"") | REFERENCES: $ ACR Pipe All -> M_Pipe + CALCULATE(SUM(F_AzureConsumptionPipe[EstUsage]),FILTER(F_AzureConsumptionPipe,NOT F_AzureConsumptionPipe[MileStoneStatus] IN {""Cancelled"",""Lost to Competitor"",""Hygiene/Duplicate""}), FILTER(F_AzureConsumptionPipe, NOT F_AzureConsumptionPipe[ConsumptionStatusReasonCombined] IN {""Closed - Pipeline Hygiene/Duplicate"",""Closed - Cancelled/Delayed"",""Closed - Lost"",""Closed - Cancelled by Customer""}))",The name '$ Epic Pipe (Sales Program excl Workload)' is self-explanatory as it indicates the measure calculates the Epic pipeline for sales programs excluding a specific workload.,"The name reflects the calculation in the context, which filters the pipeline data for sales programs excluding the workload 'Infra: Epic on Azure (EoA)'.",There are no problematic abbreviations in the measure name.,1.6999999999999997,1.6999999999999997,1.0,0.2,0.2,0.2,0.2,0.3,0.3,0.2,0.2,0.4,0.4,0.4,0.4,4,GREEN,#00FF00
M_Epic,$ Total Epic Pipe,[$ Epic Pipe (Sales Program excl Workload)] + [$ Epic Pipe (Workload)],,warning,No,,No,,Yes,"$ epic pipe (sales program excl workload), $ epic pipe (workload)",No,,"$ Total Epic Pipe -> M_Epic + [$ Epic Pipe (Sales Program excl Workload)] + [$ Epic Pipe (Workload)] | REFERENCES: $ Epic Pipe (Sales Program excl Workload) -> M_Epic + CALCULATE([$ ACR Pipe All],F_AzureConsumptionPipe[Workload]<>""Infra: Epic on Azure (EoA)"",SalesPrograms[ProgramName]=""Epic | On Azure""), $ Epic Pipe (Workload) -> M_Epic + CALCULATE([$ ACR Pipe All],F_AzureConsumptionPipe[Workload]=""Infra: Epic on Azure (EoA)"")",The name '$ Total Epic Pipe' is self-explanatory as it indicates the measure calculates the total Epic pipeline.,"The name reflects the calculation in the context, which sums up '$ Epic Pipe (Sales Program excl Workload)' and '$ Epic Pipe (Workload)'.",There are no problematic abbreviations in the measure name.,1.4,1.6999999999999997,0.823529411764706,0.2,0.2,0.2,0.2,0.0,0.3,0.2,0.2,0.4,0.4,0.4,0.4,3,YELLOW,#FFFF00
M_Epic,# Epic Target Customers,"CALCULATE([# Accounts],AzureCustomerAttributes[IsEpicTarget]=""Y"")",,warning,No,,No,,Yes,# accounts,No,,"# Epic Target Customers -> M_Epic + CALCULATE([# Accounts],AzureCustomerAttributes[IsEpicTarget]=""Y"") | REFERENCES: # Accounts -> DimCustomer + DISTINCTCOUNT(DimCustomer[TPID])",The name '# Epic Target Customers' is self-explanatory as it indicates the measure calculates the number of Epic target customers.,"The name reflects the calculation in the context, which counts distinct customers marked as 'Epic Target'.","The abbreviation '#' is widely understood to mean 'number of', so there are no problematic abbreviations.",1.4,1.6999999999999997,0.823529411764706,0.2,0.2,0.2,0.2,0.0,0.3,0.2,0.2,0.4,0.4,0.4,0.4,3,YELLOW,#FFFF00
M_Epic,% Accts w/ Epic Pipe (Workload),"CALCULATE([% Accounts w/ Azure Pipe (filterable)],F_AzureConsumptionPipe[Workload]=""Infra: Epic on Azure (EoA)"")",,warning,No,,No,,Yes,% accounts w/ azure pipe (filterable),No,,"% Accts w/ Epic Pipe (Workload) -> M_Epic + CALCULATE([% Accounts w/ Azure Pipe (filterable)],F_AzureConsumptionPipe[Workload]=""Infra: Epic on Azure (EoA)"") | REFERENCES: % Accounts w/ Azure Pipe (filterable) -> M_Pipe + VAR A = CALCULATE(COUNTROWS('Distinct TPID for Pipe'), NOT F_AzureConsumptionPipe[MileStoneStatus] IN {""Cancelled"",""Lost to Competitor""} && NOT F_AzureConsumptionPipe[ConsumptionStatusReasonCombined] IN {""Closed - Pipeline Hygiene/Duplicate"",""Closed - Cancelled/Delayed"",""Closed - Lost"",""Closed - Cancelled by Customer""}) 
VAR Accts = [# Accounts]
RETURN
DIVIDE(A , Accts)",The name '% Accts w/ Epic Pipe (Workload)' is self-explanatory as it indicates the measure calculates the percentage of accounts with Epic pipeline for a specific workload.,"The name reflects the calculation in the context, which calculates the percentage of accounts with Azure pipeline filtered by the workload 'Infra: Epic on Azure (EoA)'.","The abbreviation '%' is universally understood to mean 'percentage', and 'w/' is a common abbreviation for 'with', so there are no problematic abbreviations.",1.4,1.6999999999999997,0.823529411764706,0.2,0.2,0.2,0.2,0.0,0.3,0.2,0.2,0.4,0.4,0.4,0.4,3,YELLOW,#FFFF00
M_Epic,% Accts w/ Epic Pipe (Sales Program),"CALCULATE([% Accounts w/ Azure Pipe (filterable)],SalesPrograms[ProgramName]=""Epic | On Azure"")",,warning,No,,No,,Yes,% accounts w/ azure pipe (filterable),No,,"% Accts w/ Epic Pipe (Sales Program) -> M_Epic + CALCULATE([% Accounts w/ Azure Pipe (filterable)],SalesPrograms[ProgramName]=""Epic | On Azure"") | REFERENCES: % Accounts w/ Azure Pipe (filterable) -> M_Pipe + VAR A = CALCULATE(COUNTROWS('Distinct TPID for Pipe'), NOT F_AzureConsumptionPipe[MileStoneStatus] IN {""Cancelled"",""Lost to Competitor""} && NOT F_AzureConsumptionPipe[ConsumptionStatusReasonCombined] IN {""Closed - Pipeline Hygiene/Duplicate"",""Closed - Cancelled/Delayed"",""Closed - Lost"",""Closed - Cancelled by Customer""}) 
VAR Accts = [# Accounts]
RETURN
DIVIDE(A , Accts)",The name '% Accts w/ Epic Pipe (Sales Program)' is self-explanatory as it indicates the measure calculates the percentage of accounts with Epic pipeline for a specific sales program.,"The name reflects the calculation in the context, which calculates the percentage of accounts with Azure pipeline filtered by the sales program 'Epic | On Azure'.","The abbreviation '%' is universally understood to mean 'percentage', and 'w/' is a common abbreviation for 'with', so there are no problematic abbreviations.",1.4,1.6999999999999997,0.823529411764706,0.2,0.2,0.2,0.2,0.0,0.3,0.2,0.2,0.4,0.4,0.4,0.4,3,YELLOW,#FFFF00
SubscriptionAttributes,Max Sub Enroll Change,"MAXX(VALUES('SubscriptionAttributes'[SubscriptionKey]),CALCULATE(MAX(SubscriptionAttributes[subchangedenroll_num])))",,warning,No,,No,,No,,No,,"Max Sub Enroll Change -> SubscriptionAttributes + MAXX(VALUES('SubscriptionAttributes'[SubscriptionKey]),CALCULATE(MAX(SubscriptionAttributes[subchangedenroll_num])))",The name 'Max Sub Enroll Change' is self-explanatory as it indicates the measure calculates the maximum change in subscription enrollments.,"The name reflects the calculation in the context, which finds the maximum change in subscription enrollments using the 'subchangedenroll_num' field.",There are no problematic abbreviations in the measure name.,1.4,1.6999999999999997,0.823529411764706,0.2,0.2,0.2,0.2,0.0,0.3,0.2,0.2,0.4,0.4,0.4,0.4,3,YELLOW,#FFFF00
SubscriptionAttributes,# Subscriptions Changed Enrollments,"CALCULATE([# Subscriptions (Attributes)],SubscriptionAttributes[SubChangedEnroll]=""Y"")",,warning,No,,No,,Yes,# subscriptions (attributes),No,,"# Subscriptions Changed Enrollments -> SubscriptionAttributes + CALCULATE([# Subscriptions (Attributes)],SubscriptionAttributes[SubChangedEnroll]=""Y"") | REFERENCES: # Subscriptions (Attributes) -> Distinct SubscriptionKey + COUNT('Distinct SubscriptionGUID'[SubscriptionKey])",The name '# Subscriptions Changed Enrollments' is self-explanatory as it indicates the measure calculates the number of subscriptions with changed enrollments.,"The name reflects the calculation in the context, which counts subscriptions where 'SubChangedEnroll' equals 'Y'.","The abbreviation '#' is widely understood to mean 'number of', so there are no problematic abbreviations.",1.4,1.6999999999999997,0.823529411764706,0.2,0.2,0.2,0.2,0.0,0.3,0.2,0.2,0.4,0.4,0.4,0.4,3,YELLOW,#FFFF00
SubscriptionAttributes,# Subscriptions Changed TPIDs,"CALCULATE([# Subscriptions (Attributes)],SubscriptionAttributes[SubChangedTPID]=""Y"")",,warning,No,,No,,Yes,# subscriptions (attributes),No,,"# Subscriptions Changed TPIDs -> SubscriptionAttributes + CALCULATE([# Subscriptions (Attributes)],SubscriptionAttributes[SubChangedTPID]=""Y"") | REFERENCES: # Subscriptions (Attributes) -> Distinct SubscriptionKey + COUNT('Distinct SubscriptionGUID'[SubscriptionKey])",The name '# Subscriptions Changed TPIDs' is self-explanatory as it indicates the measure calculates the number of subscriptions with changed TPIDs.,"The name reflects the calculation in the context, which counts subscriptions where 'SubChangedTPID' equals 'Y'.","The abbreviation '#' is widely understood to mean 'number of', and 'TPID' is a standard business term, so there are no problematic abbreviations.",1.4,1.6999999999999997,0.823529411764706,0.2,0.2,0.2,0.2,0.0,0.3,0.2,0.2,0.4,0.4,0.4,0.4,3,YELLOW,#FFFF00
SubscriptionAttributes,Max Sub TPID Change,"MAXX(VALUES('SubscriptionAttributes'[SubscriptionKey]),CALCULATE(MAX(SubscriptionAttributes[subchangedtpid_num])))",,warning,No,,No,,No,,No,,"Max Sub TPID Change -> SubscriptionAttributes + MAXX(VALUES('SubscriptionAttributes'[SubscriptionKey]),CALCULATE(MAX(SubscriptionAttributes[subchangedtpid_num])))",The name 'Max Sub TPID Change' is self-explanatory as it indicates the measure calculates the maximum change in TPIDs for subscriptions.,"The name reflects the calculation in the context, which finds the maximum change in TPIDs using the 'subchangedtpid_num' field.",There are no problematic abbreviations in the measure name.,1.4,1.6999999999999997,0.823529411764706,0.2,0.2,0.2,0.2,0.0,0.3,0.2,0.2,0.4,0.4,0.4,0.4,3,YELLOW,#FFFF00
Distinct SubscriptionKey,# Subscriptions (Attributes),COUNT('Distinct SubscriptionGUID'[SubscriptionKey]),,good,No,,No,,No,,Yes,,# Subscriptions (Attributes) -> Distinct SubscriptionKey + COUNT('Distinct SubscriptionGUID'[SubscriptionKey]),The name '# Subscriptions (Attributes)' is self-explanatory as it indicates the measure calculates the number of subscriptions based on attributes.,"The name reflects the calculation in the context, which counts distinct subscription keys.","The abbreviation '#' is widely understood to mean 'number of', so there are no problematic abbreviations.",1.6999999999999997,1.6999999999999997,1.0,0.2,0.2,0.2,0.2,0.3,0.3,0.2,0.2,0.4,0.4,0.4,0.4,4,GREEN,#00FF00
Day Adjustment,Day Adjustment Value,SELECTEDVALUE('Day Adjustment'[Day Adjustment]),,good,No,,No,,No,,Yes,,Day Adjustment Value -> Day Adjustment + SELECTEDVALUE('Day Adjustment'[Day Adjustment]),The name 'Day Adjustment Value' is self-explanatory as it indicates the measure calculates the value for day adjustment.,"The name reflects the calculation in the context, which retrieves the selected value from the 'Day Adjustment' table.",There are no problematic abbreviations in the measure name.,1.6999999999999997,1.6999999999999997,1.0,0.2,0.2,0.2,0.2,0.3,0.3,0.2,0.2,0.4,0.4,0.4,0.4,4,GREEN,#00FF00
M_OpenMonthForecast,Adjusted Days,[Full Days Azure Date Grain] + 'Day Adjustment'[Day Adjustment Value],,issue,No,,Yes,day adjustment value,Yes,"day adjustment value, full days azure date grain",No,"Please use unqualified measures references i.e., [Measure Name] instead of Fully Qualified reference i.e., Table[MeasureName] or 'Table'[MeasureName]. Referenced measures: day adjustment value","Adjusted Days -> M_OpenMonthForecast + [Full Days Azure Date Grain] + 'Day Adjustment'[Day Adjustment Value] | REFERENCES: Day Adjustment Value -> Day Adjustment + SELECTEDVALUE('Day Adjustment'[Day Adjustment]), Full Days Azure Date Grain -> M_OpenMonthForecast + VAR SourceDate = CALCULATE(MAX(DimSourceRefreshDetails[SourceLastRefreshedDate]),DimSourceRefreshDetails[DataCategory]=""AzureDateGrain"")
VAR DaysSource = DATEDIFF(CALCULATE(MAX(DimDate[MonthStartDate]),DimDate[IsCurrentAzureMonth]=1),SourceDate,DAY)
RETURN
DaysSource",The name 'Adjusted Days' is self-explanatory as it indicates the measure calculates adjusted days based on Azure date grain and day adjustment.,"The name reflects the calculation in the context, which combines 'Full Days Azure Date Grain' and 'Day Adjustment Value' to calculate adjusted days.",There are no problematic abbreviations in the measure name.,1.2000000000000002,1.6999999999999997,0.7058823529411767,0.0,0.2,0.2,0.2,0.0,0.3,0.2,0.2,0.4,0.4,0.4,0.4,2,ORANGE,#FFA500
M_OpenMonthForecast,Full Days Azure Date Grain,"VAR SourceDate = CALCULATE(MAX(DimSourceRefreshDetails[SourceLastRefreshedDate]),DimSourceRefreshDetails[DataCategory]=""AzureDateGrain"")
VAR DaysSource = DATEDIFF(CALCULATE(MAX(DimDate[MonthStartDate]),DimDate[IsCurrentAzureMonth]=1),SourceDate,DAY)
RETURN
DaysSource",,good,No,,No,,No,,Yes,,"Full Days Azure Date Grain -> M_OpenMonthForecast + VAR SourceDate = CALCULATE(MAX(DimSourceRefreshDetails[SourceLastRefreshedDate]),DimSourceRefreshDetails[DataCategory]=""AzureDateGrain"")
VAR DaysSource = DATEDIFF(CALCULATE(MAX(DimDate[MonthStartDate]),DimDate[IsCurrentAzureMonth]=1),SourceDate,DAY)
RETURN
DaysSource",The name 'Full Days Azure Date Grain' is self-explanatory as it indicates the measure calculates the full days for Azure date grain.,"The name reflects the calculation in the context, which calculates the difference in days between the current Azure month and the source date.",There are no problematic abbreviations in the measure name.,1.6999999999999997,1.6999999999999997,1.0,0.2,0.2,0.2,0.2,0.3,0.3,0.2,0.2,0.4,0.4,0.4,0.4,4,GREEN,#00FF00
M_OpenMonthForecast,$ MTD Forecast (Standard),[$ Average Daily ACR] * [# Days in Month],,good,No,,No,,Yes,"# days in month, $ average daily acr",Yes,,"$ MTD Forecast (Standard) -> M_OpenMonthForecast + [$ Average Daily ACR] * [# Days in Month] | REFERENCES: # Days in Month -> M_Date + [Start End Date Diff] + 1, $ Average Daily ACR -> M_ACR + 
VAR Days = [# Days in Month]
VAR DaysCurrent = DATEDIFF(CALCULATE(MAX(DimDate[MonthStartDate]),DimDate[IsCurrentAzureMonth]=1),TODAY(),DAY)
VAR ACR = M_ACR[$ ACR]
VAR SelectedMonth = [DATE - Latest Selected Month]
VAR AzureDate = CALCULATE(MAX(DimSourceRefreshDetails[SourceLastRefreshedDate]), DimSourceRefreshDetails[DataCategory]=""OCDM Azure Usage"")
VAR AzureCurrentM = [DATE - Azure Current Month]
VAR Today = TODAY()
VAR AzureLastClosed = M_Date[DATE - Last Closed Azure Month]
VAR CurrentMonthFY = M_Date[DATE + 1 Month After Last Closed Azure Month]
VAR SourceDate = CALCULATE(MAX(DimSourceRefreshDetails[SourceLastRefreshedDate]),DimSourceRefreshDetails[DataCategory]=""AzureDateGrain"")
VAR DaysSource = DATEDIFF(CALCULATE(MAX(DimDate[MonthStartDate]),DimDate[IsCurrentAzureMonth]=1),SourceDate,DAY)
VAR DaysSourceFY = DATEDIFF(CALCULATE(MAX(DimDate[MonthStartDate]),DimDate[CreateDate]=CurrentMonthFY),SourceDate,DAY)
RETURN
IF(SelectedMonth = AzureCurrentM,DIVIDE(ACR, DaysSource),IF(SelectedMonth > AzureLastClosed,BLANK(),DIVIDE(ACR, Days)))
--IF(SelectedMonth > AzureCurrentM,DIVIDE(ACR, DaysSourceFY),IF(SelectedMonth > AzureLastClosed,BLANK(),DIVIDE(ACR, Days)))",The name '$ MTD Forecast (Standard)' is self-explanatory as it indicates the measure calculates the month-to-date forecast in standard format.,"The name reflects the calculation in the context, which multiplies average daily ACR by the number of days in the month.",There are no problematic abbreviations in the measure name.,1.6999999999999997,1.6999999999999997,1.0,0.2,0.2,0.2,0.2,0.3,0.3,0.2,0.2,0.4,0.4,0.4,0.4,4,GREEN,#00FF00
M_OpenMonthForecast,$ Forecasted Variance MoM (Standard),[$ MTD Forecast (Standard)] - [$ ACR Last Closed Month],,warning,No,,No,,Yes,"$ acr last closed month, $ mtd forecast (standard)",No,,"$ Forecasted Variance MoM (Standard) -> M_OpenMonthForecast + [$ MTD Forecast (Standard)] - [$ ACR Last Closed Month] | REFERENCES: $ ACR Last Closed Month -> M_ACR + CALCULATE(M_ACR[$ ACR],ALL(DimDate),DimDate[IsLastAzureClosedMonth]=1), $ MTD Forecast (Standard) -> M_OpenMonthForecast + [$ Average Daily ACR] * [# Days in Month]",The name '$ Forecasted Variance MoM (Standard)' is self-explanatory as it clearly indicates it calculates a forecasted variance month-over-month using standard methodology.,"The name accurately reflects the calculation described in the context, which involves subtracting '$ ACR Last Closed Month' from '$ MTD Forecast (Standard)'. The name aligns with the business purpose of calculating forecasted variance month-over-month.","There are no problematic abbreviations in the measure name. '$' is a standard symbol for currency, and 'MoM' is a widely understood abbreviation for 'Month-over-Month'.",1.4,1.6999999999999997,0.823529411764706,0.2,0.2,0.2,0.2,0.0,0.3,0.2,0.2,0.4,0.4,0.4,0.4,3,YELLOW,#FFFF00
M_OpenMonthForecast,$ Average Daily ACR (Adjusted Days),"
VAR Days = [# Days in Month]
VAR DaysCurrent = DATEDIFF(CALCULATE(MAX(DimDate[MonthStartDate]),DimDate[IsCurrentAzureMonth]=1),TODAY(),DAY)
VAR ACR = M_ACR[$ ACR]
VAR SelectedMonth = [DATE - Latest Selected Month]
VAR AzureDate = CALCULATE(MAX(DimSourceRefreshDetails[SourceLastRefreshedDate]), DimSourceRefreshDetails[DataCategory]=""OCDM Azure Usage"")
VAR AzureCurrentM = [DATE - Azure Current Month]
VAR Today = TODAY()
VAR AzureLastClosed = M_Date[DATE - Last Closed Azure Month]
VAR CurrentMonthFY = M_Date[DATE + 1 Month After Last Closed Azure Month]
VAR SourceDate = CALCULATE(MAX(DimSourceRefreshDetails[SourceLastRefreshedDate]),DimSourceRefreshDetails[DataCategory]=""AzureDateGrain"")
VAR DaysSource = DATEDIFF(CALCULATE(MAX(DimDate[MonthStartDate]),DimDate[IsCurrentAzureMonth]=1),SourceDate,DAY)
VAR DaysAdjusted = DaysSource + 'Day Adjustment'[Day Adjustment Value]
VAR DaysSourceFY = DATEDIFF(CALCULATE(MAX(DimDate[MonthStartDate]),DimDate[CreateDate]=CurrentMonthFY),SourceDate,DAY)
RETURN
IF(SelectedMonth = AzureCurrentM,DIVIDE(ACR, DaysAdjusted),IF(SelectedMonth > AzureLastClosed,BLANK(),DIVIDE(ACR, Days)))",,good,No,,Yes,"$ acr, date + 1 month after last closed azure month, date - last closed azure month, day adjustment value",Yes,"# days in month, $ acr, date + 1 month after last closed azure month, date - azure current month, date - last closed azure month, date - latest selected month, day adjustment value",Yes,"Please use unqualified measures references i.e., [Measure Name] instead of Fully Qualified reference i.e., Table[MeasureName] or 'Table'[MeasureName]. Referenced measures: $ acr, date + 1 month after last closed azure month, date - last closed azure month, day adjustment value","$ Average Daily ACR (Adjusted Days) -> M_OpenMonthForecast + 
VAR Days = [# Days in Month]
VAR DaysCurrent = DATEDIFF(CALCULATE(MAX(DimDate[MonthStartDate]),DimDate[IsCurrentAzureMonth]=1),TODAY(),DAY)
VAR ACR = M_ACR[$ ACR]
VAR SelectedMonth = [DATE - Latest Selected Month]
VAR AzureDate = CALCULATE(MAX(DimSourceRefreshDetails[SourceLastRefreshedDate]), DimSourceRefreshDetails[DataCategory]=""OCDM Azure Usage"")
VAR AzureCurrentM = [DATE - Azure Current Month]
VAR Today = TODAY()
VAR AzureLastClosed = M_Date[DATE - Last Closed Azure Month]
VAR CurrentMonthFY = M_Date[DATE + 1 Month After Last Closed Azure Month]
VAR SourceDate = CALCULATE(MAX(DimSourceRefreshDetails[SourceLastRefreshedDate]),DimSourceRefreshDetails[DataCategory]=""AzureDateGrain"")
VAR DaysSource = DATEDIFF(CALCULATE(MAX(DimDate[MonthStartDate]),DimDate[IsCurrentAzureMonth]=1),SourceDate,DAY)
VAR DaysAdjusted = DaysSource + 'Day Adjustment'[Day Adjustment Value]
VAR DaysSourceFY = DATEDIFF(CALCULATE(MAX(DimDate[MonthStartDate]),DimDate[CreateDate]=CurrentMonthFY),SourceDate,DAY)
RETURN
IF(SelectedMonth = AzureCurrentM,DIVIDE(ACR, DaysAdjusted),IF(SelectedMonth > AzureLastClosed,BLANK(),DIVIDE(ACR, Days))) | REFERENCES: # Days in Month -> M_Date + [Start End Date Diff] + 1, $ ACR -> M_ACR + VAR CY = SUM(ACR_CY[AzureConsumedRevenue])
VAR PY = SUM(ACR_PY[AzureConsumedRevenue])
VAR A = CY + PY
VAR S = IF(ISFILTERED(DimCustomer[TPAccountName]),BLANK(),SUM(ACR_Summarized[AzureConsumedRevenue]))
VAR SelectedView = SELECTEDVALUE(DimViewType[ViewType])
RETURN
SWITCH(SelectedView,""Non-Curated"",S,A), DATE + 1 Month After Last Closed Azure Month -> M_Date + 
// Returns the start date of the month after the last closed azure month
VAR LastAzureClosedMonth = [DATE - Last Closed Azure Month]
VAR OneMonthAfter = EDATE ( LastAzureClosedMonth, 1)
RETURN
OneMonthAfter, DATE - Azure Current Month -> M_Date + 
// Returns the value of the latest selected month
VAR LatestSelectedMonth = CALCULATE ( MAX('DimDate'[MonthStartDate]), DimDate[IsCurrentAzureMonth]=1 )
RETURN
LatestSelectedMonth, DATE - Last Closed Azure Month -> M_Date + 
// Returns start date of last closed Azure month
VAR LastClosedAzureMonth = CALCULATE(SELECTEDVALUE('DimDate'[MonthStartDate]), ALL('DimDate'), 'DimDate'[IsLastAzureClosedMonth] = 1)
RETURN
LastClosedAzureMonth, DATE - Latest Selected Month -> M_Date + 
// Returns the value of the latest selected month
VAR LatestSelectedMonth = CALCULATE ( MAX('DimDate'[MonthStartDate]) )
RETURN
LatestSelectedMonth, Day Adjustment Value -> Day Adjustment + SELECTEDVALUE('Day Adjustment'[Day Adjustment])",The name '$ Average Daily ACR (Adjusted Days)' is self-explanatory as it indicates the measure calculates the average daily Azure Consumed Revenue (ACR) adjusted for specific days.,"The name reflects the calculation described in the context, which involves dividing ACR by adjusted days or regular days depending on the selected month. The name aligns with the business purpose of calculating average daily ACR with adjustments.","There are no problematic abbreviations in the measure name. '$' is a standard symbol for currency, and 'ACR' is a well-defined term in the context (Azure Consumed Revenue).",1.5,1.6999999999999997,0.8823529411764707,0.0,0.2,0.2,0.2,0.3,0.3,0.2,0.2,0.4,0.4,0.4,0.4,4,GREEN,#00FF00
M_OpenMonthForecast,$ MTD Forecast (Adjusted Days),[$ Average Daily ACR (Adjusted Days)] * [# Days in Month],,good,No,,No,,Yes,"# days in month, $ average daily acr (adjusted days)",Yes,,"$ MTD Forecast (Adjusted Days) -> M_OpenMonthForecast + [$ Average Daily ACR (Adjusted Days)] * [# Days in Month] | REFERENCES: # Days in Month -> M_Date + [Start End Date Diff] + 1, $ Average Daily ACR (Adjusted Days) -> M_OpenMonthForecast + 
VAR Days = [# Days in Month]
VAR DaysCurrent = DATEDIFF(CALCULATE(MAX(DimDate[MonthStartDate]),DimDate[IsCurrentAzureMonth]=1),TODAY(),DAY)
VAR ACR = M_ACR[$ ACR]
VAR SelectedMonth = [DATE - Latest Selected Month]
VAR AzureDate = CALCULATE(MAX(DimSourceRefreshDetails[SourceLastRefreshedDate]), DimSourceRefreshDetails[DataCategory]=""OCDM Azure Usage"")
VAR AzureCurrentM = [DATE - Azure Current Month]
VAR Today = TODAY()
VAR AzureLastClosed = M_Date[DATE - Last Closed Azure Month]
VAR CurrentMonthFY = M_Date[DATE + 1 Month After Last Closed Azure Month]
VAR SourceDate = CALCULATE(MAX(DimSourceRefreshDetails[SourceLastRefreshedDate]),DimSourceRefreshDetails[DataCategory]=""AzureDateGrain"")
VAR DaysSource = DATEDIFF(CALCULATE(MAX(DimDate[MonthStartDate]),DimDate[IsCurrentAzureMonth]=1),SourceDate,DAY)
VAR DaysAdjusted = DaysSource + 'Day Adjustment'[Day Adjustment Value]
VAR DaysSourceFY = DATEDIFF(CALCULATE(MAX(DimDate[MonthStartDate]),DimDate[CreateDate]=CurrentMonthFY),SourceDate,DAY)
RETURN
IF(SelectedMonth = AzureCurrentM,DIVIDE(ACR, DaysAdjusted),IF(SelectedMonth > AzureLastClosed,BLANK(),DIVIDE(ACR, Days)))",The name '$ MTD Forecast (Adjusted Days)' is self-explanatory as it indicates the measure calculates the month-to-date forecast adjusted for specific days.,"The name reflects the calculation described in the context, which involves multiplying '$ Average Daily ACR (Adjusted Days)' by '# Days in Month'. The name aligns with the business purpose of calculating an adjusted month-to-date forecast.","There are no problematic abbreviations in the measure name. '$' is a standard symbol for currency, 'MTD' is a widely understood abbreviation for 'Month-to-Date', and 'ACR' is a well-defined term in the context.",1.6999999999999997,1.6999999999999997,1.0,0.2,0.2,0.2,0.2,0.3,0.3,0.2,0.2,0.4,0.4,0.4,0.4,4,GREEN,#00FF00
M_OpenMonthForecast,$ Forecasted Variance MoM (Adjusted Days),[$ MTD Forecast (Adjusted Days)] - [$ ACR Last Closed Month],,warning,No,,No,,Yes,"$ acr last closed month, $ mtd forecast (adjusted days)",No,,"$ Forecasted Variance MoM (Adjusted Days) -> M_OpenMonthForecast + [$ MTD Forecast (Adjusted Days)] - [$ ACR Last Closed Month] | REFERENCES: $ ACR Last Closed Month -> M_ACR + CALCULATE(M_ACR[$ ACR],ALL(DimDate),DimDate[IsLastAzureClosedMonth]=1), $ MTD Forecast (Adjusted Days) -> M_OpenMonthForecast + [$ Average Daily ACR (Adjusted Days)] * [# Days in Month]",The name '$ Forecasted Variance MoM (Adjusted Days)' is self-explanatory as it clearly indicates it calculates a forecasted variance month-over-month using adjusted days.,"The name reflects the calculation described in the context, which involves subtracting '$ ACR Last Closed Month' from '$ MTD Forecast (Adjusted Days)'. The name aligns with the business purpose of calculating forecasted variance month-over-month with adjustments.","There are no problematic abbreviations in the measure name. '$' is a standard symbol for currency, 'MoM' is a widely understood abbreviation for 'Month-over-Month', and 'ACR' is a well-defined term in the context.",1.4,1.6999999999999997,0.823529411764706,0.2,0.2,0.2,0.2,0.0,0.3,0.2,0.2,0.4,0.4,0.4,0.4,3,YELLOW,#FFFF00
