Table Name,Issue_Severity,Measure Name,Measure Formula,Calculation Type,AI Analyzed,Unique Measure Definition,Is Standard Measure,Self Explanatory Calculation Logic,Complexity Level,Meets Naming Convention Standards,Has Descriptions,Proper DAX References,Unique Measure Definition Score,Unique Measure Definition Max Score,Standard Measure Score,Standard Measure Max Score,Business Documentation Score,Business Documentation Max Score,Complexity Classification Score,Complexity Classification Max Score,Definition Based Naming Score,Definition Based Naming Max Score,Business Focused Naming Score,Business Focused Naming Max Score,DAX Reference Score,DAX Reference Max Score,Overall Score,Calculation Logic Score,Naming Score,Business Purpose,Standardized Calculation Logic Recommendations,Naming Conventions Recommendations
Account,Good,TPID Count,COUNT( Account[TPID] ),Simple Aggregation,Yes,No - The formula is unique and does not duplicate other measures.,"Yes - This measure aligns with standard business patterns as it provides a simple count of TPIDs, which is a common aggregation.",Yes - The calculation logic is straightforward and easy to understand as it uses the COUNT function.,"Low - The measure uses a single COUNT function, which is simple and appropriate for its purpose.","Yes - The name clearly reflects the calculation and business purpose, indicating it counts TPIDs.","No - No description is provided, which limits clarity for business users.","Yes - The formula uses fully qualified column references, adhering to DAX standards.",0.200,0.200,0.300,0.300,0.000,0.200,0.300,0.300,0.400,0.400,0.400,0.400,0.200,0.200,0.900,0.800,1.000,"Provides the count of TPIDs in the Account table, which is useful for reporting and analysis.",Ensure all measures have descriptions to improve business user understanding.,No changes needed as the naming convention is clear and descriptive.
Account,Warning,# Accounts w/ Unified or Premier,"CALCULATE([TPID Count],KEEPFILTERS(Account[Has Premier Unified] = ""Yes""))",Calculated Measure,Yes,No - The formula is unique and does not duplicate other measures.,No - This measure does not align with standard business patterns and appears to be more specific to a particular business use case.,No - The calculation logic is not immediately clear without additional context or description.,"Medium - The measure uses CALCULATE with KEEPFILTERS, which adds moderate complexity but is appropriate for filtering specific conditions.","No - The name uses abbreviations ('#' and 'w/'), which are not business-friendly or self-explanatory.","No - No description is provided, which limits clarity for business users.","Yes - The formula uses fully qualified column references and measure references, adhering to DAX standards.",0.200,0.200,0.000,0.300,0.000,0.200,0.200,0.300,0.200,0.400,0.000,0.400,0.200,0.200,0.400,0.400,0.400,"Identifies the count of accounts with specific attributes (Unified or Premier), which is useful for targeted analysis.",Provide a description to explain the business purpose and calculation logic of the measure.,"Avoid abbreviations in the name and use clear, descriptive business language (e.g., 'Accounts with Unified or Premier')."
Account,Warning,ATQ Latest,AVERAGE(Account[ATQ]),Simple Aggregation,Yes,No - The formula is unique and does not duplicate other measures.,No - This measure does not align with standard business patterns and appears to be specific to a particular business use case.,Yes - The calculation logic is straightforward and easy to understand as it uses the AVERAGE function.,"Low - The measure uses a single AVERAGE function, which is simple and appropriate for its purpose.",No - The name does not clearly reflect the calculation or business purpose. 'ATQ Latest' is ambiguous and could be improved.,"No - No description is provided, which limits clarity for business users.","Yes - The formula uses fully qualified column references, adhering to DAX standards.",0.200,0.200,0.000,0.300,0.000,0.200,0.300,0.300,0.200,0.400,0.000,0.400,0.200,0.200,0.450,0.500,0.400,"Calculates the average ATQ value, which is useful for performance analysis.",Provide a description to explain the business purpose and calculation logic of the measure.,"Update the name to clearly reflect the calculation and business purpose (e.g., 'Average ATQ Value')."
Account,Warning,Understands Strategic Priorities Latest,AVERAGE(Account[UnderstandsStrategicPriorities]),Simple Aggregation,Yes,No - The formula is unique and does not duplicate other measures.,No - The measure does not align with standard enterprise measures like Total Sales Value or Gross Margin.,Yes - The calculation logic is straightforward and uses a simple AVERAGE function.,"Low - The measure uses a single AVERAGE function without any nested logic, making it simple and easy to understand.","Yes - The name clearly reflects the calculation and business purpose, using descriptive and business-focused language.","No - The measure lacks a description, which would help explain its business purpose and calculation logic.","Yes - The formula uses fully qualified column references, adhering to DAX reference standards.",0.200,0.200,0.000,0.300,0.000,0.200,0.300,0.300,0.400,0.400,0.400,0.400,0.200,0.200,0.750,0.500,1.000,Measures the average understanding of strategic priorities for accounts.,Consider adding a description to explain the business purpose of the measure in plain language.,No changes needed as the naming convention is clear and business-focused.
Account,Warning,Identify Right Solutions Based on Needs Latest,AVERAGE(Account[IdentifyRightSolutionsBasedonNeeds]),Simple Aggregation,Yes,No - The formula is unique and does not duplicate other measures.,No - The measure does not align with standard enterprise measures like Total Sales Value or Gross Margin.,Yes - The calculation logic is straightforward and uses a simple AVERAGE function.,"Low - The measure uses a single AVERAGE function without any nested logic, making it simple and easy to understand.","Yes - The name clearly reflects the calculation and business purpose, using descriptive and business-focused language.","No - The measure lacks a description, which would help explain its business purpose and calculation logic.","Yes - The formula uses fully qualified column references, adhering to DAX reference standards.",0.200,0.200,0.000,0.300,0.000,0.200,0.300,0.300,0.400,0.400,0.400,0.400,0.200,0.200,0.750,0.500,1.000,Measures the average ability to identify the right solutions based on account needs.,Consider adding a description to explain the business purpose of the measure in plain language.,No changes needed as the naming convention is clear and business-focused.
Account,Issue,Delta ATQ,"IF(AVERAGE(Account[ATQ])=0,"""",AVERAGE(Account[delta_ATQ]))",Complex Calculation,Yes,No - The formula is unique and does not duplicate other measures.,No - The measure does not align with standard enterprise measures like Total Sales Value or Gross Margin.,"No - The calculation logic includes nested functions and conditional logic, which may be difficult for business users to interpret.","Medium - The measure uses nested functions and conditional logic, increasing its complexity compared to simple aggregations.","Yes - The name reflects the calculation and business purpose, using descriptive and business-focused language.","No - The measure lacks a description, which would help explain its business purpose and calculation logic.","Yes - The formula uses fully qualified column references, adhering to DAX reference standards.",0.200,0.200,0.000,0.300,0.000,0.200,0.200,0.300,0.400,0.400,0.400,0.400,0.200,0.200,0.700,0.400,1.000,"Calculates the delta of ATQ values for accounts, with conditional logic for handling zero values.",Simplify the calculation logic to make it more self-explanatory and easier for business users to understand. Add a description to clarify the business purpose.,No changes needed as the naming convention is clear and business-focused.
Account,Issue,Delta Understands Strategic Priorities,"IF(AVERAGE(Account[UnderstandsStrategicPriorities])=0,"""",AVERAGE(Account[delta_UnderstandsStrategicPriorities]))",Calculated Measure,Yes,No - The formula is unique and does not duplicate other measures.,No - The measure does not align with standard business patterns like Total Sales Value or Gross Margin.,"No - The formula uses nested functions and lacks a description, making it difficult to understand its business purpose.","Medium - The measure uses nested functions (3 levels) and conditional logic, which adds moderate complexity.",No - The name is somewhat descriptive but could be clearer and more aligned with business terminology.,"No - The measure lacks a description, which reduces its clarity and usability for business users.","Yes - The formula uses fully qualified column references, adhering to DAX standards.",0.200,0.200,0.000,0.300,0.000,0.200,0.200,0.300,0.200,0.400,0.200,0.400,0.200,0.200,0.500,0.400,0.600,Evaluate the change in understanding of strategic priorities for accounts.,Add a clear description to explain the business purpose of the measure. Simplify the formula if possible to reduce complexity.,"Consider renaming the measure to better reflect its business purpose, such as 'Delta Strategic Priority Understanding'."
Account,Issue,Delta Identify Right Solutions Based on Needs,"IF(AVERAGE(Account[IdentifyRightSolutionsBasedonNeeds])=0,"""",AVERAGE(Account[delta_IdentifyRightSolutionsBasedonNeeds]))",Calculated Measure,Yes,No - The formula is unique and does not duplicate other measures.,No - The measure does not align with standard business patterns like Total Sales Value or Gross Margin.,"No - The formula uses nested functions and lacks a description, making it difficult to understand its business purpose.","Medium - The measure uses nested functions (3 levels) and conditional logic, which adds moderate complexity.",No - The name is somewhat descriptive but could be clearer and more aligned with business terminology.,"No - The measure lacks a description, which reduces its clarity and usability for business users.","Yes - The formula uses fully qualified column references, adhering to DAX standards.",0.200,0.200,0.000,0.300,0.000,0.200,0.200,0.300,0.200,0.400,0.200,0.400,0.200,0.200,0.500,0.400,0.600,Evaluate the change in identifying solutions based on account needs.,Add a clear description to explain the business purpose of the measure. Simplify the formula if possible to reduce complexity.,"Consider renaming the measure to better reflect its business purpose, such as 'Delta Solution Identification Based on Needs'."
Account,Critical,% of Accounts with Exec Sponsor,"var num= CALCULATE(SUMX(VALUES('Account Plan Priority'[AccountPlanPriorityID]),1),
    KEEPFILTERS(Account[executivesponsorid] <> blank())
)
var den= SUMX( VALUES( 'Account Plan Priority'[AccountPlanPriorityID] ), 1 ) 


return DIVIDE(num,den)",Ratio Percentage,Yes,No - The formula is unique and does not duplicate other measures.,No - The measure does not align with standard business patterns like Total Sales Value or Gross Margin.,"No - The formula is truncated and lacks a description, making it difficult to understand its business purpose.","High - The measure uses 8 nested functions and complex logic, making it unnecessarily difficult to interpret.",No - The name is somewhat descriptive but could be clearer and more aligned with business terminology.,"No - The measure lacks a description, which reduces its clarity and usability for business users.","No - The formula is truncated, making it impossible to verify proper DAX referencing.",0.200,0.200,0.000,0.300,0.000,0.200,0.000,0.300,0.200,0.400,0.200,0.400,0.000,0.200,0.300,0.200,0.400,Calculate the percentage of accounts with an executive sponsor.,Provide a complete formula and add a clear description to explain the business purpose of the measure. Simplify the formula to reduce complexity.,"Consider renaming the measure to better reflect its business purpose, such as 'Percentage of Accounts with Executive Sponsor'."
Account,Issue,Helps Maximize Solutions Latest,AVERAGE(Account[HelpsMaximizeSolutions]),Simple Aggregation,Yes,No - The formula is unique and does not duplicate other measures.,No - This measure does not align with standard business patterns like Total Sales Value or Gross Margin.,No - The measure lacks a description and does not provide clarity on its business purpose.,Low - The formula uses a simple AVERAGE function without any nested logic.,No - The name is not descriptive enough and does not clearly reflect the calculation logic or business purpose.,"No - The measure does not have a description, making it difficult to understand its business purpose.","Yes - The formula uses fully qualified column references, which adhere to DAX reference standards.",0.200,0.200,0.000,0.300,0.000,0.200,0.300,0.300,0.000,0.400,0.000,0.400,0.200,0.200,0.350,0.500,0.200,Calculate the average value of the 'HelpsMaximizeSolutions' column for accounts.,Provide a clear description explaining the business purpose of the measure. Consider aligning the measure with standard business patterns if applicable.,"Rename the measure to better reflect its calculation and business purpose. For example, 'Average_Helps_Maximize_Solutions'."
Account,Issue,Delta Helps Maximize Solutions Value,"IF(AVERAGE(Account[HelpsMaximizeSolutions])=0,"""",AVERAGE(Account[delta_HelpsMaximizeSolutions]))",Complex Calculation,Yes,No - The formula is unique and does not duplicate other measures.,No - This measure does not align with standard business patterns like Total Sales Value or Gross Margin.,"No - The measure lacks a description and uses nested logic, making it harder to understand its business purpose.","Medium - The formula uses nested IF and AVERAGE functions, which adds moderate complexity.",No - The name is overly verbose and does not clearly reflect the calculation logic or business purpose.,"No - The measure does not have a description, making it difficult to understand its business purpose.","Yes - The formula uses fully qualified column references, which adhere to DAX reference standards.",0.200,0.200,0.000,0.300,0.000,0.200,0.200,0.300,0.000,0.400,0.000,0.400,0.200,0.200,0.300,0.400,0.200,"Calculate the delta average value of 'HelpsMaximizeSolutions' for accounts, with conditional logic.",Provide a clear description explaining the business purpose of the measure. Simplify the formula if possible to reduce complexity.,"Rename the measure to better reflect its calculation and business purpose. For example, 'Delta_Average_Helps_Maximize_Solutions'."
Account,Issue,Delta Joint Planning Addresses Needs,"IF(AVERAGE(Account[JointPlanningAddressesNeeds])=0,"""",AVERAGE(Account[delta_JointPlanningAddressesNeeds]))",Complex Calculation,Yes,No - The formula is unique and does not duplicate other measures.,No - This measure does not align with standard business patterns like Total Sales Value or Gross Margin.,"No - The measure lacks a description and uses nested logic, making it harder to understand its business purpose.","Medium - The formula uses nested IF and AVERAGE functions, which adds moderate complexity.",No - The name is overly verbose and does not clearly reflect the calculation logic or business purpose.,"No - The measure does not have a description, making it difficult to understand its business purpose.","Yes - The formula uses fully qualified column references, which adhere to DAX reference standards.",0.200,0.200,0.000,0.300,0.000,0.200,0.200,0.300,0.000,0.400,0.000,0.400,0.200,0.200,0.300,0.400,0.200,"Calculate the delta average value of 'JointPlanningAddressesNeeds' for accounts, with conditional logic.",Provide a clear description explaining the business purpose of the measure. Simplify the formula if possible to reduce complexity.,"Rename the measure to better reflect its calculation and business purpose. For example, 'Delta_Average_Joint_Planning_Addresses_Needs'."
Account,Warning,Joint Planning Addresses Needs,AVERAGE(Account[JointPlanningAddressesNeeds]),Simple Aggregation,Yes,No - The formula is unique and does not duplicate other measures.,No - This measure does not align with standard enterprise measures like Total Sales Value or Gross Margin.,Yes - The calculation logic is straightforward and uses a simple aggregation function (AVERAGE).,"Low - The measure uses a single aggregation function without nested logic, making it simple.",Yes - The name is descriptive and reflects the calculation purpose clearly.,"No - No description is provided, which limits understanding of the business purpose.",Yes - The formula uses fully qualified column references (Account[JointPlanningAddressesNeeds]).,0.200,0.200,0.000,0.300,0.000,0.200,0.300,0.300,0.400,0.400,0.400,0.400,0.200,0.200,0.750,0.500,1.000,Evaluates the average score for joint planning addressing needs.,Consider adding a description to explain the business purpose of this measure. Evaluate if this measure aligns with enterprise standards or if it can be generalized.,No changes needed for naming conventions as the name is clear and descriptive.
Account,Issue,Delta Continuous Relationship Building,"IF(AVERAGE(Account[ContinuousRelationshipBuilding])=0,"""",AVERAGE(Account[delta_ContinuousRelationshipBuilding]))",Complex Calculation,Yes,No - The formula is unique and does not duplicate other measures.,No - This measure does not align with standard enterprise measures like Total Sales Value or Gross Margin.,"No - The logic includes nested functions and conditional statements, which make it harder to understand without additional context.","Medium - The measure uses nested functions and conditional logic, increasing complexity but still manageable.",Yes - The name is descriptive and reflects the calculation purpose clearly.,"No - No description is provided, which limits understanding of the business purpose.","Yes - The formula uses fully qualified column references (Account[ContinuousRelationshipBuilding], Account[delta_ContinuousRelationshipBuilding]).",0.200,0.200,0.000,0.300,0.000,0.200,0.200,0.300,0.400,0.400,0.400,0.400,0.200,0.200,0.700,0.400,1.000,"Calculates the delta for continuous relationship building, with conditional logic for zero values.",Simplify the logic if possible or provide a clear description to explain the purpose of the measure and the reason for using nested functions.,No changes needed for naming conventions as the name is clear and descriptive.
Account,Warning,Continuous Relationship Building,AVERAGE(Account[ContinuousRelationshipBuilding]),Simple Aggregation,Yes,No - The formula is unique and does not duplicate other measures.,No - This measure does not align with standard enterprise measures like Total Sales Value or Gross Margin.,Yes - The calculation logic is straightforward and uses a simple aggregation function (AVERAGE).,"Low - The measure uses a single aggregation function without nested logic, making it simple.",Yes - The name is descriptive and reflects the calculation purpose clearly.,"No - No description is provided, which limits understanding of the business purpose.",Yes - The formula uses fully qualified column references (Account[ContinuousRelationshipBuilding]).,0.200,0.200,0.000,0.300,0.000,0.200,0.300,0.300,0.400,0.400,0.400,0.400,0.200,0.200,0.750,0.500,1.000,Evaluates the average score for continuous relationship building.,Consider adding a description to explain the business purpose of this measure. Evaluate if this measure aligns with enterprise standards or if it can be generalized.,No changes needed for naming conventions as the name is clear and descriptive.
Account,Issue,% of Accounts with sep,"var den=[TPID Count]
var num=CALCULATE([TPID Count],keepfilters(Account[issep]=""yes""))

RETURN DIVIDE(num,den)",Ratio Percentage,Yes,No - The formula is unique and does not duplicate other measures.,No - This measure is specific to the business context and does not align with standard enterprise measures like Total Sales Value or Gross Margin.,"No - The calculation logic is not immediately clear without a description, as it uses technical terms like 'TPID Count' and 'keepfilters'.","Medium - The measure uses nested functions (CALCULATE and KEEPFILTERS) and variable definitions, which adds moderate complexity.",No - The name does not clearly describe the calculation logic or business purpose. It uses abbreviations ('sep') that are not self-explanatory.,"No - The measure lacks a description, making it difficult for business users to understand its purpose.","Yes - The measure uses fully qualified column references and unqualified measure references, adhering to DAX standards.",0.200,0.200,0.000,0.300,0.000,0.200,0.200,0.300,0.200,0.400,0.000,0.400,0.200,0.200,0.400,0.400,0.400,Calculate the percentage of accounts with a specific attribute ('sep').,Add a clear description to explain the business purpose of the measure. Simplify the calculation logic if possible to improve readability.,"Rename the measure to a more descriptive name, such as 'Percentage_of_Accounts_with_sep', to improve clarity and align with business-focused naming standards."
Account,Issue,% of Accounts with ACSP,"var den=[TPID Count]
var num=CALCULATE([TPID Count],keepfilters(Account[isacsp]=""yes""))

RETURN DIVIDE(num,den)",Ratio Percentage,Yes,No - The formula is unique and does not duplicate other measures.,No - This measure is specific to the business context and does not align with standard enterprise measures like Total Sales Value or Gross Margin.,"No - The calculation logic is not immediately clear without a description, as it uses technical terms like 'TPID Count' and 'keepfilters'.","Medium - The measure uses nested functions (CALCULATE and KEEPFILTERS) and variable definitions, which adds moderate complexity.",No - The name does not clearly describe the calculation logic or business purpose. It uses abbreviations ('ACSP') that are not self-explanatory.,"No - The measure lacks a description, making it difficult for business users to understand its purpose.","Yes - The measure uses fully qualified column references and unqualified measure references, adhering to DAX standards.",0.200,0.200,0.000,0.300,0.000,0.200,0.200,0.300,0.200,0.400,0.000,0.400,0.200,0.200,0.400,0.400,0.400,Calculate the percentage of accounts with a specific attribute ('ACSP').,Add a clear description to explain the business purpose of the measure. Simplify the calculation logic if possible to improve readability.,"Rename the measure to a more descriptive name, such as 'Percentage_of_Accounts_with_ACSP', to improve clarity and align with business-focused naming standards."
Account,Issue,% of Accounts with APT,"var den=[TPID Count]
var num=CALCULATE([TPID Count],keepfilters(Account[isapt]=""yes""))

RETURN DIVIDE(num,den)",Ratio Percentage,Yes,No - The formula is unique and does not duplicate other measures.,No - This measure is specific to the business context and does not align with standard enterprise measures like Total Sales Value or Gross Margin.,"No - The calculation logic is not immediately clear without a description, as it uses technical terms like 'TPID Count' and 'keepfilters'.","Medium - The measure uses nested functions (CALCULATE and KEEPFILTERS) and variable definitions, which adds moderate complexity.",No - The name does not clearly describe the calculation logic or business purpose. It uses abbreviations ('APT') that are not self-explanatory.,"No - The measure lacks a description, making it difficult for business users to understand its purpose.","Yes - The measure uses fully qualified column references and unqualified measure references, adhering to DAX standards.",0.200,0.200,0.000,0.300,0.000,0.200,0.200,0.300,0.200,0.400,0.000,0.400,0.200,0.200,0.400,0.400,0.400,Calculate the percentage of accounts with a specific attribute ('APT').,Add a clear description to explain the business purpose of the measure. Simplify the calculation logic if possible to improve readability.,"Rename the measure to a more descriptive name, such as 'Percentage_of_Accounts_with_APT', to improve clarity and align with business-focused naming standards."
Account,Warning,% of Accounts with CSAA,"var den=[TPID Count]
var num=CALCULATE([TPID Count],keepfilters(Account[iscsaa]=""yes""))

RETURN DIVIDE(num,den)",Ratio Percentage,Yes,No - The formula is unique and does not duplicate other measures.,No - This measure is specific to the business context and does not align with standard enterprise measures like Total Sales Value or Gross Margin.,"Yes - The calculation logic is straightforward, using a ratio of filtered counts to total counts.","Medium - The measure uses nested functions (CALCULATE, KEEPFILTERS, DIVIDE) but is appropriate for its business purpose.",Yes - The name clearly reflects the calculation logic and business purpose.,"No - No description is provided, which makes it harder for users to understand the measure's purpose.",Yes - The measure uses fully qualified column references and unqualified measure references correctly.,0.200,0.200,0.000,0.300,0.000,0.200,0.300,0.300,0.400,0.400,0.400,0.400,0.200,0.200,0.750,0.500,1.000,Calculate the percentage of accounts with CSAA status.,Consider adding a description to explain the business purpose of the measure. Ensure the measure aligns with enterprise standards if applicable.,"The naming convention is appropriate, but ensure consistency across similar measures."
Calendar,Issue,Last Refresh Icon,"""🕘""",Undocumented,Yes,No - The formula is unique and does not duplicate other measures.,No - This measure does not align with standard enterprise measures and serves a specific visual purpose.,No - The measure lacks calculation logic and is purely a static value.,Low - The measure is a simple static value with no complexity.,Yes - The name is descriptive and aligns with the measure's purpose.,"No - No description is provided, which makes it harder for users to understand the measure's purpose.",Yes - The measure does not require DAX references due to its simplicity.,0.200,0.200,0.000,0.300,0.000,0.200,0.300,0.300,0.400,0.400,0.400,0.400,0.200,0.200,0.750,0.500,1.000,Provide a visual indicator for the last refresh.,"Consider whether this measure adds significant business value. If not, it may be unnecessary.","The naming convention is appropriate, but ensure consistency across similar measures."
Calendar,Issue,Information Icon,"""i""",Undocumented,Yes,No - The formula is unique and does not duplicate other measures.,No - This measure does not align with standard enterprise measures and serves a specific visual purpose.,No - The measure lacks calculation logic and is purely a static value.,Low - The measure is a simple static value with no complexity.,Yes - The name is descriptive and aligns with the measure's purpose.,"No - No description is provided, which makes it harder for users to understand the measure's purpose.",Yes - The measure does not require DAX references due to its simplicity.,0.200,0.200,0.000,0.300,0.000,0.200,0.300,0.300,0.400,0.400,0.400,0.400,0.200,0.200,0.750,0.500,1.000,Provide a visual indicator for information.,"Consider whether this measure adds significant business value. If not, it may be unnecessary.","The naming convention is appropriate, but ensure consistency across similar measures."
Calendar,Critical,Filters Applied Icon,"""🗸""",Undocumented,Yes,Yes - The formula is unique and does not duplicate other measures.,No - This measure does not align with standard business patterns or enterprise measurement standards.,No - The formula is unclear and does not provide any meaningful business calculation.,"Low - The formula is extremely simple, but it lacks any meaningful calculation logic.",No - The name does not clearly reflect the calculation or business purpose of the measure.,"No - No description is provided for this measure, making it unclear what its purpose is.","No - The formula does not reference any DAX expressions or columns, making it irrelevant for analysis.",0.200,0.200,0.000,0.300,0.000,0.200,0.300,0.300,0.000,0.400,0.000,0.400,0.000,0.200,0.250,0.500,0.000,The measure does not provide any clear business insight or calculation.,This measure lacks meaningful calculation logic. Consider removing or redefining it to provide business value.,Rename the measure to reflect its purpose or calculation logic. Provide a description to clarify its business use.
Account Planning,Warning,# of Priorities w/ Pipeline,"CALCULATE([# of Priorities] 
,KEEPFILTERS('Account Planning'[Attached To Opportunity] = ""Yes"")
,KEEPFILTERS('Opportunity'[ParentingLevel Oppties]=""TopParentOppties""))",Calculated Measure,Yes,Yes - The formula is unique and does not duplicate other measures.,Yes - This measure aligns with standard business patterns and provides meaningful insights for business users.,Yes - The formula is clear and uses business-focused logic to calculate the number of priorities with pipeline.,"Medium - The formula uses CALCULATE and KEEPFILTERS functions, which are appropriate for the business purpose but add moderate complexity.",Yes - The name clearly reflects the calculation and business purpose of the measure.,"No - No description is provided, which reduces clarity for business users.",Yes - The formula uses fully qualified column references and consistent DAX syntax.,0.200,0.200,0.300,0.300,0.000,0.200,0.300,0.300,0.400,0.400,0.400,0.400,0.200,0.200,0.900,0.800,1.000,"Provides the count of priorities with pipeline, which is essential for tracking business opportunities.",Ensure a description is added to improve clarity for business users. The calculation logic is appropriate and does not require changes.,The naming convention is excellent and does not require changes.
Account Planning,Warning,% of Priorities w/ Pipeline,"CALCULATE(DIVIDE([# of Priorities w/ Pipeline],[# of Priorities]),KEEPFILTERS(Opportunity[ParentingLevel Oppties]=""TopParentOppties""))",Ratio Percentage,Yes,Yes - The formula is unique and does not duplicate other measures.,Yes - This measure aligns with standard business patterns and provides meaningful insights for business users.,Yes - The formula is clear and uses business-focused logic to calculate the percentage of priorities with pipeline.,"Medium - The formula uses CALCULATE, DIVIDE, and KEEPFILTERS functions, which are appropriate for the business purpose but add moderate complexity.",Yes - The name clearly reflects the calculation and business purpose of the measure.,"No - No description is provided, which reduces clarity for business users.",Yes - The formula uses fully qualified column references and consistent DAX syntax.,0.200,0.200,0.300,0.300,0.000,0.200,0.300,0.300,0.400,0.400,0.400,0.400,0.200,0.200,0.900,0.800,1.000,"Provides the percentage of priorities with pipeline, which is essential for tracking business opportunities.",Ensure a description is added to improve clarity for business users. The calculation logic is appropriate and does not require changes.,The naming convention is excellent and does not require changes.
Account Planning,Warning,# of Account Plans,"CALCULATE (SUMX (VALUES ( 'Account'[AccountPlanID] ),1),Account[Account Plan Attached] = ""Yes"")",Calculated Measure,Yes,No - The formula is unique and does not duplicate other measures.,No - This measure is specific to account planning and does not align with standard enterprise measures like Total Sales or Gross Margin.,No - The calculation logic is not immediately clear without a description. The use of SUMX and CALCULATE with a filter condition requires explanation for business users.,"Medium - The measure uses nested functions (CALCULATE, SUMX, VALUES) and a filter condition, which adds moderate complexity.","Yes - The name is clear, descriptive, and aligns with the measure's purpose.","No - The measure lacks a description, which makes it harder for business users to understand its purpose and calculation logic.",Yes - The measure uses fully qualified column references and adheres to DAX reference standards.,0.200,0.200,0.000,0.300,0.000,0.200,0.200,0.300,0.400,0.400,0.400,0.400,0.200,0.200,0.700,0.400,1.000,Counts the number of account plans attached to accounts with a 'Yes' status.,Provide a clear description explaining the business purpose and calculation logic of the measure. Consider simplifying the formula if possible.,The naming convention is appropriate; no changes are needed.
Account Planning,Issue,# of Priorities,"SUMX( VALUES( 'Account Planning'[AccountPlanPriorityID] ), 1 )
 ",Simple Aggregation,Yes,No - The formula is unique and does not duplicate other measures.,No - This measure is specific to account planning and does not align with standard enterprise measures like Total Sales or Gross Margin.,No - The calculation logic is not self-explanatory. The use of SUMX and VALUES without a description makes it unclear for business users.,"Low - The formula is relatively simple, with only two nested functions and no additional filters.","Yes - The name is clear and descriptive, aligning with the measure's purpose.","No - The measure lacks a description, which makes it harder for business users to understand its purpose and calculation logic.",Yes - The measure uses fully qualified column references and adheres to DAX reference standards.,0.200,0.200,0.000,0.300,0.000,0.200,0.300,0.300,0.400,0.400,0.400,0.400,0.200,0.200,0.750,0.500,1.000,Counts the number of priorities associated with account plans.,Provide a clear description explaining the business purpose and calculation logic of the measure.,The naming convention is appropriate; no changes are needed.
Account Planning,Good,% Accounts w/ Active Plan,"VAR Numerator =
    CALCULATE (
        [# of Account Plans],
        KEEPFILTERS ( 'Account'[Plan Status] = ""Active Plan"" )
    )
RETURN
    DIVIDE( Numerator, [# of Account Plans] )",Ratio Percentage,Yes,No - The formula is unique and does not duplicate other measures.,"Yes - This measure aligns with standard business patterns as it calculates a percentage, which is a common requirement in enterprise reporting.",Yes - The calculation logic is clear and uses a well-structured DAX formula with a variable and a straightforward DIVIDE function.,"Medium - The measure uses a variable and nested functions, but the logic is appropriate for the business purpose and not overly complex.","Yes - The name is clear, descriptive, and aligns with the measure's purpose.","No - The measure lacks a description, which makes it harder for business users to understand its purpose and calculation logic.",Yes - The measure uses fully qualified column references and adheres to DAX reference standards.,0.200,0.200,0.300,0.300,0.000,0.200,0.300,0.300,0.400,0.400,0.400,0.400,0.200,0.200,0.900,0.800,1.000,Calculates the percentage of accounts with active plans.,Add a description to explain the business purpose and calculation logic of the measure.,The naming convention is appropriate; no changes are needed.
Account Planning,Warning,% Accounts w/ No Plan,"VAR Numerator =
    CALCULATE (
        [# of Account Plans],
        KEEPFILTERS ( 'Account'[Plan Status] = ""No Plan"" )
    )
RETURN
    DIVIDE ( Numerator, [# of Account Plans] )",Ratio Percentage,Yes,No - The formula is unique and does not duplicate other measures.,No - This measure is specific to account planning and does not align with standard enterprise measures like Total Sales or Gross Margin.,No - The calculation logic is not immediately clear without a description. The measure lacks a business explanation.,"Medium - The measure uses nested functions (VAR, CALCULATE, KEEPFILTERS, DIVIDE), which adds moderate complexity but is appropriate for the business purpose.","Yes - The name is descriptive and aligns with the calculation logic, clearly indicating the measure's purpose.","No - The measure lacks a description, which reduces its clarity for business users.","Yes - The measure uses fully qualified column references and unqualified measure references, adhering to DAX standards.",0.200,0.200,0.000,0.300,0.000,0.200,0.300,0.300,0.400,0.400,0.400,0.400,0.200,0.200,0.750,0.500,1.000,Tracks the percentage of accounts without a plan to identify gaps in account planning.,Add a description to explain the business logic behind the measure. Ensure the calculation logic is documented in plain business terms.,No changes needed as the naming convention is clear and descriptive.
Account Planning,Warning,% Accounts w/ Inactive Plan,"VAR Numerator =
    CALCULATE (
        [# of Account Plans],
        KEEPFILTERS ( 'Account'[Plan Status]  = ""Inactive Plan"" )
    )
RETURN
    DIVIDE ( Numerator, [# of Account Plans],"""" )",Ratio Percentage,Yes,No - The formula is unique and does not duplicate other measures.,No - This measure is specific to account planning and does not align with standard enterprise measures like Total Sales or Gross Margin.,No - The calculation logic is not immediately clear without a description. The measure lacks a business explanation.,"Medium - The measure uses nested functions (VAR, CALCULATE, KEEPFILTERS, DIVIDE), which adds moderate complexity but is appropriate for the business purpose.","Yes - The name is descriptive and aligns with the calculation logic, clearly indicating the measure's purpose.","No - The measure lacks a description, which reduces its clarity for business users.","Yes - The measure uses fully qualified column references and unqualified measure references, adhering to DAX standards.",0.200,0.200,0.000,0.300,0.000,0.200,0.300,0.300,0.400,0.400,0.400,0.400,0.200,0.200,0.750,0.500,1.000,Tracks the percentage of accounts with inactive plans to monitor account planning activity.,Add a description to explain the business logic behind the measure. Ensure the calculation logic is documented in plain business terms.,No changes needed as the naming convention is clear and descriptive.
Account Planning,Warning,% Accounts w/ Plan Close to Inactive,"VAR Numerator =
    CALCULATE (
        [# of Account Plans],
        KEEPFILTERS ( 'Account'[Plan Status] = ""Plan Close to Inactive"" )
    )
RETURN
    DIVIDE ( Numerator, [# of Account Plans],"""" )",Ratio Percentage,Yes,No - The formula is unique and does not duplicate other measures.,No - This measure is specific to account planning and does not align with standard enterprise measures like Total Sales or Gross Margin.,No - The calculation logic is not immediately clear without a description. The measure lacks a business explanation.,"Medium - The measure uses nested functions (VAR, CALCULATE, KEEPFILTERS, DIVIDE), which adds moderate complexity but is appropriate for the business purpose.","Yes - The name is descriptive and aligns with the calculation logic, clearly indicating the measure's purpose.","No - The measure lacks a description, which reduces its clarity for business users.","Yes - The measure uses fully qualified column references and unqualified measure references, adhering to DAX standards.",0.200,0.200,0.000,0.300,0.000,0.200,0.300,0.300,0.400,0.400,0.400,0.400,0.200,0.200,0.750,0.500,1.000,Tracks the percentage of accounts with plans close to becoming inactive to identify potential risks.,Add a description to explain the business logic behind the measure. Ensure the calculation logic is documented in plain business terms.,No changes needed as the naming convention is clear and descriptive.
Account Planning,Warning,# Plans with Opportunities,"CALCULATE (
    [# of Account Plans],
    FILTER (
        VALUES ( 'Account'[AccountPlanID] ),
        [# of Priorities w/ Pipeline] > 0
    )
)",Calculated Measure,Yes,No - The formula is unique and does not duplicate other measures.,No - This measure is specific to the business context and does not align with standard enterprise measures like Total Sales Value or Gross Margin.,"No - The calculation logic is not immediately clear without a description, as it involves filtering and nested functions.","Medium - The measure uses nested functions and filtering logic, which adds moderate complexity but is appropriate for the business purpose.",Yes - The name clearly reflects the calculation and business purpose.,"No - The measure lacks a description, which makes it harder for business users to understand its purpose.",Yes - The measure uses fully qualified column references and proper measure referencing.,0.200,0.200,0.000,0.300,0.000,0.200,0.300,0.300,0.400,0.400,0.400,0.400,0.200,0.200,0.750,0.500,1.000,"Counts the number of account plans that have associated opportunities, providing insight into account engagement.",Add a description to explain the business logic behind the measure. Consider simplifying the filtering logic if possible to reduce complexity.,No changes needed for naming conventions as the name is clear and descriptive.
Account Planning,Warning,% Accounts w/ Plan w/ Oppty,"DIVIDE ( [# Plans with Opportunities], [# of Account Plans],"""" )",Ratio Percentage,Yes,No - The formula is unique and does not duplicate other measures.,No - This measure is specific to the business context and does not align with standard enterprise measures like Total Sales Value or Gross Margin.,Yes - The calculation logic is straightforward and easy to understand as it uses a simple ratio formula.,"Low - The measure uses a simple DIVIDE function, which is appropriate for the business purpose.",Yes - The name clearly reflects the calculation and business purpose.,"No - The measure lacks a description, which makes it harder for business users to understand its purpose.",Yes - The measure uses proper measure referencing and consistent syntax.,0.200,0.200,0.000,0.300,0.000,0.200,0.300,0.300,0.400,0.400,0.400,0.400,0.200,0.200,0.750,0.500,1.000,"Calculates the percentage of accounts with plans that have associated opportunities, providing insight into account engagement.",Add a description to explain the business logic behind the measure.,No changes needed for naming conventions as the name is clear and descriptive.
Account Planning,Warning,% Accounts w/ Strategic or Full Plan,"
    DIVIDE ( [# Accounts w/ Strategic or Full Plan], [# of Account Plans],"""")",Ratio Percentage,Yes,No - The formula is unique and does not duplicate other measures.,No - This measure is specific to the business context and does not align with standard enterprise measures like Total Sales Value or Gross Margin.,Yes - The calculation logic is straightforward and easy to understand as it uses a simple ratio formula.,"Low - The measure uses a simple DIVIDE function, which is appropriate for the business purpose.",Yes - The name clearly reflects the calculation and business purpose.,"No - The measure lacks a description, which makes it harder for business users to understand its purpose.",Yes - The measure uses proper measure referencing and consistent syntax.,0.200,0.200,0.000,0.300,0.000,0.200,0.300,0.300,0.400,0.400,0.400,0.400,0.200,0.200,0.750,0.500,1.000,"Calculates the percentage of accounts with strategic or full plans, providing insight into account planning quality.",Add a description to explain the business logic behind the measure.,No changes needed for naming conventions as the name is clear and descriptive.
Account Planning,Warning,# Accounts w/ Strategic or Full Plan,"
    CALCULATE (
        [# of Account Plans],
        KEEPFILTERS ( 'Account'[Plan Type] IN {""0-Strategic"",""1-Full""} )
    )",Calculated Measure,Yes,No - The formula is unique and does not duplicate other measures.,No - This measure is specific to the business context and does not align with standard enterprise measures like Total Sales or Gross Margin.,No - The calculation logic is not immediately clear without a description. The use of KEEPFILTERS and filtering Plan Type requires explanation for business users.,"Medium - The measure uses nested functions (CALCULATE and KEEPFILTERS), which adds moderate complexity but is appropriate for the business purpose.",Yes - The name accurately reflects the calculation and uses clear business language.,"No - The measure lacks a description, which makes it harder for business users to understand its purpose and calculation logic.",Yes - The measure uses fully qualified column references and proper DAX syntax.,0.200,0.200,0.000,0.300,0.000,0.200,0.300,0.300,0.400,0.400,0.400,0.400,0.200,0.200,0.750,0.500,1.000,Counts accounts with specific plan types for strategic or full planning purposes.,Add a description to explain the business purpose and calculation logic of the measure. Ensure the logic is documented in plain business terms.,No changes needed for naming conventions as the measure name is clear and descriptive.
Account Planning,Warning,# Plans Manager Reviewed (last 6 months),"CALCULATE (
  [# of Account Plans],
  FILTER( 'Account','Account'[Manager Reviewed Date] >= (TODAY()-180)))",Calculated Measure,Yes,No - The formula is unique and does not duplicate other measures.,No - This measure is specific to the business context and does not align with standard enterprise measures like Total Sales or Gross Margin.,No - The calculation logic is not immediately clear without a description. The use of FILTER and date logic requires explanation for business users.,"Medium - The measure uses nested functions (CALCULATE and FILTER), which adds moderate complexity but is appropriate for the business purpose.",Yes - The name accurately reflects the calculation and uses clear business language.,"No - The measure lacks a description, which makes it harder for business users to understand its purpose and calculation logic.",Yes - The measure uses fully qualified column references and proper DAX syntax.,0.200,0.200,0.000,0.300,0.000,0.200,0.300,0.300,0.400,0.400,0.400,0.400,0.200,0.200,0.750,0.500,1.000,Counts account plans reviewed by managers within the last 6 months.,Add a description to explain the business purpose and calculation logic of the measure. Ensure the logic is documented in plain business terms.,No changes needed for naming conventions as the measure name is clear and descriptive.
Account Planning,Good,% Plans Manager Reviewed (last 6 months),"
    DIVIDE([# Plans Manager Reviewed (last 6 months)], [# of Account Plans],"""")",Ratio Percentage,Yes,No - The formula is unique and does not duplicate other measures.,"Yes - This measure aligns with standard business patterns as it calculates a percentage, which is a common enterprise metric.",Yes - The calculation logic is straightforward and uses the DIVIDE function for clarity.,Low - The measure uses simple DAX functions (DIVIDE) and is easy to understand.,Yes - The name accurately reflects the calculation and uses clear business language.,"No - The measure lacks a description, which makes it harder for business users to understand its purpose and calculation logic.",Yes - The measure uses proper DAX syntax and unqualified references for measures.,0.200,0.200,0.300,0.300,0.000,0.200,0.300,0.300,0.400,0.400,0.400,0.400,0.200,0.200,0.900,0.800,1.000,Calculates the percentage of account plans reviewed by managers within the last 6 months.,Add a description to explain the business purpose and calculation logic of the measure. Ensure the logic is documented in plain business terms.,No changes needed for naming conventions as the measure name is clear and descriptive.
Account Planning,Warning,# Accounts w/ Stakeholder Map,"CALCULATE (
        [# of Account Plans],
        KEEPFILTERS ( 'Account'[Has Stakeholder] = ""Yes"" )
    )",Simple Aggregation,Yes,No - The formula is unique and does not duplicate other measures.,"Yes - This measure aligns with enterprise standards as it calculates a count of accounts with a specific attribute, which is a common business requirement.",Yes - The calculation logic is straightforward and uses clear DAX functions like CALCULATE and KEEPFILTERS.,"Low - The measure uses simple aggregation logic with minimal nesting, making it easy to understand.","Yes - The name clearly reflects the calculation and business purpose, avoiding abbreviations or cryptic labels.","No - The measure lacks a description, which reduces its clarity for business users.",Yes - The formula uses fully qualified column references and consistent syntax.,0.200,0.200,0.300,0.300,0.000,0.200,0.300,0.300,0.400,0.400,0.400,0.400,0.200,0.200,0.900,0.800,1.000,"Counts the number of accounts with stakeholder maps, supporting account planning insights.",Ensure all measures have descriptions to improve business documentation quality. Maintain the current simplicity and clarity of the calculation logic.,No changes needed for naming conventions as the measure name is clear and descriptive.
Account Planning,Good,% Accounts w/ Stakeholder Map,"
    DIVIDE( [# Accounts w/ Stakeholder Map], [# of Account Plans],"""")",Ratio Percentage,Yes,No - The formula is unique and does not duplicate other measures.,"Yes - This measure aligns with enterprise standards as it calculates a percentage, which is a common business requirement.",Yes - The calculation logic is straightforward and uses clear DAX functions like DIVIDE.,"Low - The measure uses simple division logic with minimal nesting, making it easy to understand.","Yes - The name clearly reflects the calculation and business purpose, avoiding abbreviations or cryptic labels.","No - The measure lacks a description, which reduces its clarity for business users.",Yes - The formula uses consistent syntax and unqualified measure references.,0.200,0.200,0.300,0.300,0.000,0.200,0.300,0.300,0.400,0.400,0.400,0.400,0.200,0.200,0.900,0.800,1.000,"Calculates the percentage of accounts with stakeholder maps, supporting account planning insights.",Ensure all measures have descriptions to improve business documentation quality. Maintain the current simplicity and clarity of the calculation logic.,No changes needed for naming conventions as the measure name is clear and descriptive.
Account Planning,Issue,% of Priorities w/ future Date,"
VAR Numerator = CALCULATE( [# of Active Priorities],
    KEEPFILTERS( 'Account Plan Priority'[Time Frame Date] > today() )
)        
                                                            
RETURN DIVIDE(Numerator,[# of Active Priorities],"""") ",Complex Calculation,Yes,No - The formula is unique and does not duplicate other measures.,No - This measure does not align with enterprise standards as it is specific to a particular use case and not a common business requirement.,"No - The calculation logic is complex due to the use of variables and nested functions, which may not be immediately clear to business users.","High - The measure uses multiple nested functions and variables, increasing its complexity and reducing readability.","Yes - The name clearly reflects the calculation and business purpose, avoiding abbreviations or cryptic labels.","No - The measure lacks a description, which reduces its clarity for business users.",Yes - The formula uses consistent syntax and fully qualified column references.,0.200,0.200,0.000,0.300,0.000,0.200,0.000,0.300,0.400,0.400,0.400,0.400,0.200,0.200,0.600,0.200,1.000,"Calculates the percentage of priorities with future dates, supporting account planning insights.",Simplify the calculation logic to improve readability and reduce complexity. Add a description to enhance business documentation quality.,No changes needed for naming conventions as the measure name is clear and descriptive.
Account Planning,Issue,Linked to Objectives,"var Num=CALCULATE([# of Priorities],'Account Planning'[CustomerObjectiveId] <> """",
    'Account'[Plan Type] IN {""0-Strategic"",""1-Full""},
    KEEPFILTERS('Account Plan Priority'[Priority Status] = ""Active"")
)
 Var Den=   CALCULATE([# of Priorities],'Account'[Plan Type] IN {""0-Strategic"",""1-Full""},
        KEEPFILTERS('Account Plan Priority'[Priority Status] = ""Active"")    )
 
RETURN DIVIDE(Num,Den)",Complex Calculation,Yes,No - The formula is unique and does not duplicate other measures.,No - The measure does not align with standard business patterns like Total Sales Value or Gross Margin.,No - The formula is complex with nested functions and lacks a description to explain its business purpose.,"High - The measure uses multiple nested functions and has a lengthy formula, making it difficult to interpret.",No - The name does not clearly reflect the calculation logic or business purpose.,"No - The measure lacks a description, making it unclear for business users.",Yes - The formula uses fully qualified column references and consistent syntax.,0.200,0.200,0.000,0.300,0.000,0.200,0.000,0.300,0.000,0.400,0.000,0.400,0.200,0.200,0.200,0.200,0.200,Counts priorities linked to objectives based on specific filters.,Simplify the formula to reduce complexity and provide a clear description explaining the business purpose.,"Rename the measure to reflect its calculation logic and business purpose more clearly, such as 'Linked_Objectives_Count'."
Account Planning,Issue,Modified On,"IF(MAX('Account'[Days Since Modified])=BLANK(),BLANK(),IF(MAX('Account'[Days Since Modified])>30,0,1))",Calculated Measure,Yes,No - The formula is unique and does not duplicate other measures.,No - The measure does not align with standard business patterns like Total Sales Value or Gross Margin.,No - The formula is moderately complex and lacks a description to explain its business purpose.,Medium - The formula uses nested IF statements but is relatively shorter and simpler compared to other measures.,No - The name does not clearly reflect the calculation logic or business purpose.,"No - The measure lacks a description, making it unclear for business users.",Yes - The formula uses fully qualified column references and consistent syntax.,0.200,0.200,0.000,0.300,0.000,0.200,0.200,0.300,0.000,0.400,0.000,0.400,0.200,0.200,0.300,0.400,0.200,Determines if an account was modified within the last 30 days.,Provide a description explaining the business purpose and simplify the formula if possible.,"Rename the measure to reflect its calculation logic and business purpose more clearly, such as 'Days_Since_Modified_Status'."
Account Planning,Issue,Last Reviewed,"

SWITCH (

    TRUE,

    MAX ( 'Account'[Manager Reviewed Date] ) = BLANK (), BLANK (),

    MAX ( 'Account'[Manager Reviewed Flag] ) = ""Yes""

        && MAX ( 'Account'[Manager Reviewed Date] )

            > TODAY () - 90, 1,

    0

)",Complex Calculation,Yes,No - The formula is unique and does not duplicate other measures.,No - The measure does not align with standard business patterns like Total Sales Value or Gross Margin.,No - The formula is complex with nested SWITCH and lacks a description to explain its business purpose.,"High - The measure uses multiple nested functions and has a lengthy formula, making it difficult to interpret.",No - The name does not clearly reflect the calculation logic or business purpose.,"No - The measure lacks a description, making it unclear for business users.",Yes - The formula uses fully qualified column references and consistent syntax.,0.200,0.200,0.000,0.300,0.000,0.200,0.000,0.300,0.000,0.400,0.000,0.400,0.200,0.200,0.200,0.200,0.200,Determines the last reviewed status based on manager review flags and dates.,Simplify the formula to reduce complexity and provide a clear description explaining the business purpose.,"Rename the measure to reflect its calculation logic and business purpose more clearly, such as 'Manager_Last_Reviewed_Status'."
Account Planning,Warning,# of Plans w/ Priority,"SUMX( VALUES( 'Account Planning'[AccountPlanID] ), 1 )
                ",Simple Aggregation,Yes,No - The formula is unique and does not duplicate other measures.,No - This measure does not align with standard business patterns like Total Sales Value or Gross Margin.,"No - The calculation logic is not intuitive for business users as it uses SUMX with a constant value of 1, which may not be immediately clear.",Low - The formula is straightforward with only two nested functions and simple aggregation logic.,Yes - The name clearly reflects the measure's purpose and calculation.,"No - No description is provided, which limits business users' understanding of the measure.","Yes - The formula uses fully qualified column references, adhering to DAX standards.",0.200,0.200,0.000,0.300,0.000,0.200,0.300,0.300,0.400,0.400,0.400,0.400,0.200,0.200,0.750,0.500,1.000,Counts the number of account plans with priority assigned.,Consider adding a description to explain the business purpose of this measure. Ensure the calculation logic is intuitive for business users.,No changes needed for naming conventions as the measure name is clear and descriptive.
Account Planning,Issue,% of Priorities with Partner,"
VAR Numerator = CALCULATE([# of Priorities] ,
    KEEPFILTERS('Account Plan Partners'[AccountPartnerProfileId] <> """")
)
VAR Denominator = [# of Priorities]


RETURN DIVIDE(Numerator,Denominator, BLANK())",Ratio Percentage,Yes,No - The formula is unique and does not duplicate other measures.,No - This measure does not align with standard business patterns like Total Sales Value or Gross Margin.,"No - The use of VAR and KEEPFILTERS adds complexity, making the calculation logic less intuitive for business users.","Medium - The formula uses multiple nested functions and variables, which increases complexity but is necessary for the calculation.",Yes - The name is descriptive and aligns with the calculation logic.,"No - No description is provided, which limits business users' understanding of the measure.","Yes - The formula uses proper DAX references, including fully qualified column names and unqualified measure references.",0.200,0.200,0.000,0.300,0.000,0.200,0.200,0.300,0.400,0.400,0.400,0.400,0.200,0.200,0.700,0.400,1.000,Calculates the percentage of priorities associated with a partner.,"Simplify the calculation logic if possible, or provide a detailed description to explain the use of variables and KEEPFILTERS.",No changes needed for naming conventions as the measure name is clear and descriptive.
Account Planning,Warning,% Plans Reviewed < 90 Days,"DIVIDE([# plans with manger reviewed date in last 90 days],[# of Account Plans],"""")",Ratio Percentage,Yes,No - The formula is unique and does not duplicate other measures.,Yes - This measure aligns with standard business patterns as it provides a time-based metric for account plan reviews.,Yes - The calculation logic is straightforward and uses a simple DIVIDE function with clear measure references.,Low - The formula is simple and uses only one nested function.,"Yes - The name is clear, descriptive, and aligns with the calculation logic.","No - No description is provided, which limits business users' understanding of the measure.","Yes - The formula uses proper DAX references, including unqualified measure references.",0.200,0.200,0.300,0.300,0.000,0.200,0.300,0.300,0.400,0.400,0.400,0.400,0.200,0.200,0.900,0.800,1.000,Calculates the percentage of account plans reviewed within the last 90 days.,Add a description to explain the business purpose of this measure to improve user understanding.,No changes needed for naming conventions as the measure name is clear and descriptive.
Account Planning,Not Analyzed,# plans with manger reviewed date in last 90 days,"CALCULATE (
  [# of Account Plans],
  FILTER( 'Account','Account'[Manager Reviewed Date] >= (TODAY()-90)))",Calculated Measure,No,Not Analyzed - ,Not Analyzed - ,Not Analyzed - ,Not Analyzed - ,Not Analyzed - ,Not Analyzed - ,Not Analyzed - ,0.000,0.200,0.000,0.300,0.000,0.200,0.000,0.300,0.000,0.400,0.000,0.400,0.000,0.200,0.000,0.000,0.000,Not analyzed by AI,,
Account Planning,Warning,# plans with days since modified < 30 days,"CALCULATE (
  [# of Account Plans],
  FILTER( 'Account','Account'[Days Since Modified] < 30))",Simple Aggregation,Yes,No - The formula is unique and does not duplicate other measures.,No - This measure is specific to the business process and does not align with standard enterprise measures like Total Sales Value or Gross Margin.,"No - The measure lacks a description, making it unclear to business users without additional context.",Low - The formula is straightforward with minimal nested functions and simple logic.,Yes - The name is descriptive and clearly reflects the calculation logic.,"No - The measure does not have a description, which reduces its clarity for business users.",Yes - The formula uses fully qualified column references and proper measure referencing.,0.200,0.200,0.000,0.300,0.000,0.200,0.300,0.300,0.400,0.400,0.400,0.400,0.200,0.200,0.750,0.500,1.000,Tracks account plans modified within the last 30 days to monitor recent updates.,Add a clear description to explain the business purpose of the measure.,No changes needed as the naming convention is clear and descriptive.
Account Planning,Good,% Plans Modified < 30 Days,"DIVIDE([# plans with days since modified < 30 days],[# of Account Plans],"""")",Ratio Percentage,Yes,No - The formula is unique and does not duplicate other measures.,No - This measure is specific to the business process and does not align with standard enterprise measures like Total Sales Value or Gross Margin.,Yes - The formula is simple and uses clear logic to calculate the percentage of plans modified within 30 days.,Low - The formula is straightforward with minimal nested functions and simple logic.,Yes - The name is descriptive and clearly reflects the calculation logic.,"No - The measure does not have a description, which reduces its clarity for business users.",Yes - The formula uses proper measure referencing and does not require column references.,0.200,0.200,0.000,0.300,0.000,0.200,0.300,0.300,0.400,0.400,0.400,0.400,0.200,0.200,0.750,0.500,1.000,Calculates the percentage of account plans modified within the last 30 days to monitor update frequency.,Add a clear description to explain the business purpose of the measure.,No changes needed as the naming convention is clear and descriptive.
Account Planning,Warning,% of Priorities with Top Priority,"DIVIDE( [# of Top Priorities], [# of Active Priorities],"""" )",Ratio Percentage,Yes,No - The formula is unique and does not duplicate other measures.,No - This measure is specific to the business context and does not align with standard enterprise measures like Total Sales or Gross Margin.,"No - The measure lacks a description, making it difficult for business users to understand its purpose without additional context.",Low - The formula uses a simple DIVIDE function with no unnecessary complexity.,Yes - The name clearly reflects the calculation logic and business purpose.,"No - The measure does not have a description, which reduces its accessibility for business users.",Yes - The formula uses proper DAX references for measures and columns.,0.200,0.200,0.000,0.300,0.000,0.200,0.300,0.300,0.400,0.400,0.400,0.400,0.200,0.200,0.750,0.500,1.000,Calculate the percentage of active priorities that are top priorities.,Add a clear description to explain the business purpose of the measure. Consider aligning the measure with standard enterprise metrics if applicable.,No changes needed; the naming convention is appropriate and descriptive.
Account Planning,Warning,% of Top Priorities with CSP,"DIVIDE([# of Top Priorities with CSP],[# of Top Priorities])",Ratio Percentage,Yes,No - The formula is unique and does not duplicate other measures.,No - This measure is specific to the business context and does not align with standard enterprise measures like Total Sales or Gross Margin.,"No - The measure lacks a description, making it difficult for business users to understand its purpose without additional context.",Low - The formula uses a simple DIVIDE function with no unnecessary complexity.,Yes - The name clearly reflects the calculation logic and business purpose.,"No - The measure does not have a description, which reduces its accessibility for business users.",Yes - The formula uses proper DAX references for measures and columns.,0.200,0.200,0.000,0.300,0.000,0.200,0.300,0.300,0.400,0.400,0.400,0.400,0.200,0.200,0.750,0.500,1.000,Calculate the percentage of top priorities that are associated with CSP.,Add a clear description to explain the business purpose of the measure. Consider aligning the measure with standard enterprise metrics if applicable.,No changes needed; the naming convention is appropriate and descriptive.
Account Planning,Good,# of Top Priorities with CSP,"CALCULATE([# of Top Priorities],KEEPFILTERS('Account Plan Priority'[Is Top Priority with CSP]= TRUE))",Calculated Measure,Yes,No - The formula is unique and does not duplicate other measures.,No - This measure is specific to the business context and does not align with standard enterprise measures like Total Sales or Gross Margin.,"No - The measure lacks a description, making it difficult for business users to understand its purpose without additional context.","Medium - The formula uses CALCULATE and KEEPFILTERS, which adds moderate complexity but is appropriate for the business purpose.",Yes - The name clearly reflects the calculation logic and business purpose.,"No - The measure does not have a description, which reduces its accessibility for business users.",Yes - The formula uses proper DAX references for measures and columns.,0.200,0.200,0.000,0.300,0.000,0.200,0.300,0.300,0.400,0.400,0.400,0.400,0.200,0.200,0.750,0.500,1.000,Calculate the number of top priorities associated with CSP.,Add a clear description to explain the business purpose of the measure. Consider aligning the measure with standard enterprise metrics if applicable.,No changes needed; the naming convention is appropriate and descriptive.
Account Planning,Warning,# of Top Priorities,"CALCULATE([# of Active Priorities]
    ,KEEPFILTERS('Account Plan Priority'[Is Top Priority Linked to Active Customer]= TRUE))",Calculated Measure,Yes,No - The formula is unique and does not duplicate other measures.,No - This measure is specific to the business context and does not align with standard enterprise measures like Total Sales or Gross Margin.,No - The calculation logic is not immediately clear without a description or explanation of what 'Top Priorities' means in the business context.,"Medium - The measure uses nested functions (CALCULATE and KEEPFILTERS), which adds moderate complexity but is appropriate for the business requirement.",Yes - The name clearly reflects the calculation and business purpose.,"No - The measure lacks a description, which makes it harder for users to understand its purpose and calculation logic.",Yes - The formula uses fully qualified column references and consistent syntax.,0.200,0.200,0.000,0.300,0.000,0.200,0.300,0.300,0.400,0.400,0.400,0.400,0.200,0.200,0.750,0.500,1.000,Identifies the number of top priorities linked to active customers for account planning purposes.,Add a description to explain the business context of 'Top Priorities' and ensure the calculation logic is self-explanatory.,No changes needed as the naming convention is clear and descriptive.
Account Planning,Warning,# Accounts with MACC,"CALCULATE([TPID Count],KEEPFILTERS(Account[Has MACC Pipeline]=""Yes""))",Calculated Measure,Yes,No - The formula is unique and does not duplicate other measures.,No - This measure is specific to the business context and does not align with standard enterprise measures like Total Sales or Gross Margin.,No - The calculation logic is not immediately clear without a description or explanation of what 'MACC Pipeline' means in the business context.,"Low - The measure uses CALCULATE and KEEPFILTERS, which are straightforward and appropriate for the business requirement.",Yes - The name clearly reflects the calculation and business purpose.,"No - The measure lacks a description, which makes it harder for users to understand its purpose and calculation logic.",Yes - The formula uses fully qualified column references and consistent syntax.,0.200,0.200,0.000,0.300,0.000,0.200,0.300,0.300,0.400,0.400,0.400,0.400,0.200,0.200,0.750,0.500,1.000,Counts the number of accounts with MACC pipeline for account planning purposes.,Add a description to explain the business context of 'MACC Pipeline' and ensure the calculation logic is self-explanatory.,No changes needed as the naming convention is clear and descriptive.
Account Planning,Warning,% Accounts with MACC Consumption Plan,"VAR _Num=CALCULATE([# Accounts with MACC],KEEPFILTERS(Account[Consumption Flag]=""Yes""))

RETURN DIVIDE(_Num,[# Accounts with MACC],"""")

",Ratio Percentage,Yes,No - The formula is unique and does not duplicate other measures.,No - This measure is specific to the business context and does not align with standard enterprise measures like Total Sales or Gross Margin.,No - The calculation logic is not immediately clear without a description or explanation of what 'MACC Consumption Plan' means in the business context.,"Medium - The measure uses a variable, CALCULATE, KEEPFILTERS, and DIVIDE, which adds moderate complexity but is appropriate for the business requirement.",Yes - The name clearly reflects the calculation and business purpose.,"No - The measure lacks a description, which makes it harder for users to understand its purpose and calculation logic.",Yes - The formula uses fully qualified column references and consistent syntax.,0.200,0.200,0.000,0.300,0.000,0.200,0.300,0.300,0.400,0.400,0.400,0.400,0.200,0.200,0.750,0.500,1.000,Calculates the percentage of accounts with MACC consumption plans for account planning purposes.,Add a description to explain the business context of 'MACC Consumption Plan' and ensure the calculation logic is self-explanatory.,No changes needed as the naming convention is clear and descriptive.
Account Planning,Warning,% of Accounts with QBR,"
var num=CALCULATE([TPID Count],KEEPFILTERS(Account[isqbr]=""yes""))

RETURN DIVIDE(num,[TPID Count],BLANK())
",Ratio Percentage,Yes,No - The formula is unique and does not duplicate other measures.,No - This measure is specific to the business context and does not align with standard enterprise measures like Total Sales or Gross Margin.,No - The calculation logic is not immediately clear without a description or explanation of what 'TPID Count' and 'isqbr' represent.,"Medium - The measure uses a variable and nested functions, but the logic is straightforward and appropriate for the business purpose.",Yes - The name clearly reflects the calculation and business purpose.,"No - No description is provided, which makes it harder for users to understand the measure's purpose.","Yes - The formula uses fully qualified column references and unqualified measure references, adhering to DAX standards.",0.200,0.200,0.000,0.300,0.000,0.200,0.300,0.300,0.400,0.400,0.400,0.400,0.200,0.200,0.750,0.500,1.000,Calculate the percentage of accounts with QBR for business performance tracking.,Add a clear description to explain the business purpose of the measure and the meaning of 'TPID Count' and 'isqbr'.,No changes needed; the naming convention is clear and business-focused.
Account Planning,Issue,% of Accounts with CSDR Within Last 30 Days,"
var den=CALCULATE( [TPID Count], KEEPFILTERS( Account[Has Premier Unified] = ""Yes"" ), KEEPFILTERS( Account[Has CSDR] = ""Yes"" ) )
var num=CALCULATE( [TPID Count], KEEPFILTERS( Account[Has Premier Unified] = ""Yes"" ), KEEPFILTERS( Account[Has CSDR within 30 Days] = ""Yes"" ) )

RETURN DIVIDE(num,den,"""")
",Ratio Percentage,Yes,No - The formula is unique and does not duplicate other measures.,No - This measure is specific to the business context and does not align with standard enterprise measures like Total Sales or Gross Margin.,"No - The calculation logic is complex and lacks a description, making it difficult to understand without additional context.","High - The measure uses multiple variables and nested functions, which increases complexity and may hinder user understanding.",Yes - The name clearly reflects the calculation and business purpose.,"No - No description is provided, which makes it harder for users to understand the measure's purpose.","Yes - The formula uses fully qualified column references and unqualified measure references, adhering to DAX standards.",0.200,0.200,0.000,0.300,0.000,0.200,0.000,0.300,0.400,0.400,0.400,0.400,0.200,0.200,0.600,0.200,1.000,Calculate the percentage of accounts with CSDR within the last 30 days for business performance tracking.,Simplify the calculation logic if possible and add a clear description to explain the business purpose of the measure.,No changes needed; the naming convention is clear and business-focused.
Account Planning,Good,# of Active Priorities,"CALCULATE([# of Priorities],KEEPFILTERS('Account Plan Priority'[Priority Status]=""Active""))",Simple Aggregation,Yes,No - The formula is unique and does not duplicate other measures.,"Yes - This measure aligns with standard enterprise measures as it provides a count of active priorities, which is a common business metric.",Yes - The calculation logic is straightforward and easy to understand.,"Low - The measure uses a simple calculation with minimal nested functions, making it easy to interpret.",Yes - The name clearly reflects the calculation and business purpose.,"No - No description is provided, which could improve user understanding.","Yes - The formula uses fully qualified column references and unqualified measure references, adhering to DAX standards.",0.200,0.200,0.300,0.300,0.000,0.200,0.300,0.300,0.400,0.400,0.400,0.400,0.200,0.200,0.900,0.800,1.000,Count the number of active priorities for account planning.,Add a description to explain the business purpose of the measure.,No changes needed; the naming convention is clear and business-focused.
Pipeline,Issue,% Billed Pipeline w/ Priority,"VAR X = CALCULATE([Billed Pipeline],KEEPFILTERS('Opportunity'[ParentingLevel Oppties]=""TopParentOppties""))

RETURN DIVIDE( [Billed Pipeline w/ Priority], X )",Ratio Percentage,Yes,No - The formula is unique and does not duplicate other measures.,No - This measure does not align with standard business patterns like Total Sales Value or Gross Margin.,No - The calculation logic is not immediately clear without a description. The use of VAR and nested functions increases complexity.,"High - The measure uses nested functions (CALCULATE, KEEPFILTERS, DIVIDE) and a variable, making it complex for business users to understand.",No - The name includes a special character (%) and lacks clarity. It could be renamed to 'Percentage_Billed_Pipeline_With_Priority' for better readability.,"No - No description is provided, which makes it difficult for business users to understand the purpose of the measure.","Yes - The measure uses fully qualified column references and unqualified measure references, adhering to DAX standards.",0.200,0.200,0.000,0.300,0.000,0.200,0.000,0.300,0.200,0.400,0.000,0.400,0.200,0.200,0.300,0.200,0.400,Calculate the percentage of billed pipeline with priority for top parenting opportunities.,Simplify the calculation logic by reducing the use of nested functions and providing a clear description of the measure's purpose.,Rename the measure to 'Percentage_Billed_Pipeline_With_Priority' to improve clarity and remove special characters.
Pipeline,Warning,Billed Pipeline,[Billed Pipeline Base],Simple Aggregation,Yes,No - The formula is unique and does not duplicate other measures.,"Yes - This measure aligns with standard business patterns as it represents a total value (e.g., Total Sales Value).",Yes - The calculation logic is straightforward and uses a single reference to another measure.,"Low - The measure is simple, with no nested functions or complex logic.",Yes - The name clearly reflects the calculation and is descriptive.,"No - No description is provided, which could help clarify the measure's purpose further.","Yes - The measure uses unqualified references for measures, adhering to DAX standards.",0.200,0.200,0.300,0.300,0.000,0.200,0.300,0.300,0.400,0.400,0.400,0.400,0.200,0.200,0.900,0.800,1.000,Represents the total billed pipeline value.,No changes needed as the calculation logic is already simple and clear.,Add a description to further clarify the measure's purpose for business users.
Pipeline,Warning,Billed Opportunity Count,"CALCULATE([Opportunity Count], KEEPFILTERS(Opportunity[Qualified Pipeline Flag] = 1))",Calculated Measure,Yes,No - The formula is unique and does not duplicate other measures.,No - This measure does not align with standard business patterns like Total Sales Value or Gross Margin.,"Yes - The calculation logic is relatively clear, though it could benefit from a description.","Medium - The measure uses nested functions (CALCULATE, KEEPFILTERS), which adds moderate complexity.",Yes - The name clearly reflects the calculation and is descriptive.,"No - No description is provided, which could help clarify the measure's purpose further.","Yes - The measure uses fully qualified column references and unqualified measure references, adhering to DAX standards.",0.200,0.200,0.000,0.300,0.000,0.200,0.200,0.300,0.400,0.400,0.400,0.400,0.200,0.200,0.700,0.400,1.000,Counts billed opportunities based on a qualified pipeline flag.,Consider simplifying the logic or providing a description to clarify the measure's purpose.,Add a description to further clarify the measure's purpose for business users.
Pipeline,Issue,Opportunity Count,"SUMX(VALUES('Pipeline'[dimopportunitykey]),1)",Simple Aggregation,Yes,No - The formula is unique and does not duplicate other measures.,No - This measure does not align with standard enterprise measures like Total Sales Value or Gross Margin.,"No - The calculation logic is not intuitive for business users as it uses SUMX with VALUES, which may not clearly convey the purpose of counting opportunities.",Low - The formula is relatively simple with only two nested functions and straightforward logic.,Yes - The name accurately reflects the measure's purpose of counting opportunities.,"No - No description is provided, which makes it harder for users to understand the business purpose of the measure.",Yes - The formula uses fully qualified column references ('Pipeline'[dimopportunitykey]) as per DAX standards.,0.200,0.200,0.000,0.300,0.000,0.200,0.300,0.300,0.400,0.400,0.400,0.400,0.200,0.200,0.750,0.500,1.000,Counts the number of opportunities in the pipeline.,"Consider providing a description to explain the business purpose of counting opportunities. Additionally, evaluate if this measure can be aligned with enterprise standards.","The naming convention is appropriate, but ensure descriptions are added for clarity."
Pipeline,Warning,Committed Pipeline,"CALCULATE([Billed Pipeline],KEEPFILTERS(Opportunity[Forecast Recommendation]=""Committed""))",Calculated Measure,Yes,No - The formula is unique and does not duplicate other measures.,Yes - This measure aligns with enterprise standards as it calculates a specific subset of pipeline data based on a business condition.,Yes - The calculation logic is clear and uses CALCULATE with a filter condition that is easy to understand.,"Medium - The formula uses CALCULATE and KEEPFILTERS, which adds moderate complexity but is appropriate for the business purpose.",Yes - The name clearly reflects the measure's purpose of calculating committed pipeline.,"No - No description is provided, which reduces clarity for business users.",Yes - The formula uses proper DAX referencing for columns and measures.,0.200,0.200,0.300,0.300,0.000,0.200,0.300,0.300,0.400,0.400,0.400,0.400,0.200,0.200,0.900,0.800,1.000,Calculates the committed pipeline based on forecast recommendations.,Add a description to explain the business purpose of this measure to improve user understanding.,"The naming convention is appropriate, but ensure descriptions are added for clarity."
Pipeline,Warning,Committed at Risk Pipeline,"CALCULATE([Billed Pipeline],KEEPFILTERS('Opportunity'[Forecast Recommendation]=""Committed at Risk""))",Calculated Measure,Yes,No - The formula is unique and does not duplicate other measures.,Yes - This measure aligns with enterprise standards as it calculates a specific subset of pipeline data based on a business condition.,Yes - The calculation logic is clear and uses CALCULATE with a filter condition that is easy to understand.,"Medium - The formula uses CALCULATE and KEEPFILTERS, which adds moderate complexity but is appropriate for the business purpose.",Yes - The name clearly reflects the measure's purpose of calculating committed at-risk pipeline.,"No - No description is provided, which reduces clarity for business users.",Yes - The formula uses proper DAX referencing for columns and measures.,0.200,0.200,0.300,0.300,0.000,0.200,0.300,0.300,0.400,0.400,0.400,0.400,0.200,0.200,0.900,0.800,1.000,Calculates the committed pipeline that is at risk based on forecast recommendations.,Add a description to explain the business purpose of this measure to improve user understanding.,"The naming convention is appropriate, but ensure descriptions are added for clarity."
Pipeline,Issue,Committed + Risk Pipeline,[Committed Pipeline] + [Committed at Risk Pipeline],Simple Aggregation,Yes,No - The formula is unique and does not duplicate other measures.,"No - The measure does not align with standard business patterns like Total Sales Value, Total Quantity, or Gross Margin.","No - The measure lacks a description, making it unclear what 'Committed Pipeline' and 'Committed at Risk Pipeline' represent in business terms.",Low - The formula is simple and does not use nested functions or complex DAX logic.,"No - The name does not clearly reflect the business purpose or calculation logic. It uses a '+' symbol, which is not a standard naming convention.","No - The measure lacks a description, which makes it difficult for users to understand its purpose.","Yes - The measure uses unqualified references for measures, which is consistent with DAX standards.",0.200,0.200,0.000,0.300,0.000,0.200,0.300,0.300,0.200,0.400,0.000,0.400,0.200,0.200,0.450,0.500,0.400,Represents the sum of committed pipeline and committed at risk pipeline values.,Add a clear description explaining the business purpose of 'Committed Pipeline' and 'Committed at Risk Pipeline'. Consider aligning the measure with standard business patterns if applicable.,"Rename the measure to something more descriptive, such as 'Total Committed and Risk Pipeline Value'. Avoid using symbols like '+' in measure names."
Pipeline,Warning,Billed Pipeline w/ Priority,"CALCULATE (SUM('Priority Pipeline'[PipelineUSD])
        ,KEEPFILTERS('Priority Pipeline'[PipelineType] = ""Billed""))",Calculated Measure,Yes,No - The formula is unique and does not duplicate other measures.,Yes - The measure aligns with standard business patterns as it calculates a specific pipeline value based on priority and billed status.,"No - The measure lacks a description, making it unclear what 'Priority Pipeline' and 'PipelineType = Billed' represent in business terms.","Medium - The formula uses CALCULATE with KEEPFILTERS and SUM, which adds moderate complexity but is appropriate for the business purpose.","Yes - The name is descriptive and reflects the calculation logic, including the focus on billed pipeline and priority.","No - The measure lacks a description, which makes it difficult for users to understand its purpose.","Yes - The measure uses fully qualified references for columns and unqualified references for measures, which is consistent with DAX standards.",0.200,0.200,0.300,0.300,0.000,0.200,0.300,0.300,0.400,0.400,0.400,0.400,0.200,0.200,0.900,0.800,1.000,Represents the billed pipeline value filtered by priority.,Add a clear description explaining the business purpose of 'Priority Pipeline' and 'PipelineType = Billed'.,No changes needed for naming conventions as the measure name is clear and descriptive.
Pipeline,Critical,ACR Pipeline,[ACR Pipeline Base],Undocumented,Yes,No - The formula is unique and does not duplicate other measures.,"No - The measure does not align with standard business patterns like Total Sales Value, Total Quantity, or Gross Margin.","No - The measure lacks a description, making it unclear what 'ACR Pipeline Base' represents in business terms.",Low - The formula is simple and does not use nested functions or complex DAX logic.,No - The name 'ACR Pipeline' is cryptic and does not clearly reflect the calculation or business purpose.,"No - The measure lacks a description, which makes it difficult for users to understand its purpose.","Yes - The measure uses unqualified references for measures, which is consistent with DAX standards.",0.200,0.200,0.000,0.300,0.000,0.200,0.300,0.300,0.000,0.400,0.000,0.400,0.200,0.200,0.350,0.500,0.200,Unknown due to lack of description.,Add a clear description explaining the business purpose of 'ACR Pipeline Base'. Consider aligning the measure with standard business patterns if applicable.,"Rename the measure to something more descriptive, such as 'Adjusted Customer Revenue Pipeline'. Avoid cryptic abbreviations like 'ACR'."
Pipeline,Warning,Future year ACR Pipeline,"CALCULATE (
    [ACR Pipeline w/ Priority],
    KEEPFILTERS ( 'Calendar'[Relative Year] = ""CY+1"" ),
    ALL ( 'Calendar' )
)",Time Intelligence,Yes,No - The formula is unique and does not duplicate other measures.,No - This measure is specific to forecasting ACR pipeline for the next year and does not align with standard enterprise measures like Total Sales or Gross Margin.,No - The calculation logic is not self-explanatory due to the lack of description and the use of nested functions without clear business context.,"Medium - The measure uses nested functions (CALCULATE, KEEPFILTERS, ALL) which add moderate complexity but are appropriate for the business purpose.",Yes - The name clearly reflects the calculation logic and business purpose of forecasting ACR pipeline for the next year.,"No - The measure lacks a description, which makes it harder for business users to understand its purpose.",Yes - The measure uses fully qualified column references and consistent syntax.,0.200,0.200,0.000,0.300,0.000,0.200,0.300,0.300,0.400,0.400,0.400,0.400,0.200,0.200,0.750,0.500,1.000,Forecasting ACR pipeline for the next year to support strategic planning.,Add a clear description to explain the business purpose of the measure. Ensure the calculation logic is documented in plain business terms.,No changes needed as the naming convention is already clear and descriptive.
Pipeline,Warning,ACR Pipeline w/ Priority,"CALCULATE (SUM('Priority Pipeline'[ACRPipelineUSD])
        ,KEEPFILTERS('Priority Pipeline'[PipelineType] = ""Consumption""))",Simple Aggregation,Yes,No - The formula is unique and does not duplicate other measures.,No - This measure is specific to ACR pipeline filtered by priority and does not align with standard enterprise measures like Total Sales or Gross Margin.,No - The calculation logic is not self-explanatory due to the lack of description and the use of nested functions without clear business context.,"Medium - The measure uses nested functions (CALCULATE, KEEPFILTERS) which add moderate complexity but are appropriate for the business purpose.",Yes - The name clearly reflects the calculation logic and business purpose of filtering ACR pipeline by priority.,"No - The measure lacks a description, which makes it harder for business users to understand its purpose.",Yes - The measure uses fully qualified column references and consistent syntax.,0.200,0.200,0.000,0.300,0.000,0.200,0.300,0.300,0.400,0.400,0.400,0.400,0.200,0.200,0.750,0.500,1.000,Aggregating ACR pipeline values filtered by priority for consumption analysis.,Add a clear description to explain the business purpose of the measure. Ensure the calculation logic is documented in plain business terms.,No changes needed as the naming convention is already clear and descriptive.
Pipeline,Warning,Future Year Billed Pipeline,"CALCULATE (
    [Billed Pipeline w/ Priority],
    KEEPFILTERS ( 'Calendar'[Relative Year] = ""CY+1"" ), ALL('Calendar')
)",Time Intelligence,Yes,No - The formula is unique and does not duplicate other measures.,No - This measure is specific to forecasting billed pipeline for the next year and does not align with standard enterprise measures like Total Sales or Gross Margin.,No - The calculation logic is not self-explanatory due to the lack of description and the use of nested functions without clear business context.,"Medium - The measure uses nested functions (CALCULATE, KEEPFILTERS, ALL) which add moderate complexity but are appropriate for the business purpose.",Yes - The name clearly reflects the calculation logic and business purpose of forecasting billed pipeline for the next year.,"No - The measure lacks a description, which makes it harder for business users to understand its purpose.",Yes - The measure uses fully qualified column references and consistent syntax.,0.200,0.200,0.000,0.300,0.000,0.200,0.300,0.300,0.400,0.400,0.400,0.400,0.200,0.200,0.750,0.500,1.000,Forecasting billed pipeline for the next year to support strategic planning.,Add a clear description to explain the business purpose of the measure. Ensure the calculation logic is documented in plain business terms.,No changes needed as the naming convention is already clear and descriptive.
Pipeline,Warning,# Opportunities w/ Priority,"SUMX( VALUES( 'Priority Pipeline'[dimopportunitykey] ), 1 )
            
    ",Simple Aggregation,Yes,No - The formula is unique and does not duplicate other measures.,No - This measure does not align with standard business patterns like Total Sales Value or Gross Margin.,No - The calculation logic is not self-explanatory as it uses SUMX with VALUES and lacks a description to clarify its purpose.,Low - The formula is straightforward with only two nested functions and no complex logic.,Yes - The name clearly reflects the calculation and uses business-focused terminology.,"No - No description is provided, which limits understanding of the measure's business purpose.",Yes - The formula uses fully qualified column references and adheres to DAX standards.,0.200,0.200,0.000,0.300,0.000,0.200,0.300,0.300,0.400,0.400,0.400,0.400,0.200,0.200,0.750,0.500,1.000,Counts the number of opportunities with priority in the pipeline.,Provide a description to clarify the business purpose of the measure and ensure it aligns with enterprise standards.,No changes needed as the naming convention is clear and business-focused.
Pipeline,Warning,# Billed Oppties w/ Priority,"CALCULATE([# Opportunities w/ Priority],KEEPFILTERS('Priority Pipeline'[PipelineType]=""Billed""))",Calculated Measure,Yes,No - The formula is unique and does not duplicate other measures.,No - This measure does not align with standard business patterns like Total Sales Value or Gross Margin.,No - The calculation logic is not self-explanatory as it uses CALCULATE with KEEPFILTERS and lacks a description to clarify its purpose.,Low - The formula is straightforward with only two nested functions and no complex logic.,Yes - The name clearly reflects the calculation and uses business-focused terminology.,"No - No description is provided, which limits understanding of the measure's business purpose.",Yes - The formula uses fully qualified column references and adheres to DAX standards.,0.200,0.200,0.000,0.300,0.000,0.200,0.300,0.300,0.400,0.400,0.400,0.400,0.200,0.200,0.750,0.500,1.000,Counts the number of billed opportunities with priority in the pipeline.,Provide a description to clarify the business purpose of the measure and ensure it aligns with enterprise standards.,No changes needed as the naming convention is clear and business-focused.
Pipeline,Warning,# Consumed Oppties w/ Priority,"CALCULATE([# Opportunities w/ Priority],KEEPFILTERS('Priority Pipeline'[PipelineType]=""Consumption""))",Calculated Measure,Yes,No - The formula is unique and does not duplicate other measures.,No - This measure does not align with standard business patterns like Total Sales Value or Gross Margin.,No - The calculation logic is not self-explanatory as it uses CALCULATE with KEEPFILTERS and lacks a description to clarify its purpose.,Low - The formula is straightforward with only two nested functions and no complex logic.,Yes - The name clearly reflects the calculation and uses business-focused terminology.,"No - No description is provided, which limits understanding of the measure's business purpose.",Yes - The formula uses fully qualified column references and adheres to DAX standards.,0.200,0.200,0.000,0.300,0.000,0.200,0.300,0.300,0.400,0.400,0.400,0.400,0.200,0.200,0.750,0.500,1.000,Counts the number of consumed opportunities with priority in the pipeline.,Provide a description to clarify the business purpose of the measure and ensure it aligns with enterprise standards.,No changes needed as the naming convention is clear and business-focused.
Pipeline,Issue,% of Billed Opties w/ future date,"
VAR Numerator = CALCULATE([# Billed Oppties w/ Priority]
               ,KEEPFILTERS('Opportunity'[Open Opportunity Flag] =1)
               ,KEEPFILTERS(Opportunity[Opportunity Due Date] > today())
) 
VAR Denominator = CALCULATE([# Billed Oppties w/ Priority]
                  ,KEEPFILTERS('Opportunity'[Open Opportunity Flag] =1)
)                                                         

RETURN DIVIDE(Numerator,Denominator) ",Ratio Percentage,Yes,No - The formula is unique and does not duplicate other measures.,No - This measure does not align with standard enterprise measures like Total Sales Value or Gross Margin.,No - The calculation logic is complex and lacks a description to explain its business purpose.,"High - The measure uses nested functions (7) and has a lengthy formula (431 characters), making it unnecessarily complex for its purpose.",No - The name is unclear and uses abbreviations ('Opties') that may confuse business users.,"No - The measure lacks a description, making it difficult to understand its business purpose.","Yes - The formula uses fully qualified column references and unqualified measure references, adhering to DAX standards.",0.200,0.200,0.000,0.300,0.000,0.200,0.000,0.300,0.200,0.400,0.000,0.400,0.200,0.200,0.300,0.200,0.400,Calculate the percentage of billed opportunities with a future due date.,Simplify the formula by reducing nested functions and provide a clear description of the measure's business purpose.,"Rename the measure to a more descriptive and business-friendly name, such as 'Percentage of Billed Opportunities with Future Due Date'."
Pipeline,Issue,% of Consumption Opties w/ future date,"
VAR Numerator = CALCULATE([# Consumed Oppties w/ Priority]
               ,KEEPFILTERS('Opportunity'[Open Opportunity Flag] =1)
               ,KEEPFILTERS(Opportunity[Estimated Completion Date] > today())
) 
VAR Denominator = CALCULATE([# Consumed Oppties w/ Priority]
                  ,KEEPFILTERS('Opportunity'[Open Opportunity Flag] =1 )
)                                                         

RETURN DIVIDE(Numerator,Denominator) ",Ratio Percentage,Yes,No - The formula is unique and does not duplicate other measures.,No - This measure does not align with standard enterprise measures like Total Sales Value or Gross Margin.,No - The calculation logic is complex and lacks a description to explain its business purpose.,"High - The measure uses nested functions (7) and has a lengthy formula (441 characters), making it unnecessarily complex for its purpose.",No - The name is unclear and uses abbreviations ('Opties') that may confuse business users.,"No - The measure lacks a description, making it difficult to understand its business purpose.","Yes - The formula uses fully qualified column references and unqualified measure references, adhering to DAX standards.",0.200,0.200,0.000,0.300,0.000,0.200,0.000,0.300,0.200,0.400,0.000,0.400,0.200,0.200,0.300,0.200,0.400,Calculate the percentage of consumed opportunities with a future completion date.,Simplify the formula by reducing nested functions and provide a clear description of the measure's business purpose.,"Rename the measure to a more descriptive and business-friendly name, such as 'Percentage of Consumed Opportunities with Future Completion Date'."
Pipeline,Warning,% Total Pipeline w/ Priority," VAR Num = CALCULATE( [Billed Pipeline w/ Priority] + [ACR Pipeline w/ Priority], KEEPFILTERS( 'Priority Pipeline'[OpenOpportunityFlag] = 1 ) )
 VAR Den = CALCULATE( [Billed Pipeline] + [ACR Pipeline],KEEPFILTERS('Pipeline'[TopParentOpenOpptyFlag] = 1) ) 
 RETURN DIVIDE(Num, Den)        
        
        
       ",Ratio Percentage,Yes,No - The formula is unique and does not duplicate other measures.,"Yes - This measure aligns with enterprise standards by calculating a percentage of pipeline with priority, which is a common business metric.","Yes - The calculation logic is straightforward and aligns with the measure's name, although a description would improve clarity.","Medium - The measure uses nested functions (5) and has a moderately lengthy formula (314 characters), but the complexity is appropriate for its purpose.",Yes - The name is descriptive and aligns with the measure's calculation logic.,"No - The measure lacks a description, which would improve its clarity and usability.","Yes - The formula uses fully qualified column references and unqualified measure references, adhering to DAX standards.",0.200,0.200,0.300,0.300,0.000,0.200,0.300,0.300,0.400,0.400,0.400,0.400,0.200,0.200,0.900,0.800,1.000,Calculate the percentage of total pipeline with priority.,Consider adding a description to improve clarity and usability for business users.,No changes needed as the name is already descriptive and aligns with enterprise standards.
Pipeline,Issue,% Billed opties w/ close plan,"
VAR X = CALCULATE( [Billed Pipeline], KEEPFILTERS( Opportunity[Close Plan Attached] = ""Yes"" ),KEEPFILTERS('Opportunity'[Open Opportunity Flag] = 1) )

VAR Y = CALCULATE( [Billed Pipeline],KEEPFILTERS('Opportunity'[Open Opportunity Flag] = 1) )

RETURN DIVIDE( X, Y ,"""")",Complex Calculation,Yes,Yes - The formula is unique and does not duplicate other measures.,"No - This measure does not align with standard business patterns like Total Sales Value, Total Quantity, or Gross Margin.","No - The calculation logic is complex due to the use of multiple nested functions and variables, making it difficult for business users to understand without additional explanation.","High - The measure uses multiple nested functions (6) and has a long formula (270 characters), which increases its complexity.",No - The name is not clear or descriptive enough for business users. It uses abbreviations ('opties') and lacks clarity about the calculation purpose.,"No - The measure does not have a description, which makes it harder for users to understand its purpose and calculation logic.",Yes - The formula uses proper DAX references with fully qualified column names and consistent measure referencing.,0.200,0.200,0.000,0.300,0.000,0.200,0.000,0.300,0.000,0.400,0.000,0.400,0.200,0.200,0.200,0.200,0.200,Calculate the percentage of billed opportunities with a close plan attached and open opportunity flag.,Simplify the calculation logic to reduce complexity and improve readability. Add a clear description explaining the measure's purpose and calculation in business terms.,"Rename the measure to a more descriptive and business-focused name, avoiding abbreviations like 'opties'. For example, 'Percentage of Billed Opportunities with Close Plan'."
Pipeline,Issue,% of Total Opties w/ future date,"
VAR Numerator = CALCULATE([# Open Opportunities w/ Priority], OR(Opportunity[Opportunity Due Date] > today(),Opportunity[Estimated Completion Date] > today())) 
VAR Denominator = [# Open Opportunities w/ Priority]                                                

RETURN DIVIDE(Numerator,Denominator) ",Complex Calculation,Yes,Yes - The formula is unique and does not duplicate other measures.,"No - This measure does not align with standard business patterns like Total Sales Value, Total Quantity, or Gross Margin.","No - The calculation logic is complex due to the use of multiple nested functions and variables, making it difficult for business users to understand without additional explanation.","High - The measure uses multiple nested functions (5) and has a long formula (301 characters), which increases its complexity.",No - The name is not clear or descriptive enough for business users. It uses abbreviations ('opties') and lacks clarity about the calculation purpose.,"No - The measure does not have a description, which makes it harder for users to understand its purpose and calculation logic.",Yes - The formula uses proper DAX references with fully qualified column names and consistent measure referencing.,0.200,0.200,0.000,0.300,0.000,0.200,0.000,0.300,0.000,0.400,0.000,0.400,0.200,0.200,0.200,0.200,0.200,Calculate the percentage of total opportunities with a future due date or estimated completion date.,Simplify the calculation logic to reduce complexity and improve readability. Add a clear description explaining the measure's purpose and calculation in business terms.,"Rename the measure to a more descriptive and business-focused name, avoiding abbreviations like 'opties'. For example, 'Percentage of Total Opportunities with Future Date'."
Pipeline,Good,Total Pipeline,[Billed Pipeline]+[ACR Pipeline],Simple Aggregation,Yes,Yes - The formula is unique and does not duplicate other measures.,"Yes - This measure aligns with standard business patterns, as it calculates the total pipeline value, which is a common business metric.","Yes - The calculation logic is simple and easy to understand, as it is a straightforward aggregation of two measures.","Low - The measure has a simple formula with no nested functions, making it easy to understand and use.","Yes - The name is clear, descriptive, and accurately reflects the calculation purpose.","No - The measure does not have a description, which could be added to further improve user understanding.",Yes - The formula uses proper DAX references with consistent measure referencing.,0.200,0.200,0.300,0.300,0.000,0.200,0.300,0.300,0.400,0.400,0.400,0.400,0.200,0.200,0.900,0.800,1.000,Calculate the total pipeline value by summing billed pipeline and ACR pipeline.,No changes needed as the calculation logic is already simple and standardized.,Add a description to further improve user understanding and documentation quality.
Pipeline,Issue,% ACR Pipeline w/ Priority,"VAR X = CALCULATE([ACR Pipeline],KEEPFILTERS('Opportunity'[ParentingLevel Oppties]=""TopParentOppties""))

RETURN DIVIDE( [ACR Pipeline w/ Priority], X )",Ratio Percentage,Yes,No - The formula is unique and does not duplicate other measures.,No - This measure does not align with standard enterprise measures like Total Sales Value or Gross Margin.,No - The calculation logic is not immediately clear without additional context or description.,"Medium - The measure uses nested functions (VAR, CALCULATE, KEEPFILTERS, DIVIDE), which adds moderate complexity but is manageable.",No - The name is somewhat descriptive but could be clearer and more aligned with enterprise naming conventions.,"No - No description is provided, which reduces clarity for business users.",Yes - The measure uses fully qualified column references and unqualified measure references correctly.,0.200,0.200,0.000,0.300,0.000,0.200,0.200,0.300,0.200,0.400,0.200,0.400,0.200,0.200,0.500,0.400,0.600,Calculate the percentage of ACR Pipeline with priority compared to the total ACR Pipeline.,Provide a clear description explaining the business purpose and calculation logic of the measure. Consider simplifying the formula if possible.,"Rename the measure to something more descriptive and aligned with enterprise standards, such as 'Percentage_ACR_Pipeline_With_Priority'."
Pipeline,Warning,# Billed Oppties,"CALCULATE([Opportunity Count], KEEPFILTERS(Opportunity[Opportunity Type] IN {""Billed"",""Billed & Consumption""}))",Simple Aggregation,Yes,No - The formula is unique and does not duplicate other measures.,"Yes - This measure aligns with standard enterprise measures, as it calculates a count of billed opportunities.",Yes - The calculation logic is straightforward and easy to understand.,Low - The measure uses simple functions (CALCULATE and KEEPFILTERS) with minimal nesting.,"Yes - The name is clear, descriptive, and aligned with enterprise naming conventions.","No - No description is provided, which reduces clarity for business users.",Yes - The measure uses fully qualified column references and unqualified measure references correctly.,0.200,0.200,0.300,0.300,0.000,0.200,0.300,0.300,0.400,0.400,0.400,0.400,0.200,0.200,0.900,0.800,1.000,Count the number of billed opportunities.,Add a description to explain the business purpose and calculation logic of the measure.,No changes needed; the name is already clear and descriptive.
Pipeline,Warning,# Consumed Oppties,"CALCULATE([Opportunity Count], KEEPFILTERS(Opportunity[Opportunity Type] IN {""Consumption"",""Billed & Consumption""}))",Simple Aggregation,Yes,No - The formula is unique and does not duplicate other measures.,"Yes - This measure aligns with standard enterprise measures, as it calculates a count of consumed opportunities.",Yes - The calculation logic is straightforward and easy to understand.,Low - The measure uses simple functions (CALCULATE and KEEPFILTERS) with minimal nesting.,"Yes - The name is clear, descriptive, and aligned with enterprise naming conventions.","No - No description is provided, which reduces clarity for business users.",Yes - The measure uses fully qualified column references and unqualified measure references correctly.,0.200,0.200,0.300,0.300,0.000,0.200,0.300,0.300,0.400,0.400,0.400,0.400,0.200,0.200,0.900,0.800,1.000,Count the number of consumed opportunities.,Add a description to explain the business purpose and calculation logic of the measure.,No changes needed; the name is already clear and descriptive.
Pipeline,Warning,% Total Opty count w/ priority,"VAR X = CALCULATE([Opportunity Count],KEEPFILTERS('Pipeline'[TopParentOpenOpptyFlag] = 1))

RETURN DIVIDE ([# Open Opportunities w/ Priority],X)",Ratio Percentage,Yes,No - The formula is unique and does not duplicate other measures.,No - This measure does not align with standard business patterns like Total Sales Value or Gross Margin.,"No - The calculation logic is not immediately clear without a description, especially due to the use of VAR and nested functions.","Medium - The measure uses nested functions and a VAR definition, which adds moderate complexity.",Yes - The name clearly reflects the calculation and business purpose.,"No - No description is provided, making it harder for business users to understand the measure's purpose.",Yes - The measure uses fully qualified column references and unqualified measure references appropriately.,0.200,0.200,0.000,0.300,0.000,0.200,0.200,0.300,0.400,0.400,0.400,0.400,0.200,0.200,0.700,0.400,1.000,Calculate the percentage of opportunities with priority relative to the total opportunities.,Add a description to explain the business logic behind the measure. Consider simplifying the formula if possible to reduce complexity.,The naming convention is appropriate; no changes are needed.
Pipeline,Issue,% Total Stage 1 Opty count w/ priority,"CALCULATE([% Total Opty count w/ priority],KEEPFILTERS(Opportunity[Sales Stage Sort]=1))",Ratio Percentage,Yes,No - The formula is unique and does not duplicate other measures.,No - This measure does not align with standard business patterns like Total Sales Value or Gross Margin.,"No - The calculation logic is not immediately clear without a description, especially due to the nested functions.",Low - The measure uses fewer nested functions and is relatively straightforward.,Yes - The name clearly reflects the calculation and business purpose.,"No - No description is provided, making it harder for business users to understand the measure's purpose.",Yes - The measure uses fully qualified column references and unqualified measure references appropriately.,0.200,0.200,0.000,0.300,0.000,0.200,0.300,0.300,0.400,0.400,0.400,0.400,0.200,0.200,0.750,0.500,1.000,Calculate the percentage of Stage 1 opportunities with priority relative to the total opportunities.,Add a description to explain the business logic behind the measure.,The naming convention is appropriate; no changes are needed.
Pipeline,Issue,% Total Stage 1 pipeline w/ priority,"CALCULATE([% Total Pipeline w/ Priority],KEEPFILTERS(Opportunity[Sales Stage Sort]=1))",Ratio Percentage,Yes,No - The formula is unique and does not duplicate other measures.,No - This measure does not align with standard business patterns like Total Sales Value or Gross Margin.,"No - The calculation logic is not immediately clear without a description, especially due to the nested functions.",Low - The measure uses fewer nested functions and is relatively straightforward.,Yes - The name clearly reflects the calculation and business purpose.,"No - No description is provided, making it harder for business users to understand the measure's purpose.",Yes - The measure uses fully qualified column references and unqualified measure references appropriately.,0.200,0.200,0.000,0.300,0.000,0.200,0.300,0.300,0.400,0.400,0.400,0.400,0.200,0.200,0.750,0.500,1.000,Calculate the percentage of Stage 1 pipeline with priority relative to the total pipeline.,Add a description to explain the business logic behind the measure.,The naming convention is appropriate; no changes are needed.
Pipeline,Warning,Billed Pipeline Base,"CALCULATE(SUM(Pipeline[PipelineUSD]),KEEPFILTERS(Pipeline[PipelineType]=""Billed""))",Simple Aggregation,Yes,No - The formula is unique and does not duplicate other measures.,No - This measure is specific to the 'Billed Pipeline' context and does not align with standard enterprise measures like Total Sales Value or Gross Margin.,No - The calculation logic is not immediately clear without a description or explanation of the 'PipelineType' filter.,Medium - The measure uses nested functions (CALCULATE and KEEPFILTERS) but is not overly complex for its purpose.,Yes - The name clearly reflects the calculation and business purpose of the measure.,"No - The measure lacks a description, which would help clarify its business purpose and calculation logic.","Yes - The formula uses fully qualified column references (e.g., Pipeline[PipelineUSD]) and proper DAX syntax.",0.200,0.200,0.000,0.300,0.000,0.200,0.200,0.300,0.400,0.400,0.400,0.400,0.200,0.200,0.700,0.400,1.000,Tracks the billed pipeline value for analysis and reporting.,Add a description to explain the business purpose and calculation logic of the measure. Consider aligning the measure with enterprise standards if applicable.,No changes needed for naming conventions as the measure name is clear and descriptive.
Pipeline,Issue,ACR Pipeline Base,"CALCULATE(SUM(Pipeline[ACRPipelineUSD]),KEEPFILTERS(Pipeline[PipelineType]=""Consumption""),ALL('Product'))",Complex Calculation,Yes,No - The formula is unique and does not duplicate other measures.,No - This measure is specific to the 'ACR Pipeline' context and does not align with standard enterprise measures like Total Sales Value or Gross Margin.,No - The calculation logic is not immediately clear without a description or explanation of the filters applied.,"High - The measure uses multiple nested functions (CALCULATE, KEEPFILTERS, ALL), which increases complexity.",Yes - The name clearly reflects the calculation and business purpose of the measure.,"No - The measure lacks a description, which would help clarify its business purpose and calculation logic.","Yes - The formula uses fully qualified column references (e.g., Pipeline[ACRPipelineUSD]) and proper DAX syntax.",0.200,0.200,0.000,0.300,0.000,0.200,0.000,0.300,0.400,0.400,0.400,0.400,0.200,0.200,0.600,0.200,1.000,Tracks the ACR pipeline value for analysis and reporting.,Simplify the measure if possible to reduce complexity. Add a description to explain the business purpose and calculation logic.,No changes needed for naming conventions as the measure name is clear and descriptive.
Pipeline,Good,# Open Opportunities w/ Priority,"CALCULATE([# Opportunities w/ Priority]
        ,KEEPFILTERS('Priority Pipeline'[OpenOpportunityFlag] =1))",Simple Aggregation,Yes,No - The formula is unique and does not duplicate other measures.,Yes - This measure aligns with standard business patterns for tracking opportunities.,Yes - The calculation logic is straightforward and easy to understand.,Low - The measure uses simple DAX functions (CALCULATE and KEEPFILTERS) with minimal nesting.,Yes - The name clearly reflects the calculation and business purpose of the measure.,"No - The measure lacks a description, which would help clarify its business purpose and calculation logic.",Yes - The formula uses proper DAX syntax and references measures correctly.,0.200,0.200,0.300,0.300,0.000,0.200,0.300,0.300,0.400,0.400,0.400,0.400,0.200,0.200,0.900,0.800,1.000,Tracks the number of open opportunities with priority for analysis and reporting.,Add a description to explain the business purpose and calculation logic of the measure.,No changes needed for naming conventions as the measure name is clear and descriptive.
Pipeline,Warning,# Open Opportunities w/o Priority," CALCULATE([Opportunity Count]
 ,KEEPFILTERS('Opportunity'[Account Priority Attached]=""No"")
,KEEPFILTERS('Pipeline'[TopParentOpenOpptyFlag]=1))
",Calculated Measure,Yes,No - The formula is unique and does not duplicate other measures.,No - This measure is specific to the business context and does not align with standard enterprise measures like Total Sales Value or Gross Margin.,No - The calculation logic is not immediately clear without additional context or description. The use of KEEPFILTERS and specific flags requires explanation.,"Medium - The measure uses nested functions (CALCULATE, KEEPFILTERS) and specific filters, which adds moderate complexity.",Yes - The name clearly reflects the calculation logic and business purpose.,"No - No description is provided, which makes it harder for business users to understand the measure's purpose.",Yes - The measure uses fully qualified column references and consistent syntax.,0.200,0.200,0.000,0.300,0.000,0.200,0.200,0.300,0.400,0.400,0.400,0.400,0.200,0.200,0.700,0.400,1.000,Counts open opportunities without priority for pipeline analysis.,Provide a clear description explaining the business purpose and calculation logic. Consider simplifying the formula if possible.,The naming convention is appropriate. No changes needed.
Pipeline,Issue,Qualified Pipeline,"CALCULATE(
    SUM( 'Pipeline'[QualifiedPipeline] )
    , KEEPFILTERS( Pipeline[PipelineType] = ""Billed"" )
)
",Simple Aggregation,Yes,No - The formula is unique and does not duplicate other measures.,No - This measure is specific to the business context and does not align with standard enterprise measures like Total Sales Value or Gross Margin.,No - The calculation logic is not immediately clear without additional context or description. The use of KEEPFILTERS requires explanation.,"Medium - The measure uses nested functions (CALCULATE, KEEPFILTERS), which adds moderate complexity.",Yes - The name reflects the calculation logic and business purpose.,"No - No description is provided, which makes it harder for business users to understand the measure's purpose.",Yes - The measure uses fully qualified column references and consistent syntax.,0.200,0.200,0.000,0.300,0.000,0.200,0.200,0.300,0.400,0.400,0.400,0.400,0.200,0.200,0.700,0.400,1.000,Aggregates qualified pipeline values for billed pipeline analysis.,Provide a clear description explaining the business purpose and calculation logic. Consider simplifying the formula if possible.,The naming convention is appropriate. No changes needed.
Pipeline,Issue,Azure Qualified Pipeline,"CALCULATE(
    SUM('Pipeline'[QualifiedPipeline])
    ,KEEPFILTERS(Pipeline[PipelineType] = ""Consumption"")
    ,USERELATIONSHIP(Account[dimaccountgeographyhierarchykey],Pipeline[dimaccountgeographyhierarchykey]))",Complex Calculation,Yes,No - The formula is unique and does not duplicate other measures.,No - This measure is specific to the business context and does not align with standard enterprise measures like Total Sales Value or Gross Margin.,No - The calculation logic is not immediately clear without additional context or description. The use of USERELATIONSHIP adds complexity.,"High - The measure uses nested functions (CALCULATE, KEEPFILTERS, USERELATIONSHIP), which adds significant complexity.",Yes - The name reflects the calculation logic and business purpose.,"No - No description is provided, which makes it harder for business users to understand the measure's purpose.",Yes - The measure uses fully qualified column references and consistent syntax.,0.200,0.200,0.000,0.300,0.000,0.200,0.100,0.300,0.400,0.400,0.400,0.400,0.200,0.200,0.650,0.300,1.000,Aggregates Azure qualified pipeline values for consumption pipeline analysis.,Provide a clear description explaining the business purpose and calculation logic. Simplify the formula by reducing nested functions if possible.,The naming convention is appropriate. No changes needed.
User Seller,Issue,CURRENT_USER,"LEFT(USERPRINCIPALNAME(),FIND(""@"",USERPRINCIPALNAME())-1)",Calculated Measure,Yes,No - The formula is unique and does not duplicate other measures.,"No - The measure does not align with standard business patterns such as Total Sales Value, Total Quantity, or Gross Margin. It is specific to user identification.",No - The calculation logic is not self-explanatory as it uses nested functions and does not have a description to clarify its purpose.,"Medium - The measure uses nested functions (LEFT, USERPRINCIPALNAME, FIND) which increases complexity. However, the logic is not overly complex for its purpose.","No - The name 'CURRENT_USER' is generic and does not clearly reflect the calculation logic, which extracts the username from the email address.","No - The measure lacks a description, which is necessary to explain its purpose and calculation logic in business terms.",Yes - The measure uses proper DAX syntax and references functions correctly.,0.200,0.200,0.000,0.300,0.000,0.200,0.200,0.300,0.200,0.400,0.000,0.400,0.200,0.200,0.400,0.400,0.400,Extracts the username from the email address of the current user for identification purposes.,Consider adding a description to explain the purpose of the measure in plain business terms. Simplify the calculation logic if possible to reduce complexity.,"Rename the measure to better reflect its calculation logic and business purpose, such as 'Extracted_UserName_From_Email'."
