Table Name,Issue_Severity,Measure Name,Measure Formula,Calculation Type,AI Analyzed,Have Same Measure Definition,Is Standard Measure,Self Explanatory Calculation Logic,Complexity Level,Meets Naming Convention Standards,Has Descriptions,Proper DAX References,Duplicate Measure Definition Score,Duplicate Measure Definition Max Score,Standard Library Measures Score,Standard Library Measures Max Score,Business Documentation Quality Score,Business Documentation Quality Max Score,Complexity Classification Score,Complexity Classification Max Score,Definition Based Naming Score,Definition Based Naming Max Score,Business Focused Naming Score,Business Focused Naming Max Score,DAX Reference Standards Score,DAX Reference Standards Max Score,Overall Score,Calculation Logic Score,Naming Score,Business Purpose,Standardized Calculation Logic Recommendations,Naming Conventions Recommendations
Account,Warning,TPID Count,COUNT( Account[TPID] ),Simple Aggregation,Yes,"No - The measure uses a simple COUNT function on a specific column, and no duplicates of this definition were identified.",Yes - Counting unique identifiers (TPID) is a common business requirement and aligns with standard enterprise practices.,Yes - The calculation logic is straightforward and easy to understand as it simply counts the TPID column.,Low - The measure uses a single COUNT function without any additional complexity.,Yes - The name clearly reflects the calculation logic and business purpose (counting TPIDs).,"No - No description is provided, which limits the ability to understand the business context of the measure.","Yes - The formula uses fully qualified column references (Account[TPID]), adhering to DAX standards.",0.200,0.200,0.300,0.300,0.000,0.200,0.300,0.300,0.400,0.400,0.400,0.400,0.200,0.200,0.900,0.800,1.000,"Counts the number of TPIDs in the Account table, which can be used for reporting on account-level metrics.",Consider adding a description to explain the business purpose of counting TPIDs to improve documentation quality.,No changes needed as the naming convention is clear and aligns with the measure's calculation.
Account,Warning,# Accounts w/ Unified or Premier,"CALCULATE([TPID Count],KEEPFILTERS(Account[Has Premier Unified] = ""Yes""))",Calculated Measure,Yes,"No - The measure uses CALCULATE with KEEPFILTERS to filter accounts with 'Has Premier Unified' = 'Yes', and no duplicates of this definition were identified.",Yes - Filtering accounts based on specific criteria is a common business requirement and aligns with enterprise standards.,"No - The calculation logic is moderately complex due to the use of KEEPFILTERS, which may not be immediately clear to business users.","Medium - The measure uses CALCULATE with KEEPFILTERS, which adds moderate complexity compared to simple aggregations.",Yes - The name clearly reflects the calculation logic and business purpose (counting accounts with specific criteria).,"No - No description is provided, which limits the ability to understand the business context of the measure.","Yes - The formula uses fully qualified column references (Account[Has Premier Unified]), adhering to DAX standards.",0.200,0.200,0.300,0.300,0.000,0.200,0.200,0.300,0.400,0.400,0.400,0.400,0.200,0.200,0.850,0.700,1.000,"Counts accounts with 'Has Premier Unified' = 'Yes', supporting reporting on account segmentation.",Consider simplifying the logic or providing a description to explain the use of KEEPFILTERS for business users.,No changes needed as the naming convention is clear and aligns with the measure's calculation.
Account,Issue,ATQ Latest,AVERAGE(Account[ATQ]),Simple Aggregation,Yes,"No - The measure uses AVERAGE on the ATQ column, and no duplicates of this definition were identified.",No - Averaging ATQ values is not a standard enterprise measure and appears to be ad-hoc.,Yes - The calculation logic is straightforward and easy to understand as it averages the ATQ column.,Low - The measure uses a single AVERAGE function without any additional complexity.,No - The name 'ATQ Latest' does not clearly reflect the calculation logic (average of ATQ values).,"No - No description is provided, which limits the ability to understand the business context of the measure.","Yes - The formula uses fully qualified column references (Account[ATQ]), adhering to DAX standards.",0.200,0.200,0.000,0.300,0.000,0.200,0.300,0.300,0.200,0.400,0.200,0.400,0.200,0.200,0.550,0.500,0.600,"Averages ATQ values for reporting purposes, but the business use case is unclear.",Consider adding a description to explain the business purpose of averaging ATQ values.,Rename the measure to 'Average_ATQ' to better reflect the calculation logic.
Account,Issue,Understands Strategic Priorities Latest,AVERAGE(Account[UnderstandsStrategicPriorities]),Simple Aggregation,Yes,No - The formula is unique and does not duplicate other measures in the dataset.,No - The measure does not align with standard enterprise measures like Total Sales or Gross Margin.,No - The calculation logic is simple but lacks a description to explain its business purpose.,Low - The formula uses a single aggregation function (AVERAGE) and is straightforward.,"No - The name is descriptive but overly verbose, making it less user-friendly.","No - The measure lacks a description, which reduces its clarity for business users.","Yes - The formula uses fully qualified column references, adhering to DAX standards.",0.200,0.200,0.000,0.300,0.000,0.200,0.300,0.300,0.200,0.400,0.200,0.400,0.200,0.200,0.550,0.500,0.600,Evaluate the average understanding of strategic priorities for accounts.,Add a description to explain the business purpose of the measure. Consider aligning the measure with enterprise standards if applicable.,"Simplify the measure name to make it more user-friendly while retaining clarity (e.g., 'Avg_Understands_Strategic_Priorities')."
Account,Issue,Identify Right Solutions Based on Needs Latest,AVERAGE(Account[IdentifyRightSolutionsBasedonNeeds]),Simple Aggregation,Yes,No - The formula is unique and does not duplicate other measures in the dataset.,No - The measure does not align with standard enterprise measures like Total Sales or Gross Margin.,No - The calculation logic is simple but lacks a description to explain its business purpose.,Low - The formula uses a single aggregation function (AVERAGE) and is straightforward.,"No - The name is descriptive but overly verbose, making it less user-friendly.","No - The measure lacks a description, which reduces its clarity for business users.","Yes - The formula uses fully qualified column references, adhering to DAX standards.",0.200,0.200,0.000,0.300,0.000,0.200,0.300,0.300,0.200,0.400,0.200,0.400,0.200,0.200,0.550,0.500,0.600,Evaluate the average ability to identify the right solutions based on needs for accounts.,Add a description to explain the business purpose of the measure. Consider aligning the measure with enterprise standards if applicable.,"Simplify the measure name to make it more user-friendly while retaining clarity (e.g., 'Avg_Identify_Right_Solutions')."
Account,Warning,Delta ATQ,"IF(AVERAGE(Account[ATQ])=0,"""",AVERAGE(Account[delta_ATQ]))",Complex Calculation,Yes,No - The formula is unique and does not duplicate other measures in the dataset.,No - The measure does not align with standard enterprise measures but serves a specific business purpose.,Yes - The logic is clear and includes conditional handling for zero values.,"Medium - The formula uses nested functions and conditional logic, making it moderately complex.",Yes - The name is concise and reflects the calculation logic accurately.,"No - The measure lacks a description, which reduces its clarity for business users.","Yes - The formula uses fully qualified column references, adhering to DAX standards.",0.200,0.200,0.000,0.300,0.000,0.200,0.200,0.300,0.400,0.400,0.400,0.400,0.200,0.200,0.700,0.400,1.000,"Calculate the delta ATQ value for accounts, with conditional handling for zero values.",Add a description to explain the business purpose of the measure. Consider aligning the measure with enterprise standards if applicable.,The naming convention is appropriate; no changes are needed.
Account,Issue,Delta Understands Strategic Priorities,"IF(AVERAGE(Account[UnderstandsStrategicPriorities])=0,"""",AVERAGE(Account[delta_UnderstandsStrategicPriorities]))",Simple Aggregation,Yes,No - The formula is unique and does not duplicate other measures in the dataset.,No - This measure does not align with standard business patterns like Total Sales or YoY Growth.,No - The calculation logic is not intuitive and lacks a description to explain its purpose.,"Low - The formula uses basic DAX functions (IF, AVERAGE) and is straightforward.",No - The name is somewhat descriptive but could be clearer and more aligned with enterprise naming conventions.,"No - The measure lacks a description, making it difficult for users to understand its purpose.","Yes - The formula uses fully qualified column references, adhering to DAX standards.",0.200,0.200,0.000,0.300,0.000,0.200,0.300,0.300,0.200,0.400,0.200,0.400,0.200,0.200,0.550,0.500,0.600,Tracks the average delta for understanding strategic priorities across accounts.,Add a description to explain the business purpose of the measure. Consider aligning the measure with standard business patterns if applicable.,Refine the name to better reflect the calculation and align with enterprise naming standards.
Account,Issue,Delta Identify Right Solutions Based on Needs,"IF(AVERAGE(Account[IdentifyRightSolutionsBasedonNeeds])=0,"""",AVERAGE(Account[delta_IdentifyRightSolutionsBasedonNeeds]))",Simple Aggregation,Yes,No - The formula is unique and does not duplicate other measures in the dataset.,No - This measure does not align with standard business patterns like Total Sales or YoY Growth.,No - The calculation logic is not intuitive and lacks a description to explain its purpose.,"Low - The formula uses basic DAX functions (IF, AVERAGE) and is straightforward.",No - The name is somewhat descriptive but could be clearer and more aligned with enterprise naming conventions.,"No - The measure lacks a description, making it difficult for users to understand its purpose.","Yes - The formula uses fully qualified column references, adhering to DAX standards.",0.200,0.200,0.000,0.300,0.000,0.200,0.300,0.300,0.200,0.400,0.200,0.400,0.200,0.200,0.550,0.500,0.600,Tracks the average delta for identifying the right solutions based on needs across accounts.,Add a description to explain the business purpose of the measure. Consider aligning the measure with standard business patterns if applicable.,Refine the name to better reflect the calculation and align with enterprise naming standards.
Account,Warning,% of Accounts with Exec Sponsor,"var num= CALCULATE(SUMX(VALUES('Account Plan Priority'[AccountPlanPriorityID]),1),
    KEEPFILTERS(Account[executivesponsorid] <> blank())
)
var den= SUMX( VALUES( 'Account Plan Priority'[AccountPlanPriorityID] ), 1 ) 


return DIVIDE(num,den)",Ratio Percentage,Yes,No - The formula is unique and does not duplicate other measures in the dataset.,Yes - This measure aligns with standard business patterns by calculating a percentage metric relevant to account planning.,"Yes - The calculation logic is clear and aligns with the measure name, though the truncated formula limits full visibility.","Medium - The formula uses intermediate DAX functions (SUMX, CALCULATE, KEEPFILTERS) and is moderately complex.","Yes - The name is clear, descriptive, and aligns with enterprise naming standards.","No - The measure lacks a description, which would improve user understanding.",Yes - The formula uses fully qualified column references and adheres to DAX standards.,0.200,0.200,0.300,0.300,0.000,0.200,0.200,0.300,0.400,0.400,0.400,0.400,0.200,0.200,0.850,0.700,1.000,"Calculates the percentage of accounts with an executive sponsor, supporting account planning insights.",Add a description to explain the business purpose of the measure. Ensure the full formula is visible for better transparency.,No changes needed; the name is already clear and descriptive.
Account,Issue,Helps Maximize Solutions Latest,AVERAGE(Account[HelpsMaximizeSolutions]),Simple Aggregation,Yes,No - The formula is unique and does not duplicate other measures in the dataset.,No - The measure does not align with standard business patterns like Total Sales or Gross Margin.,No - The measure lacks a description and does not clearly explain its business purpose.,"Low - The formula uses a simple aggregation (AVERAGE) with no nested functions, making it straightforward.",No - The name is unclear and does not directly reflect the calculation logic or business purpose.,"No - The measure lacks a description, which makes it difficult to understand its business context.",Yes - The formula uses fully qualified column references (Account[HelpsMaximizeSolutions]).,0.200,0.200,0.000,0.300,0.000,0.200,0.300,0.300,0.200,0.400,0.000,0.400,0.200,0.200,0.450,0.500,0.400,Provides the average value of HelpsMaximizeSolutions for accounts.,Add a clear description to explain the business purpose of the measure. Consider aligning the measure with standard business patterns if applicable.,"Rename the measure to better reflect its calculation logic and business purpose, avoiding ambiguity."
Account,Issue,Delta Helps Maximize Solutions Value,"IF(AVERAGE(Account[HelpsMaximizeSolutions])=0,"""",AVERAGE(Account[delta_HelpsMaximizeSolutions]))",Complex Calculation,Yes,No - The formula is unique and does not duplicate other measures in the dataset.,No - The measure does not align with standard business patterns like Total Sales or Gross Margin.,"No - The measure lacks a description and uses nested functions, making it harder to understand.","Medium - The formula uses nested functions (IF and AVERAGE), adding moderate complexity.",No - The name is unclear and does not directly reflect the calculation logic or business purpose.,"No - The measure lacks a description, which makes it difficult to understand its business context.",Yes - The formula uses fully qualified column references (Account[HelpsMaximizeSolutions]).,0.200,0.200,0.000,0.300,0.000,0.200,0.200,0.300,0.200,0.400,0.000,0.400,0.200,0.200,0.400,0.400,0.400,"Calculates the delta value for HelpsMaximizeSolutions, considering a conditional logic.",Add a clear description to explain the business purpose of the measure. Simplify the formula if possible to reduce complexity.,"Rename the measure to better reflect its calculation logic and business purpose, avoiding ambiguity."
Account,Issue,Delta Joint Planning Addresses Needs,"IF(AVERAGE(Account[JointPlanningAddressesNeeds])=0,"""",AVERAGE(Account[delta_JointPlanningAddressesNeeds]))",Complex Calculation,Yes,No - The formula is unique and does not duplicate other measures in the dataset.,No - The measure does not align with standard business patterns like Total Sales or Gross Margin.,"No - The measure lacks a description and uses nested functions, making it harder to understand.","Medium - The formula uses nested functions (IF and AVERAGE), adding moderate complexity.",No - The name is unclear and does not directly reflect the calculation logic or business purpose.,"No - The measure lacks a description, which makes it difficult to understand its business context.",Yes - The formula uses fully qualified column references (Account[JointPlanningAddressesNeeds]).,0.200,0.200,0.000,0.300,0.000,0.200,0.200,0.300,0.200,0.400,0.000,0.400,0.200,0.200,0.400,0.400,0.400,"Calculates the delta value for JointPlanningAddressesNeeds, considering a conditional logic.",Add a clear description to explain the business purpose of the measure. Simplify the formula if possible to reduce complexity.,"Rename the measure to better reflect its calculation logic and business purpose, avoiding ambiguity."
Account,Issue,Joint Planning Addresses Needs,AVERAGE(Account[JointPlanningAddressesNeeds]),Simple Aggregation,Yes,"Yes - The formula is identical to other measures using AVERAGE aggregation, such as 'Account.Continuous Relationship Building'. This could indicate redundancy unless the business purpose is distinct.",No - The measure does not align with predefined enterprise standards like Total Sales Value or Gross Margin. It appears to be ad-hoc.,"No - The calculation logic is simple but lacks a description, making it unclear how 'JointPlanningAddressesNeeds' contributes to business insights.","Low - The formula uses a single AVERAGE function, which is straightforward and appropriate for the business purpose.","Yes - The name is descriptive and reflects the calculation logic, though it could be improved for clarity (e.g., 'Average_Joint_Planning_Needs').","No - No description is provided, which limits understanding of the measure's business purpose.","Yes - The formula uses fully qualified column references, adhering to DAX standards.",0.100,0.200,0.000,0.300,0.000,0.200,0.300,0.300,0.300,0.400,0.300,0.400,0.200,0.200,0.600,0.400,0.800,Evaluates the average value of 'JointPlanningAddressesNeeds' for accounts.,Consider adding a description to explain the business purpose of 'JointPlanningAddressesNeeds'. Evaluate whether this measure duplicates others unnecessarily.,Refine the name to 'Average_Joint_Planning_Needs' for better clarity and alignment with naming standards.
Account,Critical,Delta Continuous Relationship Building,"IF(AVERAGE(Account[ContinuousRelationshipBuilding])=0,"""",AVERAGE(Account[delta_ContinuousRelationshipBuilding]))",Complex Calculation,Yes,"No - The formula is unique due to the conditional logic and nested functions, though its business purpose is unclear.",No - The measure does not align with enterprise standards and appears to be highly specific to a niche use case.,"No - The formula is unnecessarily complex with nested functions and lacks a description, making it difficult to understand its business purpose.","High - The formula uses conditional logic and multiple nested functions, which increases complexity without clear justification.",No - The name is cryptic and does not clearly reflect the calculation logic or business purpose.,"No - No description is provided, which severely limits understanding of the measure's intent.","Yes - The formula uses fully qualified column references, adhering to DAX standards.",0.200,0.200,0.000,0.300,0.000,0.200,0.000,0.300,0.000,0.400,0.000,0.400,0.200,0.200,0.200,0.200,0.200,"Attempts to calculate a delta value for 'ContinuousRelationshipBuilding', but the purpose is unclear.",Simplify the formula and provide a description to clarify its business purpose. Evaluate whether the measure is necessary or can be replaced with a standard measure.,"Rename the measure to something more descriptive, such as 'Delta_Average_Continuous_Relationship_Building'."
Account,Issue,Continuous Relationship Building,AVERAGE(Account[ContinuousRelationshipBuilding]),Simple Aggregation,Yes,"Yes - The formula is identical to 'Account.Joint Planning Addresses Needs', indicating potential redundancy unless the business purpose is distinct.",No - The measure does not align with predefined enterprise standards like Total Sales Value or Gross Margin. It appears to be ad-hoc.,"No - The calculation logic is simple but lacks a description, making it unclear how 'ContinuousRelationshipBuilding' contributes to business insights.","Low - The formula uses a single AVERAGE function, which is straightforward and appropriate for the business purpose.","Yes - The name is descriptive and reflects the calculation logic, though it could be improved for clarity (e.g., 'Average_Continuous_Relationship_Building').","No - No description is provided, which limits understanding of the measure's business purpose.","Yes - The formula uses fully qualified column references, adhering to DAX standards.",0.100,0.200,0.000,0.300,0.000,0.200,0.300,0.300,0.300,0.400,0.300,0.400,0.200,0.200,0.600,0.400,0.800,Evaluates the average value of 'ContinuousRelationshipBuilding' for accounts.,Consider adding a description to explain the business purpose of 'ContinuousRelationshipBuilding'. Evaluate whether this measure duplicates others unnecessarily.,Refine the name to 'Average_Continuous_Relationship_Building' for better clarity and alignment with naming standards.
Account,Warning,% of Accounts with sep,"var den=[TPID Count]
var num=CALCULATE([TPID Count],keepfilters(Account[issep]=""yes""))

RETURN DIVIDE(num,den)",Ratio Percentage,Yes,"Yes - The measure formula is identical to other measures except for the filter condition, which changes based on the column being evaluated.",No - This measure is specific to the business context and does not align with predefined enterprise-standard measures like Total Sales or Gross Margin.,No - The calculation logic is not immediately clear without a description explaining the purpose of 'sep' and its business relevance.,"Low - The measure uses basic DAX functions (DIVIDE, CALCULATE, KEEPFILTERS) and is straightforward in its logic.",No - The name does not clearly describe the business purpose or calculation logic. 'sep' is cryptic and should be replaced with a more descriptive term.,"No - The measure lacks a description, making it difficult for business users to understand its purpose.","Yes - The measure uses fully qualified column references and unqualified measure references, adhering to DAX standards.",0.000,0.200,0.000,0.300,0.000,0.200,0.300,0.300,0.200,0.400,0.000,0.400,0.200,0.200,0.350,0.300,0.400,Calculate the percentage of accounts with a specific status ('sep').,Provide a description explaining the business purpose of 'sep' and its relevance to the measure. Ensure the measure serves a unique business purpose to avoid redundancy.,"Rename the measure to something more descriptive, such as 'Percentage_of_Accounts_with_SEP_Status', to improve clarity and alignment with business terminology."
Account,Warning,% of Accounts with ACSP,"var den=[TPID Count]
var num=CALCULATE([TPID Count],keepfilters(Account[isacsp]=""yes""))

RETURN DIVIDE(num,den)",Ratio Percentage,Yes,"Yes - The measure formula is identical to other measures except for the filter condition, which changes based on the column being evaluated.",No - This measure is specific to the business context and does not align with predefined enterprise-standard measures like Total Sales or Gross Margin.,No - The calculation logic is not immediately clear without a description explaining the purpose of 'ACSP' and its business relevance.,"Low - The measure uses basic DAX functions (DIVIDE, CALCULATE, KEEPFILTERS) and is straightforward in its logic.",No - The name does not clearly describe the business purpose or calculation logic. 'ACSP' is cryptic and should be replaced with a more descriptive term.,"No - The measure lacks a description, making it difficult for business users to understand its purpose.","Yes - The measure uses fully qualified column references and unqualified measure references, adhering to DAX standards.",0.000,0.200,0.000,0.300,0.000,0.200,0.300,0.300,0.200,0.400,0.000,0.400,0.200,0.200,0.350,0.300,0.400,Calculate the percentage of accounts with a specific status ('ACSP').,Provide a description explaining the business purpose of 'ACSP' and its relevance to the measure. Ensure the measure serves a unique business purpose to avoid redundancy.,"Rename the measure to something more descriptive, such as 'Percentage_of_Accounts_with_ACSP_Status', to improve clarity and alignment with business terminology."
Account,Warning,% of Accounts with APT,"var den=[TPID Count]
var num=CALCULATE([TPID Count],keepfilters(Account[isapt]=""yes""))

RETURN DIVIDE(num,den)",Ratio Percentage,Yes,"Yes - The measure formula is identical to other measures except for the filter condition, which changes based on the column being evaluated.",No - This measure is specific to the business context and does not align with predefined enterprise-standard measures like Total Sales or Gross Margin.,No - The calculation logic is not immediately clear without a description explaining the purpose of 'APT' and its business relevance.,"Low - The measure uses basic DAX functions (DIVIDE, CALCULATE, KEEPFILTERS) and is straightforward in its logic.",No - The name does not clearly describe the business purpose or calculation logic. 'APT' is cryptic and should be replaced with a more descriptive term.,"No - The measure lacks a description, making it difficult for business users to understand its purpose.","Yes - The measure uses fully qualified column references and unqualified measure references, adhering to DAX standards.",0.000,0.200,0.000,0.300,0.000,0.200,0.300,0.300,0.200,0.400,0.000,0.400,0.200,0.200,0.350,0.300,0.400,Calculate the percentage of accounts with a specific status ('APT').,Provide a description explaining the business purpose of 'APT' and its relevance to the measure. Ensure the measure serves a unique business purpose to avoid redundancy.,"Rename the measure to something more descriptive, such as 'Percentage_of_Accounts_with_APT_Status', to improve clarity and alignment with business terminology."
Account,Warning,% of Accounts with CSAA,"var den=[TPID Count]
var num=CALCULATE([TPID Count],keepfilters(Account[iscsaa]=""yes""))

RETURN DIVIDE(num,den)",Ratio Percentage,Yes,No - The measure uses a unique calculation logic involving a filtered count divided by a total count.,No - This measure is specific to the business context of CSAA accounts and does not align with standard enterprise measures like Total Sales or Gross Margin.,Yes - The calculation logic is straightforward and uses clear DAX functions like CALCULATE and DIVIDE.,"Medium - The measure involves filtering and division, which adds moderate complexity but is appropriate for the business purpose.","Yes - The name clearly reflects the calculation and business purpose, avoiding abbreviations or cryptic labels.","No - The measure lacks a description, which reduces its clarity for business users.","Yes - The measure uses fully qualified column references and unqualified measure references, adhering to DAX standards.",0.200,0.200,0.000,0.300,0.000,0.200,0.300,0.300,0.400,0.400,0.400,0.400,0.200,0.200,0.750,0.500,1.000,Calculate the percentage of accounts with CSAA for business insights.,Consider adding a description to explain the business logic behind the measure for better accessibility.,No changes needed as the naming convention is clear and descriptive.
Calendar,Critical,Last Refresh Icon,"""🕘""",Undocumented,Yes,No - The measure uses a unique static value ('🕘') and does not duplicate other measures.,No - This measure does not align with standard enterprise measures and serves a cosmetic purpose.,No - The measure lacks calculation logic and does not provide meaningful business insights.,Low - The measure is a simple static value with no complexity.,No - The name does not clearly reflect the measure's purpose or calculation.,"No - The measure lacks a description, making its purpose unclear.","Yes - The measure does not involve column or measure references, but the syntax is correct.",0.200,0.200,0.000,0.300,0.000,0.200,0.000,0.300,0.000,0.400,0.000,0.400,0.200,0.200,0.200,0.200,0.200,Provide a static icon for cosmetic purposes.,Consider removing or repurposing this measure to provide meaningful business insights.,Rename the measure to better reflect its purpose or remove it if unnecessary.
Calendar,Critical,Information Icon,"""i""",Undocumented,Yes,No - The measure uses a unique static value ('i') and does not duplicate other measures.,No - This measure does not align with standard enterprise measures and serves a cosmetic purpose.,No - The measure lacks calculation logic and does not provide meaningful business insights.,Low - The measure is a simple static value with no complexity.,No - The name does not clearly reflect the measure's purpose or calculation.,"No - The measure lacks a description, making its purpose unclear.","Yes - The measure does not involve column or measure references, but the syntax is correct.",0.200,0.200,0.000,0.300,0.000,0.200,0.000,0.300,0.000,0.400,0.000,0.400,0.200,0.200,0.200,0.200,0.200,Provide a static icon for cosmetic purposes.,Consider removing or repurposing this measure to provide meaningful business insights.,Rename the measure to better reflect its purpose or remove it if unnecessary.
Calendar,Critical,Filters Applied Icon,"""🗸""",Undocumented,Yes,No - The measure is unique but does not provide meaningful business value.,No - This measure does not align with standard business patterns or enterprise measurement standards.,No - The measure's formula is unclear and does not provide any calculation logic.,"Low - The formula is extremely simple, but it lacks meaningful complexity or business relevance.",No - The name does not clearly reflect the measure's purpose or calculation logic.,"No - No description is provided, making it difficult to understand the measure's purpose.","No - The formula does not use any DAX references, as it is a static value.",0.200,0.200,0.000,0.300,0.000,0.200,0.000,0.300,0.000,0.400,0.000,0.400,0.000,0.200,0.100,0.200,0.000,The measure does not provide any clear business insight or calculation.,Replace this measure with a meaningful calculation or remove it entirely if it serves no business purpose.,"Rename the measure to reflect its intended purpose or calculation logic, if applicable."
Account Planning,Warning,# of Priorities w/ Pipeline,"CALCULATE([# of Priorities] 
,KEEPFILTERS('Account Planning'[Attached To Opportunity] = ""Yes"")
,KEEPFILTERS('Opportunity'[ParentingLevel Oppties]=""TopParentOppties""))",Calculated Measure,Yes,No - The measure has a unique calculation logic and serves a distinct business purpose.,Yes - The measure aligns with enterprise standards for tracking priorities with pipeline.,Yes - The calculation logic is clear and uses business-focused filters.,"Medium - The measure uses multiple filters and nested functions, but the complexity is appropriate for its business purpose.",Yes - The name clearly reflects the measure's calculation and business purpose.,"No - No description is provided, which limits understanding for business users.",Yes - The formula uses proper DAX references with fully qualified column names.,0.200,0.200,0.300,0.300,0.000,0.200,0.300,0.300,0.400,0.400,0.400,0.400,0.200,0.200,0.900,0.800,1.000,"Tracks the number of priorities with pipeline, providing insights into opportunity management.",Ensure the measure is documented with a clear description to improve business user accessibility.,No changes needed; the naming convention is appropriate.
Account Planning,Good,% of Priorities w/ Pipeline,"CALCULATE(DIVIDE([# of Priorities w/ Pipeline],[# of Priorities]),KEEPFILTERS(Opportunity[ParentingLevel Oppties]=""TopParentOppties""))",Ratio Percentage,Yes,No - The measure has a unique calculation logic and serves a distinct business purpose.,Yes - The measure aligns with enterprise standards for calculating percentages related to pipeline priorities.,Yes - The calculation logic is clear and uses business-focused filters.,"Medium - The measure uses nested functions and filters, but the complexity is appropriate for its business purpose.",Yes - The name clearly reflects the measure's calculation and business purpose.,"No - No description is provided, which limits understanding for business users.",Yes - The formula uses proper DAX references with fully qualified column names.,0.200,0.200,0.300,0.300,0.000,0.200,0.300,0.300,0.400,0.400,0.400,0.400,0.200,0.200,0.900,0.800,1.000,"Calculates the percentage of priorities with pipeline, providing insights into opportunity management.",Ensure the measure is documented with a clear description to improve business user accessibility.,No changes needed; the naming convention is appropriate.
Account Planning,Warning,# of Account Plans,"CALCULATE (SUMX (VALUES ( 'Account'[AccountPlanID] ),1),Account[Account Plan Attached] = ""Yes"")",Simple Aggregation,Yes,No - The formula is unique and calculates the count of account plans attached with a specific condition.,No - The measure is specific to account planning and does not align with standard enterprise measures like Total Sales or Gross Margin.,"No - The calculation logic is not immediately clear without a description, especially due to the use of CALCULATE and SUMX.","Medium - The measure uses nested functions (CALCULATE and SUMX) and a filter condition, which adds moderate complexity.",Yes - The name clearly reflects the calculation purpose and avoids abbreviations.,"No - The measure lacks a description, making it harder for business users to understand its purpose.","Yes - The formula uses fully qualified column references, adhering to DAX standards.",0.200,0.200,0.000,0.300,0.000,0.200,0.200,0.300,0.400,0.400,0.400,0.400,0.200,0.200,0.700,0.400,1.000,Counts the number of account plans attached with a specific condition.,Add a description to explain the business purpose of the measure. Consider simplifying the logic if possible to improve readability.,No changes needed as the naming convention is clear and descriptive.
Account Planning,Issue,# of Priorities,"SUMX( VALUES( 'Account Planning'[AccountPlanPriorityID] ), 1 )
 ",Simple Aggregation,Yes,"No - The formula is unique and calculates the count of priorities, but it lacks a clear business purpose.",No - The measure does not align with standard enterprise measures and seems ad-hoc.,No - The calculation logic is not self-explanatory and lacks a description to clarify its purpose.,"Low - The measure uses SUMX with a simple aggregation, making it relatively straightforward.","Yes - The name is clear and descriptive, avoiding abbreviations.","No - The measure lacks a description, making its purpose unclear.","Yes - The formula uses fully qualified column references, adhering to DAX standards.",0.200,0.200,0.000,0.300,0.000,0.200,0.100,0.300,0.400,0.400,0.400,0.400,0.200,0.200,0.650,0.300,1.000,Counts the number of priorities associated with account plans.,Add a description to explain the business purpose of the measure. Consider aligning the measure with enterprise standards if possible.,No changes needed as the naming convention is clear and descriptive.
Account Planning,Good,% Accounts w/ Active Plan,"VAR Numerator =
    CALCULATE (
        [# of Account Plans],
        KEEPFILTERS ( 'Account'[Plan Status] = ""Active Plan"" )
    )
RETURN
    DIVIDE( Numerator, [# of Account Plans] )",Ratio Percentage,Yes,No - The formula is unique and calculates a percentage based on active account plans.,Yes - The measure aligns with enterprise standards as it provides a key business insight (percentage of accounts with active plans).,Yes - The calculation logic is clear and uses descriptive variable names to explain the purpose.,"Medium - The measure uses VAR, CALCULATE, KEEPFILTERS, and DIVIDE, which adds moderate complexity but is appropriate for the business purpose.","Yes - The name is clear, descriptive, and avoids abbreviations.","No - The measure lacks a description, which would further enhance its clarity for business users.","Yes - The formula uses proper DAX references, adhering to standards.",0.200,0.200,0.300,0.300,0.000,0.200,0.300,0.300,0.400,0.400,0.400,0.400,0.200,0.200,0.900,0.800,1.000,"Calculates the percentage of accounts with active plans, providing a key business insight.",Add a description to explain the business purpose of the measure. No changes needed for calculation logic as it is clear and appropriate.,No changes needed as the naming convention is clear and descriptive.
Account Planning,Warning,% Accounts w/ No Plan,"VAR Numerator =
    CALCULATE (
        [# of Account Plans],
        KEEPFILTERS ( 'Account'[Plan Status] = ""No Plan"" )
    )
RETURN
    DIVIDE ( Numerator, [# of Account Plans] )",Ratio Percentage,Yes,No - The measure has a unique calculation logic focusing on accounts with 'No Plan' status.,No - The measure is specific to the business context and does not align with standard enterprise measures like Total Sales or Gross Margin.,"Yes - The calculation logic is straightforward, dividing accounts with 'No Plan' by total accounts.","Low - The measure uses basic DAX functions (CALCULATE, DIVIDE) with minimal nesting, making it easy to understand.","Yes - The name clearly reflects the calculation and business purpose, avoiding abbreviations or cryptic labels.","No - The measure lacks a description, which reduces clarity for business users.","Yes - The measure uses fully qualified column references and unqualified measure references, adhering to DAX standards.",0.200,0.200,0.000,0.300,0.000,0.200,0.300,0.300,0.400,0.400,0.400,0.400,0.200,0.200,0.750,0.500,1.000,"Provides insight into the proportion of accounts without a plan, aiding in account management decisions.",Consider adding a description to explain the business purpose of the measure. Ensure alignment with enterprise standards if applicable.,No changes needed; the naming convention is clear and descriptive.
Account Planning,Warning,% Accounts w/ Inactive Plan,"VAR Numerator =
    CALCULATE (
        [# of Account Plans],
        KEEPFILTERS ( 'Account'[Plan Status]  = ""Inactive Plan"" )
    )
RETURN
    DIVIDE ( Numerator, [# of Account Plans],"""" )",Ratio Percentage,Yes,No - The measure has a unique calculation logic focusing on accounts with 'Inactive Plan' status.,No - The measure is specific to the business context and does not align with standard enterprise measures like Total Sales or Gross Margin.,"Yes - The calculation logic is straightforward, dividing accounts with 'Inactive Plan' by total accounts.","Low - The measure uses basic DAX functions (CALCULATE, DIVIDE) with minimal nesting, making it easy to understand.","Yes - The name clearly reflects the calculation and business purpose, avoiding abbreviations or cryptic labels.","No - The measure lacks a description, which reduces clarity for business users.","Yes - The measure uses fully qualified column references and unqualified measure references, adhering to DAX standards.",0.200,0.200,0.000,0.300,0.000,0.200,0.300,0.300,0.400,0.400,0.400,0.400,0.200,0.200,0.750,0.500,1.000,"Provides insight into the proportion of accounts with inactive plans, aiding in account management decisions.",Consider adding a description to explain the business purpose of the measure. Ensure alignment with enterprise standards if applicable.,No changes needed; the naming convention is clear and descriptive.
Account Planning,Warning,% Accounts w/ Plan Close to Inactive,"VAR Numerator =
    CALCULATE (
        [# of Account Plans],
        KEEPFILTERS ( 'Account'[Plan Status] = ""Plan Close to Inactive"" )
    )
RETURN
    DIVIDE ( Numerator, [# of Account Plans],"""" )",Ratio Percentage,Yes,No - The measure has a unique calculation logic focusing on accounts with 'Plan Close to Inactive' status.,No - The measure is specific to the business context and does not align with standard enterprise measures like Total Sales or Gross Margin.,"Yes - The calculation logic is straightforward, dividing accounts with 'Plan Close to Inactive' by total accounts.","Low - The measure uses basic DAX functions (CALCULATE, DIVIDE) with minimal nesting, making it easy to understand.","Yes - The name clearly reflects the calculation and business purpose, avoiding abbreviations or cryptic labels.","No - The measure lacks a description, which reduces clarity for business users.","Yes - The measure uses fully qualified column references and unqualified measure references, adhering to DAX standards.",0.200,0.200,0.000,0.300,0.000,0.200,0.300,0.300,0.400,0.400,0.400,0.400,0.200,0.200,0.750,0.500,1.000,"Provides insight into the proportion of accounts with plans close to becoming inactive, aiding in account management decisions.",Consider adding a description to explain the business purpose of the measure. Ensure alignment with enterprise standards if applicable.,No changes needed; the naming convention is clear and descriptive.
Account Planning,Warning,# Plans with Opportunities,"CALCULATE (
    [# of Account Plans],
    FILTER (
        VALUES ( 'Account'[AccountPlanID] ),
        [# of Priorities w/ Pipeline] > 0
    )
)",Calculated Measure,Yes,"No - The measure has a unique calculation logic combining filters and aggregation, and no duplicates were identified.","Yes - The measure aligns with enterprise standards by calculating a count of account plans with opportunities, which is a common business metric.","No - The calculation logic involves nested functions and filters, which may not be immediately clear to business users without documentation.","Medium - The measure uses nested functions and filtering logic, which adds moderate complexity but is appropriate for the business purpose.","Yes - The name clearly reflects the calculation and business purpose, using descriptive and business-focused language.","No - The measure lacks a description, which reduces its accessibility and clarity for business users.","Yes - The measure uses fully qualified column references and consistent syntax, adhering to DAX standards.",0.200,0.200,0.300,0.300,0.000,0.200,0.300,0.300,0.400,0.400,0.400,0.400,0.200,0.200,0.900,0.800,1.000,"Counts the number of account plans with opportunities, providing insights into pipeline activity.",Add a description to explain the business logic behind the measure. Ensure the filtering logic is documented for clarity.,No changes needed as the naming convention is already clear and business-focused.
Account Planning,Good,% Accounts w/ Plan w/ Oppty,"DIVIDE ( [# Plans with Opportunities], [# of Account Plans],"""" )",Ratio Percentage,Yes,No - The measure uses a unique ratio calculation logic and does not duplicate other measures.,"Yes - The measure follows enterprise standards by calculating a percentage, which is a common business metric.","Yes - The calculation logic is straightforward, using a simple ratio formula that is easy to understand.","Low - The measure uses a simple DIVIDE function, making it low in complexity and appropriate for its purpose.","Yes - The name is descriptive, business-focused, and clearly reflects the calculation logic.","No - The measure lacks a description, which could improve its clarity for business users.","Yes - The measure uses consistent syntax and proper referencing for measures, adhering to DAX standards.",0.200,0.200,0.300,0.300,0.000,0.200,0.300,0.300,0.400,0.400,0.400,0.400,0.200,0.200,0.900,0.800,1.000,"Calculates the percentage of accounts with plans that have opportunities, providing insights into account planning effectiveness.",Add a description to explain the business logic behind the measure for better accessibility.,No changes needed as the naming convention is already clear and business-focused.
Account Planning,Good,% Accounts w/ Strategic or Full Plan,"
    DIVIDE ( [# Accounts w/ Strategic or Full Plan], [# of Account Plans],"""")",Ratio Percentage,Yes,No - The measure uses a unique ratio calculation logic and does not duplicate other measures.,"Yes - The measure aligns with enterprise standards by calculating a percentage, which is a common business metric.","Yes - The calculation logic is straightforward, using a simple ratio formula that is easy to understand.","Low - The measure uses a simple DIVIDE function, making it low in complexity and appropriate for its purpose.","Yes - The name is descriptive, business-focused, and clearly reflects the calculation logic.","No - The measure lacks a description, which could improve its clarity for business users.","Yes - The measure uses consistent syntax and proper referencing for measures, adhering to DAX standards.",0.200,0.200,0.300,0.300,0.000,0.200,0.300,0.300,0.400,0.400,0.400,0.400,0.200,0.200,0.900,0.800,1.000,"Calculates the percentage of accounts with strategic or full plans, providing insights into account planning quality.",Add a description to explain the business logic behind the measure for better accessibility.,No changes needed as the naming convention is already clear and business-focused.
Account Planning,Warning,# Accounts w/ Strategic or Full Plan,"
    CALCULATE (
        [# of Account Plans],
        KEEPFILTERS ( 'Account'[Plan Type] IN {""0-Strategic"",""1-Full""} )
    )",Simple Aggregation,Yes,No - The measure uses a unique calculation logic filtering specific plan types.,"Yes - The measure aligns with enterprise standards by providing a count of accounts with specific plan types, which is a common business requirement.",Yes - The calculation logic is straightforward and filters accounts based on plan types.,"Low - The measure uses simple filtering logic with minimal nesting, making it easy to understand.",Yes - The name clearly reflects the calculation and business purpose without abbreviations.,"No - The measure lacks a description, which reduces its clarity for business users.",Yes - The measure uses fully qualified column references and consistent syntax.,0.200,0.200,0.300,0.300,0.000,0.200,0.300,0.300,0.400,0.400,0.400,0.400,0.200,0.200,0.900,0.800,1.000,"Provides the count of accounts with specific plan types, supporting strategic account planning analysis.",Ensure all measures have descriptions to improve business user understanding. Maintain the simplicity of filtering logic for similar measures.,Continue using descriptive names that clearly reflect the calculation logic and business purpose.
Account Planning,Warning,# Plans Manager Reviewed (last 6 months),"CALCULATE (
  [# of Account Plans],
  FILTER( 'Account','Account'[Manager Reviewed Date] >= (TODAY()-180)))",Time Intelligence,Yes,No - The measure uses a unique calculation logic filtering based on a date range.,"Yes - The measure aligns with enterprise standards by providing a count of plans reviewed within a specific timeframe, which is a common business requirement.",Yes - The calculation logic is clear and filters plans based on a date range.,"Medium - The measure uses nested functions and date filtering, which adds moderate complexity.",Yes - The name clearly reflects the calculation and business purpose without abbreviations.,"No - The measure lacks a description, which reduces its clarity for business users.",Yes - The measure uses fully qualified column references and consistent syntax.,0.200,0.200,0.300,0.300,0.000,0.200,0.200,0.300,0.400,0.400,0.400,0.400,0.200,0.200,0.850,0.700,1.000,"Provides the count of plans reviewed by managers within the last 6 months, supporting performance tracking and accountability.",Ensure all measures have descriptions to improve business user understanding. Consider simplifying nested logic where possible.,Continue using descriptive names that clearly reflect the calculation logic and business purpose.
Account Planning,Good,% Plans Manager Reviewed (last 6 months),"
    DIVIDE([# Plans Manager Reviewed (last 6 months)], [# of Account Plans],"""")",Ratio Percentage,Yes,No - The measure uses a unique calculation logic dividing two distinct measures.,"Yes - The measure aligns with enterprise standards by providing a percentage metric, which is a common business requirement.",Yes - The calculation logic is straightforward and divides two measures to calculate a percentage.,"Low - The measure uses simple division logic with minimal nesting, making it easy to understand.",Yes - The name clearly reflects the calculation and business purpose without abbreviations.,"No - The measure lacks a description, which reduces its clarity for business users.","Yes - The measure uses unqualified references for measures, which is consistent with DAX standards.",0.200,0.200,0.300,0.300,0.000,0.200,0.300,0.300,0.400,0.400,0.400,0.400,0.200,0.200,0.900,0.800,1.000,"Provides the percentage of plans reviewed by managers within the last 6 months, supporting performance tracking and accountability.",Ensure all measures have descriptions to improve business user understanding. Maintain simplicity in calculation logic for similar measures.,Continue using descriptive names that clearly reflect the calculation logic and business purpose.
Account Planning,Warning,# Accounts w/ Stakeholder Map,"CALCULATE (
        [# of Account Plans],
        KEEPFILTERS ( 'Account'[Has Stakeholder] = ""Yes"" )
    )",Simple Aggregation,Yes,No - The measure has a unique calculation logic that filters accounts with stakeholder maps using the 'Has Stakeholder' column.,"Yes - The measure aligns with enterprise standards as it provides a count of accounts with stakeholder maps, which is a common business requirement.",Yes - The calculation logic is straightforward and uses a clear filter condition to count accounts with stakeholder maps.,Low - The measure uses simple DAX functions (CALCULATE and KEEPFILTERS) and is easy to understand.,"Yes - The name clearly reflects the calculation and business purpose, avoiding abbreviations or cryptic labels.","No - The measure lacks a description, which would help explain its business purpose and calculation logic.","Yes - The measure uses fully qualified column references and unqualified measure references, adhering to DAX standards.",0.200,0.200,0.300,0.300,0.000,0.200,0.300,0.300,0.400,0.400,0.400,0.400,0.200,0.200,0.900,0.800,1.000,"Counts the number of accounts with stakeholder maps, supporting stakeholder analysis and account planning.",Ensure all measures have descriptions to improve business user understanding. Consider adding more context to the calculation logic in the description.,No changes needed as the naming convention is clear and adheres to enterprise standards.
Account Planning,Good,% Accounts w/ Stakeholder Map,"
    DIVIDE( [# Accounts w/ Stakeholder Map], [# of Account Plans],"""")",Ratio Percentage,Yes,No - The measure uses a unique calculation logic to compute the percentage of accounts with stakeholder maps.,"Yes - The measure aligns with enterprise standards as it calculates a percentage, which is a common business metric.","Yes - The calculation logic is simple and uses the DIVIDE function to compute the percentage, making it easy to understand.",Low - The measure uses basic DAX functions and is straightforward to interpret.,"Yes - The name is clear, descriptive, and aligns with the calculation logic.","No - The measure lacks a description, which would help explain its business purpose and calculation logic.","Yes - The measure uses unqualified measure references, adhering to DAX standards.",0.200,0.200,0.300,0.300,0.000,0.200,0.300,0.300,0.400,0.400,0.400,0.400,0.200,0.200,0.900,0.800,1.000,"Calculates the percentage of accounts with stakeholder maps, providing insights into stakeholder engagement.",Add a description to improve business user understanding and provide context for the calculation logic.,No changes needed as the naming convention is clear and adheres to enterprise standards.
Account Planning,Issue,% of Priorities w/ future Date,"
VAR Numerator = CALCULATE( [# of Active Priorities],
    KEEPFILTERS( 'Account Plan Priority'[Time Frame Date] > today() )
)        
                                                            
RETURN DIVIDE(Numerator,[# of Active Priorities],"""") ",Complex Calculation,Yes,No - The measure uses a unique calculation logic to compute the percentage of priorities with a future date.,No - The measure does not align with standard enterprise metrics and appears to be more specific to a particular business use case.,"No - The calculation logic is complex, involving multiple nested functions and a variable, which may be difficult for business users to understand.","High - The measure uses a variable and multiple nested functions, making it more complex than necessary for its business purpose.","Yes - The name is clear and descriptive, aligning with the calculation logic.","No - The measure lacks a description, which would help explain its business purpose and calculation logic.","Yes - The measure uses fully qualified column references and unqualified measure references, adhering to DAX standards.",0.200,0.200,0.000,0.300,0.000,0.200,0.100,0.300,0.400,0.400,0.400,0.400,0.200,0.200,0.650,0.300,1.000,"Calculates the percentage of priorities with a future date, supporting planning and prioritization.",Simplify the calculation logic to reduce complexity and make it more accessible to business users. Add a description to explain the measure's purpose and calculation logic.,No changes needed as the naming convention is clear and adheres to enterprise standards.
Account Planning,Issue,Linked to Objectives,"var Num=CALCULATE([# of Priorities],'Account Planning'[CustomerObjectiveId] <> """",
    'Account'[Plan Type] IN {""0-Strategic"",""1-Full""},
    KEEPFILTERS('Account Plan Priority'[Priority Status] = ""Active"")
)
 Var Den=   CALCULATE([# of Priorities],'Account'[Plan Type] IN {""0-Strategic"",""1-Full""},
        KEEPFILTERS('Account Plan Priority'[Priority Status] = ""Active"")    )
 
RETURN DIVIDE(Num,Den)",Complex Calculation,Yes,No - The measure uses a unique combination of filters and calculations specific to customer objectives and account plan priorities.,No - The measure does not align with common enterprise standards like Total Sales or Gross Margin but serves a specific departmental purpose.,"No - The calculation logic is complex and lacks a description, making it difficult for business users to understand its purpose.","High - The measure uses nested functions, multiple filters, and variable definitions, which increase its complexity.",No - The name does not clearly reflect the calculation logic or business purpose. It is ambiguous and lacks descriptiveness.,"No - The measure lacks a description, which reduces its clarity and usability for business users.",Yes - The measure uses fully qualified column references and consistent syntax.,0.200,0.200,0.000,0.300,0.000,0.200,0.100,0.300,0.100,0.400,0.100,0.400,0.200,0.200,0.350,0.300,0.400,Tracks the number of priorities linked to customer objectives for strategic and full account plans.,Simplify the calculation logic by reducing nested functions and providing a clear description of the measure's purpose.,"Rename the measure to something more descriptive, such as 'Linked Objectives Count' or 'Strategic Objectives Linked'."
Account Planning,Warning,Modified On,"IF(MAX('Account'[Days Since Modified])=BLANK(),BLANK(),IF(MAX('Account'[Days Since Modified])>30,0,1))",Simple Aggregation,Yes,No - The measure uses a unique logic to determine whether an account was modified recently.,No - The measure is specific to tracking account modifications and does not align with standard enterprise measures.,"Yes - The logic is straightforward and easy to understand, even without a description.",Medium - The measure uses nested IF statements but remains relatively simple in its purpose and execution.,Yes - The name accurately reflects the measure's purpose and calculation logic.,"No - The measure lacks a description, which could improve its clarity for business users.",Yes - The measure uses fully qualified column references and consistent syntax.,0.200,0.200,0.000,0.300,0.000,0.200,0.200,0.300,0.400,0.400,0.400,0.400,0.200,0.200,0.700,0.400,1.000,Identifies whether an account was modified recently based on the number of days since the last modification.,Add a description to clarify the measure's purpose and improve its usability.,No changes needed; the name is already clear and descriptive.
Account Planning,Issue,Last Reviewed,"

SWITCH (

    TRUE,

    MAX ( 'Account'[Manager Reviewed Date] ) = BLANK (), BLANK (),

    MAX ( 'Account'[Manager Reviewed Flag] ) = ""Yes""

        && MAX ( 'Account'[Manager Reviewed Date] )

            > TODAY () - 90, 1,

    0

)",Complex Calculation,Yes,No - The measure uses a unique SWITCH logic to determine the last review status.,"No - The measure is specific to tracking review dates and flags, which is not a standard enterprise measure.","No - The calculation logic is complex and lacks a description, making it difficult for business users to understand its purpose.","High - The measure uses nested SWITCH statements and multiple conditions, increasing its complexity.",No - The name does not clearly reflect the calculation logic or business purpose. It is ambiguous and lacks descriptiveness.,"No - The measure lacks a description, which reduces its clarity and usability for business users.",Yes - The measure uses fully qualified column references and consistent syntax.,0.200,0.200,0.000,0.300,0.000,0.200,0.100,0.300,0.100,0.400,0.100,0.400,0.200,0.200,0.350,0.300,0.400,Tracks the last review status of accounts based on manager flags and review dates.,Simplify the calculation logic by reducing nested SWITCH statements and providing a clear description of the measure's purpose.,"Rename the measure to something more descriptive, such as 'Last Manager Review Status' or 'Manager Review Date Status'."
Account Planning,Issue,# of Plans w/ Priority,"SUMX( VALUES( 'Account Planning'[AccountPlanID] ), 1 )
                ",Simple Aggregation,Yes,No - The measure uses a unique SUMX calculation logic specific to counting AccountPlanID values.,No - The measure does not align with standard enterprise measures like Total Sales or Gross Margin.,No - The calculation logic is not intuitive for business users without a description or context.,Low - The formula is straightforward with only two nested functions and a simple aggregation logic.,No - The name uses abbreviations ('w/') and lacks clarity about the calculation purpose.,"No - The measure lacks a description, making it harder for users to understand its purpose.",Yes - The formula uses fully qualified column references ('Account Planning'[AccountPlanID]).,0.200,0.200,0.000,0.300,0.000,0.200,0.300,0.300,0.200,0.400,0.200,0.400,0.200,0.200,0.550,0.500,0.600,Counts the number of plans with a priority assigned.,Add a description to explain the business purpose of the measure and ensure it aligns with enterprise standards.,"Avoid abbreviations like 'w/' and use a more descriptive name, such as 'Total Plans with Priority'."
Account Planning,Warning,% of Priorities with Partner,"
VAR Numerator = CALCULATE([# of Priorities] ,
    KEEPFILTERS('Account Plan Partners'[AccountPartnerProfileId] <> """")
)
VAR Denominator = [# of Priorities]


RETURN DIVIDE(Numerator,Denominator, BLANK())",Ratio Percentage,Yes,"No - The measure uses a unique VAR-based calculation with KEEPFILTERS and DIVIDE, which is not duplicated elsewhere.",Yes - The measure aligns with standard business patterns for calculating percentages.,No - The calculation logic is complex and requires explanation for business users to understand the purpose of the numerator and denominator.,"Medium - The formula uses multiple variables and nested functions, but the complexity is appropriate for the business purpose.",Yes - The name is descriptive and clearly reflects the calculation purpose.,"No - The measure lacks a description, which would help clarify the business purpose.","Yes - The formula uses proper DAX references, including fully qualified column references and unqualified measure references.",0.200,0.200,0.300,0.300,0.000,0.200,0.300,0.300,0.400,0.400,0.400,0.400,0.200,0.200,0.900,0.800,1.000,Calculates the percentage of priorities associated with a partner.,Add a description to explain the purpose of the numerator and denominator for business users.,No changes needed; the name is already descriptive and business-focused.
Account Planning,Warning,% Plans Reviewed < 90 Days,"DIVIDE([# plans with manger reviewed date in last 90 days],[# of Account Plans],"""")",Ratio Percentage,Yes,No - The measure uses a unique DIVIDE calculation logic specific to plans reviewed within 90 days.,Yes - The measure aligns with standard business patterns for calculating percentages.,Yes - The calculation logic is simple and intuitive for business users.,Low - The formula is straightforward with only one nested function.,Yes - The name is descriptive and clearly reflects the calculation purpose.,"No - The measure lacks a description, which would help clarify the business purpose.","Yes - The formula uses proper DAX references, including unqualified measure references.",0.200,0.200,0.300,0.300,0.000,0.200,0.300,0.300,0.400,0.400,0.400,0.400,0.200,0.200,0.900,0.800,1.000,Calculates the percentage of plans reviewed within the last 90 days.,Add a description to explain the business purpose of the measure.,No changes needed; the name is already descriptive and business-focused.
Account Planning,Not Analyzed,# plans with manger reviewed date in last 90 days,"CALCULATE (
  [# of Account Plans],
  FILTER( 'Account','Account'[Manager Reviewed Date] >= (TODAY()-90)))",Calculated Measure,No,Not Analyzed - ,Not Analyzed - ,Not Analyzed - ,Not Analyzed - ,Not Analyzed - ,Not Analyzed - ,Not Analyzed - ,0.000,0.200,0.000,0.300,0.000,0.200,0.000,0.300,0.000,0.400,0.000,0.400,0.000,0.200,0.000,0.000,0.000,Not analyzed by AI,,
Account Planning,Warning,# plans with days since modified < 30 days,"CALCULATE (
  [# of Account Plans],
  FILTER( 'Account','Account'[Days Since Modified] < 30))",Simple Aggregation,Yes,No - The measure has a unique calculation logic that filters accounts based on the days since they were last modified.,No - The measure is specific to the business context and does not align with standard enterprise measures like Total Sales or Gross Margin.,"Yes - The calculation logic is straightforward and filters accounts based on a numeric threshold, which is easy to understand.",Low - The measure uses simple DAX functions (CALCULATE and FILTER) and is appropriate for its business purpose.,Yes - The name clearly reflects the calculation logic and business purpose without abbreviations or cryptic labels.,"No - The measure lacks a description, which reduces its clarity for business users.",Yes - The measure uses fully qualified column references and adheres to DAX standards.,0.200,0.200,0.000,0.300,0.000,0.200,0.300,0.300,0.400,0.400,0.400,0.400,0.200,0.200,0.750,0.500,1.000,Tracks account plans modified within the last 30 days to monitor recent updates.,Consider adding a description to explain the business purpose of the measure in plain language. Ensure alignment with enterprise standards if applicable.,The naming convention is appropriate; no changes are needed.
Account Planning,Good,% Plans Modified < 30 Days,"DIVIDE([# plans with days since modified < 30 days],[# of Account Plans],"""")",Ratio Percentage,Yes,No - The measure has a unique calculation logic that calculates the percentage of plans modified within the last 30 days.,Yes - The measure aligns with standard business patterns for ratio/percentage calculations.,"Yes - The calculation logic is straightforward and uses the DIVIDE function to compute a percentage, which is easy to understand.",Low - The measure uses simple DAX functions (DIVIDE) and is appropriate for its business purpose.,Yes - The name clearly reflects the calculation logic and business purpose without abbreviations or cryptic labels.,"No - The measure lacks a description, which reduces its clarity for business users.",Yes - The measure uses unqualified references for measures and adheres to DAX standards.,0.200,0.200,0.300,0.300,0.000,0.200,0.300,0.300,0.400,0.400,0.400,0.400,0.200,0.200,0.900,0.800,1.000,Calculates the percentage of account plans modified within the last 30 days to provide insights into recent activity.,Consider adding a description to explain the business purpose of the measure in plain language.,The naming convention is appropriate; no changes are needed.
Account Planning,Warning,% of Priorities with Top Priority,"DIVIDE( [# of Top Priorities], [# of Active Priorities],"""" )",Ratio Percentage,Yes,No - The formula is unique and calculates a specific ratio between two distinct measures.,No - This measure is specific to the business context of account planning and does not align with standard enterprise measures like Total Sales or Gross Margin.,"Yes - The formula uses a straightforward DIVIDE function, making the calculation logic easy to understand.",Low - The measure uses a simple ratio calculation with no nested functions or complex logic.,Yes - The name clearly reflects the calculation logic and business purpose.,"No - The measure lacks a description, which reduces clarity for business users.",Yes - The formula uses proper DAX syntax with unqualified measure references.,0.200,0.200,0.000,0.300,0.000,0.200,0.300,0.300,0.400,0.400,0.400,0.400,0.200,0.200,0.750,0.500,1.000,Provides insight into the proportion of active priorities that are top priorities.,Consider adding a description to explain the business purpose of the measure in plain language.,No changes needed as the naming convention is clear and descriptive.
Account Planning,Warning,% of Top Priorities with CSP,"DIVIDE([# of Top Priorities with CSP],[# of Top Priorities])",Ratio Percentage,Yes,No - The formula is unique and calculates a specific ratio between two distinct measures.,No - This measure is specific to the business context of account planning and does not align with standard enterprise measures like Total Sales or Gross Margin.,"Yes - The formula uses a straightforward DIVIDE function, making the calculation logic easy to understand.",Low - The measure uses a simple ratio calculation with no nested functions or complex logic.,Yes - The name clearly reflects the calculation logic and business purpose.,"No - The measure lacks a description, which reduces clarity for business users.",Yes - The formula uses proper DAX syntax with unqualified measure references.,0.200,0.200,0.000,0.300,0.000,0.200,0.300,0.300,0.400,0.400,0.400,0.400,0.200,0.200,0.750,0.500,1.000,Provides insight into the proportion of top priorities that have CSP.,Consider adding a description to explain the business purpose of the measure in plain language.,No changes needed as the naming convention is clear and descriptive.
Account Planning,Warning,# of Top Priorities with CSP,"CALCULATE([# of Top Priorities],KEEPFILTERS('Account Plan Priority'[Is Top Priority with CSP]= TRUE))",Simple Aggregation,Yes,No - The formula is unique and calculates a specific count using filters.,No - This measure is specific to the business context of account planning and does not align with standard enterprise measures like Total Sales or Gross Margin.,"Yes - The formula uses CALCULATE with KEEPFILTERS, which is clear and appropriate for the business purpose.","Medium - The measure uses nested functions (CALCULATE and KEEPFILTERS), which adds moderate complexity.",Yes - The name clearly reflects the calculation logic and business purpose.,"No - The measure lacks a description, which reduces clarity for business users.",Yes - The formula uses proper DAX syntax with fully qualified column references.,0.200,0.200,0.000,0.300,0.000,0.200,0.200,0.300,0.400,0.400,0.400,0.400,0.200,0.200,0.700,0.400,1.000,Provides the count of top priorities that have CSP.,Consider adding a description to explain the business purpose of the measure in plain language.,No changes needed as the naming convention is clear and descriptive.
Account Planning,Warning,# of Top Priorities,"CALCULATE([# of Active Priorities]
    ,KEEPFILTERS('Account Plan Priority'[Is Top Priority Linked to Active Customer]= TRUE))",Calculated Measure,Yes,No - The measure uses a unique calculation logic involving filtering based on 'Is Top Priority Linked to Active Customer'. No duplicates detected.,No - The measure is specific to the business context and does not align with standard enterprise measures like Total Sales or Gross Margin.,No - The calculation logic is somewhat clear but lacks a description to explain its business purpose in plain terms.,Medium - The measure uses nested functions (CALCULATE and KEEPFILTERS) but is not overly complex for its intended purpose.,"Yes - The name clearly reflects the calculation and business purpose, aligning with naming convention standards.","No - The measure lacks a description, which reduces its clarity and usability for business users.",Yes - The measure uses fully qualified column references and consistent syntax.,0.200,0.200,0.000,0.300,0.000,0.200,0.200,0.300,0.400,0.400,0.400,0.400,0.200,0.200,0.700,0.400,1.000,Counts the number of active priorities linked to top priorities for account planning.,Add a description to explain the business purpose of the measure in plain terms. Consider aligning the measure with enterprise standards if applicable.,No changes needed as the naming convention is clear and descriptive.
Account Planning,Warning,# Accounts with MACC,"CALCULATE([TPID Count],KEEPFILTERS(Account[Has MACC Pipeline]=""Yes""))",Calculated Measure,Yes,No - The measure uses a unique calculation logic filtering accounts with MACC pipeline. No duplicates detected.,No - The measure is specific to the business context and does not align with standard enterprise measures.,No - The calculation logic is somewhat clear but lacks a description to explain its business purpose in plain terms.,Low - The measure uses simple nested functions (CALCULATE and KEEPFILTERS) and is straightforward.,"Yes - The name clearly reflects the calculation and business purpose, aligning with naming convention standards.","No - The measure lacks a description, which reduces its clarity and usability for business users.",Yes - The measure uses fully qualified column references and consistent syntax.,0.200,0.200,0.000,0.300,0.000,0.200,0.300,0.300,0.400,0.400,0.400,0.400,0.200,0.200,0.750,0.500,1.000,Counts the number of accounts with MACC pipeline for account planning.,Add a description to explain the business purpose of the measure in plain terms. Consider aligning the measure with enterprise standards if applicable.,No changes needed as the naming convention is clear and descriptive.
Account Planning,Good,% Accounts with MACC Consumption Plan,"VAR _Num=CALCULATE([# Accounts with MACC],KEEPFILTERS(Account[Consumption Flag]=""Yes""))

RETURN DIVIDE(_Num,[# Accounts with MACC],"""")

",Ratio Percentage,Yes,No - The measure uses a unique calculation logic involving a variable and division. No duplicates detected.,No - The measure is specific to the business context and does not align with standard enterprise measures.,"Yes - The calculation logic is clear and uses a variable to simplify the formula. However, it lacks a description to explain its business purpose.","Medium - The measure uses nested functions and a variable, making it moderately complex but appropriate for its purpose.","Yes - The name clearly reflects the calculation and business purpose, aligning with naming convention standards.","No - The measure lacks a description, which reduces its clarity and usability for business users.",Yes - The measure uses fully qualified column references and consistent syntax.,0.200,0.200,0.000,0.300,0.000,0.200,0.300,0.300,0.400,0.400,0.400,0.400,0.200,0.200,0.750,0.500,1.000,Calculates the percentage of accounts with MACC consumption plans for account planning.,Add a description to explain the business purpose of the measure in plain terms. Consider aligning the measure with enterprise standards if applicable.,No changes needed as the naming convention is clear and descriptive.
Account Planning,Warning,% of Accounts with QBR,"
var num=CALCULATE([TPID Count],KEEPFILTERS(Account[isqbr]=""yes""))

RETURN DIVIDE(num,[TPID Count],BLANK())
",Ratio Percentage,Yes,"No - The measure has a unique calculation logic using a variable and the DIVIDE function, which is not duplicated elsewhere in the dataset.",No - The measure is specific to the business context of QBR accounts and does not align with standard enterprise measures like Total Sales or Gross Margin.,"No - The calculation logic is not immediately clear without a description, as it uses variables and the KEEPFILTERS function, which may not be intuitive for business users.","Medium - The measure uses a variable and nested functions, which adds moderate complexity but is appropriate for the business purpose.","Yes - The name clearly reflects the calculation and business purpose, using descriptive and business-focused language.","No - The measure lacks a description, which makes it harder for business users to understand its purpose and calculation logic.","Yes - The measure uses fully qualified column references and unqualified measure references, adhering to DAX standards.",0.200,0.200,0.000,0.300,0.000,0.200,0.300,0.300,0.400,0.400,0.400,0.400,0.200,0.200,0.750,0.500,1.000,Calculate the percentage of accounts with QBR for business insights.,Add a description to explain the calculation logic in plain business terms. Ensure the measure is intuitive for business users by simplifying where possible.,No changes needed for naming conventions as the measure name is clear and descriptive.
Account Planning,Issue,% of Accounts with CSDR Within Last 30 Days,"
var den=CALCULATE( [TPID Count], KEEPFILTERS( Account[Has Premier Unified] = ""Yes"" ), KEEPFILTERS( Account[Has CSDR] = ""Yes"" ) )
var num=CALCULATE( [TPID Count], KEEPFILTERS( Account[Has Premier Unified] = ""Yes"" ), KEEPFILTERS( Account[Has CSDR within 30 Days] = ""Yes"" ) )

RETURN DIVIDE(num,den,"""")
",Ratio Percentage,Yes,"No - The measure has a unique calculation logic involving multiple variables and nested functions, which is not duplicated elsewhere.",No - The measure is specific to the business context of CSDR accounts and does not align with standard enterprise measures.,"No - The calculation logic is complex and uses multiple variables and nested functions, which are not intuitive without a description.","High - The measure uses multiple variables, nested functions, and filters, making it highly complex and potentially difficult for business users to understand.","Yes - The name is descriptive and business-focused, clearly reflecting the calculation and purpose.","No - The measure lacks a description, which makes it harder for business users to understand its purpose and calculation logic.","Yes - The measure uses fully qualified column references and unqualified measure references, adhering to DAX standards.",0.200,0.200,0.000,0.300,0.000,0.200,0.100,0.300,0.400,0.400,0.400,0.400,0.200,0.200,0.650,0.300,1.000,Calculate the percentage of accounts with CSDR within the last 30 days for business insights.,Simplify the calculation logic where possible and add a description to explain the measure in plain business terms.,No changes needed for naming conventions as the measure name is clear and descriptive.
Account Planning,Good,# of Active Priorities,"CALCULATE([# of Priorities],KEEPFILTERS('Account Plan Priority'[Priority Status]=""Active""))",Simple Aggregation,Yes,"No - The measure has a unique calculation logic using the KEEPFILTERS function, which is not duplicated elsewhere.","Yes - The measure aligns with standard business patterns by providing a count of active priorities, which is a common business metric.","Yes - The calculation logic is straightforward and uses simple aggregation with filters, making it intuitive for business users.","Low - The measure uses simple aggregation and filtering, which is appropriate for the business purpose and easy to understand.","Yes - The name is descriptive and business-focused, clearly reflecting the calculation and purpose.","No - The measure lacks a description, which could further enhance its clarity for business users.","Yes - The measure uses fully qualified column references and unqualified measure references, adhering to DAX standards.",0.200,0.200,0.300,0.300,0.000,0.200,0.300,0.300,0.400,0.400,0.400,0.400,0.200,0.200,0.900,0.800,1.000,Count the number of active priorities for business insights.,Add a description to explain the measure in plain business terms to further enhance its clarity.,No changes needed for naming conventions as the measure name is clear and descriptive.
Pipeline,Warning,% Billed Pipeline w/ Priority,"VAR X = CALCULATE([Billed Pipeline],KEEPFILTERS('Opportunity'[ParentingLevel Oppties]=""TopParentOppties""))

RETURN DIVIDE( [Billed Pipeline w/ Priority], X )",Ratio Percentage,Yes,"No - The measure uses a unique calculation involving a variable and division, which is distinct from other measures.",No - The measure is specific to a business scenario and does not align with standard enterprise measures like Total Sales or Gross Margin.,"No - The calculation logic involves nested functions and a variable, which may not be immediately clear to business users without documentation.","Medium - The measure uses a variable, nested functions, and division, making it moderately complex but appropriate for its business purpose.","Yes - The name clearly reflects the calculation and business purpose, using descriptive and business-focused terminology.","No - The measure lacks a description, which reduces its clarity and usability for business users.","Yes - The measure uses fully qualified column references and unqualified measure references, adhering to DAX standards.",0.200,0.200,0.000,0.300,0.000,0.200,0.300,0.300,0.400,0.400,0.400,0.400,0.200,0.200,0.750,0.500,1.000,"Calculates the percentage of billed pipeline with priority, providing insights into prioritized opportunities.",Provide a clear description explaining the business purpose and calculation logic of the measure. Consider simplifying the logic if possible.,The naming convention is appropriate; no changes are needed.
Pipeline,Issue,Billed Pipeline,[Billed Pipeline Base],Simple Aggregation,Yes,No - The measure references another measure ([Billed Pipeline Base]) and does not duplicate any other measure's logic.,No - The measure does not align with standard enterprise measures and appears to be specific to the dataset.,No - The measure references another measure without providing clarity on its calculation logic.,"Low - The measure is simple, referencing another measure without additional logic.",Yes - The name is descriptive and aligns with the measure's purpose.,"No - The measure lacks a description, which reduces its clarity and usability for business users.","Yes - The measure uses unqualified references for measures, adhering to DAX standards.",0.200,0.200,0.000,0.300,0.000,0.200,0.100,0.300,0.400,0.400,0.400,0.400,0.200,0.200,0.650,0.300,1.000,"Represents the billed pipeline value, providing a summary of billed opportunities.",Provide a description explaining the business purpose and calculation logic of the measure. Consider whether the measure adds value or if it can be merged with [Billed Pipeline Base].,The naming convention is appropriate; no changes are needed.
Pipeline,Warning,Billed Opportunity Count,"CALCULATE([Opportunity Count], KEEPFILTERS(Opportunity[Qualified Pipeline Flag] = 1))",Simple Aggregation,Yes,"No - The measure uses a unique calculation involving filters and aggregation, which is distinct from other measures.",No - The measure is specific to the dataset and does not align with standard enterprise measures.,"Yes - The calculation logic is straightforward, using filters and aggregation to count opportunities.","Medium - The measure uses filters and aggregation, making it moderately complex but appropriate for its business purpose.","Yes - The name clearly reflects the calculation and business purpose, using descriptive and business-focused terminology.","No - The measure lacks a description, which reduces its clarity and usability for business users.","Yes - The measure uses fully qualified column references and unqualified measure references, adhering to DAX standards.",0.200,0.200,0.000,0.300,0.000,0.200,0.300,0.300,0.400,0.400,0.400,0.400,0.200,0.200,0.750,0.500,1.000,"Counts the number of billed opportunities, providing insights into pipeline volume.",Provide a description explaining the business purpose and calculation logic of the measure. Ensure the measure is documented for better usability.,The naming convention is appropriate; no changes are needed.
Pipeline,Issue,Opportunity Count,"SUMX(VALUES('Pipeline'[dimopportunitykey]),1)",Simple Aggregation,Yes,No - The measure uses a unique calculation logic (SUMX with VALUES) that is not duplicated across other measures.,No - The measure does not align with standard enterprise measures like Total Sales or Gross Margin. It is specific to counting opportunities.,"No - The calculation logic is not intuitive for business users as it uses SUMX and VALUES, which may not be easily understood without technical knowledge.","Low - The measure uses a simple aggregation logic with two nested functions, which is appropriate for its purpose.",Yes - The name clearly reflects the calculation purpose (counting opportunities in the Pipeline table).,"No - The measure lacks a description, which makes it harder for business users to understand its purpose.","Yes - The measure uses fully qualified column references ('Pipeline'[dimopportunitykey]), which adhere to DAX standards.",0.200,0.200,0.000,0.300,0.000,0.200,0.300,0.300,0.400,0.400,0.400,0.400,0.200,0.200,0.750,0.500,1.000,Counts the number of opportunities in the pipeline for reporting purposes.,Consider adding a description to explain the business purpose of counting opportunities. Ensure the calculation logic is documented in plain business terms.,"The naming convention is appropriate, but ensure consistency across all measures in the model."
Pipeline,Warning,Committed Pipeline,"CALCULATE([Billed Pipeline],KEEPFILTERS(Opportunity[Forecast Recommendation]=""Committed""))",Calculated Measure,Yes,"No - The measure uses a unique calculation logic with CALCULATE and KEEPFILTERS, which is distinct from other measures.","Yes - The measure aligns with standard business patterns by calculating committed pipeline, which is a common metric in sales reporting.","No - The calculation logic involves filtering and aggregation, which may not be intuitive for business users without technical knowledge.","Medium - The measure uses CALCULATE and KEEPFILTERS, which adds moderate complexity but is appropriate for its business purpose.",Yes - The name clearly reflects the calculation purpose (committed pipeline).,"No - The measure lacks a description, which makes it harder for business users to understand its purpose.","Yes - The measure uses fully qualified column references ('Opportunity'[Forecast Recommendation]), which adhere to DAX standards.",0.200,0.200,0.300,0.300,0.000,0.200,0.300,0.300,0.400,0.400,0.400,0.400,0.200,0.200,0.900,0.800,1.000,Calculates the committed pipeline for sales reporting and forecasting.,Add a description to explain the business purpose of committed pipeline. Ensure the calculation logic is documented in plain business terms.,"The naming convention is appropriate, but ensure consistency across all measures in the model."
Pipeline,Warning,Committed at Risk Pipeline,"CALCULATE([Billed Pipeline],KEEPFILTERS('Opportunity'[Forecast Recommendation]=""Committed at Risk""))",Calculated Measure,Yes,"No - The measure uses a unique calculation logic with CALCULATE and KEEPFILTERS, which is distinct from other measures.","Yes - The measure aligns with standard business patterns by calculating committed at risk pipeline, which is a common metric in sales reporting.","No - The calculation logic involves filtering and aggregation, which may not be intuitive for business users without technical knowledge.","Medium - The measure uses CALCULATE and KEEPFILTERS, which adds moderate complexity but is appropriate for its business purpose.",Yes - The name clearly reflects the calculation purpose (committed at risk pipeline).,"No - The measure lacks a description, which makes it harder for business users to understand its purpose.","Yes - The measure uses fully qualified column references ('Opportunity'[Forecast Recommendation]), which adhere to DAX standards.",0.200,0.200,0.300,0.300,0.000,0.200,0.300,0.300,0.400,0.400,0.400,0.400,0.200,0.200,0.900,0.800,1.000,Calculates the committed at risk pipeline for sales reporting and forecasting.,Add a description to explain the business purpose of committed at risk pipeline. Ensure the calculation logic is documented in plain business terms.,"The naming convention is appropriate, but ensure consistency across all measures in the model."
Pipeline,Issue,Committed + Risk Pipeline,[Committed Pipeline] + [Committed at Risk Pipeline],Simple Aggregation,Yes,No - The formula is unique and does not duplicate other measures in the dataset.,No - This measure does not align with standard business patterns like Total Sales Value or Gross Margin.,No - The calculation logic is simple but lacks a description to explain its business purpose.,Low - The formula is straightforward with no nested functions or complex logic.,Yes - The name reflects the calculation logic and uses clear business terminology.,"No - The measure lacks a description, making it unclear for business users.","Yes - The formula uses unqualified references for measures, which is consistent with DAX standards.",0.200,0.200,0.000,0.300,0.000,0.200,0.300,0.300,0.400,0.400,0.400,0.400,0.200,0.200,0.750,0.500,1.000,Combines committed pipeline and risk pipeline values for reporting purposes.,Add a description to explain the business purpose of the measure. Consider aligning the measure with standard business patterns if applicable.,The naming convention is appropriate; no changes are needed.
Pipeline,Warning,Billed Pipeline w/ Priority,"CALCULATE (SUM('Priority Pipeline'[PipelineUSD])
        ,KEEPFILTERS('Priority Pipeline'[PipelineType] = ""Billed""))",Time Intelligence,Yes,No - The formula is unique and does not duplicate other measures in the dataset.,Yes - This measure aligns with standard business patterns by calculating billed pipeline values based on priority.,Yes - The calculation logic is clear and uses standard DAX functions to filter and sum values.,"Medium - The formula involves filtering and aggregation, which adds moderate complexity.",Yes - The name reflects the calculation logic and uses clear business terminology.,"No - The measure lacks a description, making it unclear for business users.","Yes - The formula uses fully qualified references for columns and unqualified references for measures, adhering to DAX standards.",0.200,0.200,0.300,0.300,0.000,0.200,0.300,0.300,0.400,0.400,0.400,0.400,0.200,0.200,0.900,0.800,1.000,Calculates billed pipeline values based on priority for reporting purposes.,Add a description to explain the business purpose of the measure. Ensure the measure is documented for self-service analytics.,The naming convention is appropriate; no changes are needed.
Pipeline,Critical,ACR Pipeline,[ACR Pipeline Base],Simple Aggregation,Yes,No - The formula is unique and does not duplicate other measures in the dataset.,No - This measure does not align with standard business patterns like Total Sales Value or Gross Margin.,No - The calculation logic is simple but lacks a description to explain its business purpose.,Low - The formula is straightforward with no nested functions or complex logic.,No - The name uses an abbreviation (ACR) that is not self-explanatory for business users.,"No - The measure lacks a description, making it unclear for business users.","Yes - The formula uses unqualified references for measures, which is consistent with DAX standards.",0.200,0.200,0.000,0.300,0.000,0.200,0.300,0.300,0.200,0.400,0.000,0.400,0.200,0.200,0.450,0.500,0.400,Represents the ACR pipeline base value for reporting purposes.,Add a description to explain the business purpose of the measure. Consider aligning the measure with standard business patterns if applicable.,Avoid abbreviations in the measure name. Use a more descriptive name that clearly reflects the calculation logic and business purpose.
Pipeline,Warning,Future year ACR Pipeline,"CALCULATE (
    [ACR Pipeline w/ Priority],
    KEEPFILTERS ( 'Calendar'[Relative Year] = ""CY+1"" ),
    ALL ( 'Calendar' )
)",Time Intelligence,Yes,No - The measure has a unique definition combining [ACR Pipeline w/ Priority] with filters for 'Calendar'[Relative Year] and ALL('Calendar'). No duplicates detected.,"Yes - The measure aligns with enterprise standards for future pipeline calculations, which are commonly used in business reporting.",No - The calculation logic is not immediately clear without a description. The use of KEEPFILTERS and ALL requires explanation for business users.,"Medium - The measure uses nested functions (CALCULATE, KEEPFILTERS, ALL) but is not overly complex. The logic is appropriate for the business purpose.","Yes - The name clearly reflects the measure's purpose and calculation logic, indicating it is for future year ACR pipeline.","No - The measure lacks a description, which is critical for business users to understand its purpose and calculation.","Yes - The measure uses fully qualified column references (e.g., 'Calendar'[Relative Year]) and unqualified measure references ([ACR Pipeline w/ Priority]), adhering to DAX standards.",0.200,0.200,0.300,0.300,0.000,0.200,0.300,0.300,0.400,0.400,0.400,0.400,0.200,0.200,0.900,0.800,1.000,Calculate the future year ACR pipeline for forecasting and planning purposes.,Add a description to explain the business purpose and calculation logic of the measure. Ensure the logic is documented in plain business terms for accessibility.,No changes needed for naming conventions as the measure name is clear and descriptive.
Pipeline,Warning,ACR Pipeline w/ Priority,"CALCULATE (SUM('Priority Pipeline'[ACRPipelineUSD])
        ,KEEPFILTERS('Priority Pipeline'[PipelineType] = ""Consumption""))",Simple Aggregation,Yes,No - The measure has a unique definition summing 'Priority Pipeline'[ACRPipelineUSD] with filters for 'Priority Pipeline'[PipelineType]. No duplicates detected.,"Yes - The measure aligns with enterprise standards for pipeline calculations based on priority, which is a common business requirement.",No - The calculation logic is not immediately clear without a description. The use of KEEPFILTERS requires explanation for business users.,"Medium - The measure uses nested functions (CALCULATE, KEEPFILTERS) but is not overly complex. The logic is appropriate for the business purpose.","Yes - The name clearly reflects the measure's purpose and calculation logic, indicating it is for ACR pipeline with priority.","No - The measure lacks a description, which is critical for business users to understand its purpose and calculation.","Yes - The measure uses fully qualified column references (e.g., 'Priority Pipeline'[PipelineType]) and unqualified measure references ([ACRPipelineUSD]), adhering to DAX standards.",0.200,0.200,0.300,0.300,0.000,0.200,0.300,0.300,0.400,0.400,0.400,0.400,0.200,0.200,0.900,0.800,1.000,Calculate the ACR pipeline based on priority for business analysis and decision-making.,Add a description to explain the business purpose and calculation logic of the measure. Ensure the logic is documented in plain business terms for accessibility.,No changes needed for naming conventions as the measure name is clear and descriptive.
Pipeline,Warning,Future Year Billed Pipeline,"CALCULATE (
    [Billed Pipeline w/ Priority],
    KEEPFILTERS ( 'Calendar'[Relative Year] = ""CY+1"" ), ALL('Calendar')
)",Time Intelligence,Yes,No - The measure has a unique definition combining [Billed Pipeline w/ Priority] with filters for 'Calendar'[Relative Year] and ALL('Calendar'). No duplicates detected.,"Yes - The measure aligns with enterprise standards for future billed pipeline calculations, which are commonly used in business reporting.",No - The calculation logic is not immediately clear without a description. The use of KEEPFILTERS and ALL requires explanation for business users.,"Medium - The measure uses nested functions (CALCULATE, KEEPFILTERS, ALL) but is not overly complex. The logic is appropriate for the business purpose.","Yes - The name clearly reflects the measure's purpose and calculation logic, indicating it is for future year billed pipeline.","No - The measure lacks a description, which is critical for business users to understand its purpose and calculation.","Yes - The measure uses fully qualified column references (e.g., 'Calendar'[Relative Year]) and unqualified measure references ([Billed Pipeline w/ Priority]), adhering to DAX standards.",0.200,0.200,0.300,0.300,0.000,0.200,0.300,0.300,0.400,0.400,0.400,0.400,0.200,0.200,0.900,0.800,1.000,Calculate the future year billed pipeline for forecasting and planning purposes.,Add a description to explain the business purpose and calculation logic of the measure. Ensure the logic is documented in plain business terms for accessibility.,No changes needed for naming conventions as the measure name is clear and descriptive.
Pipeline,Not Analyzed,# Opportunities w/ Priority,"SUMX( VALUES( 'Priority Pipeline'[dimopportunitykey] ), 1 )
            
    ",Undocumented,No,Not Analyzed - ,Not Analyzed - ,Not Analyzed - ,Not Analyzed - ,Not Analyzed - ,Not Analyzed - ,Not Analyzed - ,0.000,0.200,0.000,0.300,0.000,0.200,0.000,0.300,0.000,0.400,0.000,0.400,0.000,0.200,0.000,0.000,0.000,Not analyzed by AI,,
Pipeline,Not Analyzed,# Billed Oppties w/ Priority,"CALCULATE([# Opportunities w/ Priority],KEEPFILTERS('Priority Pipeline'[PipelineType]=""Billed""))",Calculated Measure,No,Not Analyzed - ,Not Analyzed - ,Not Analyzed - ,Not Analyzed - ,Not Analyzed - ,Not Analyzed - ,Not Analyzed - ,0.000,0.200,0.000,0.300,0.000,0.200,0.000,0.300,0.000,0.400,0.000,0.400,0.000,0.200,0.000,0.000,0.000,Not analyzed by AI,,
Pipeline,Not Analyzed,# Consumed Oppties w/ Priority,"CALCULATE([# Opportunities w/ Priority],KEEPFILTERS('Priority Pipeline'[PipelineType]=""Consumption""))",Calculated Measure,No,Not Analyzed - ,Not Analyzed - ,Not Analyzed - ,Not Analyzed - ,Not Analyzed - ,Not Analyzed - ,Not Analyzed - ,0.000,0.200,0.000,0.300,0.000,0.200,0.000,0.300,0.000,0.400,0.000,0.400,0.000,0.200,0.000,0.000,0.000,Not analyzed by AI,,
Pipeline,Issue,% of Billed Opties w/ future date,"
VAR Numerator = CALCULATE([# Billed Oppties w/ Priority]
               ,KEEPFILTERS('Opportunity'[Open Opportunity Flag] =1)
               ,KEEPFILTERS(Opportunity[Opportunity Due Date] > today())
) 
VAR Denominator = CALCULATE([# Billed Oppties w/ Priority]
                  ,KEEPFILTERS('Opportunity'[Open Opportunity Flag] =1)
)                                                         

RETURN DIVIDE(Numerator,Denominator) ",Ratio Percentage,Yes,No - The measure formula is unique and does not duplicate other measures in the dataset.,No - The measure does not align with standard business patterns like Total Sales or YoY Growth.,No - The calculation logic is complex and lacks a description to explain its business purpose.,"High - The measure uses nested functions and has a lengthy formula, making it difficult for business users to interpret.","No - The name is not fully descriptive and uses abbreviations like 'Opties', which may confuse business users.","No - The measure lacks a description, making it unclear what the calculation represents.","Yes - The formula uses fully qualified column references and unqualified measure references, adhering to DAX standards.",0.200,0.200,0.000,0.300,0.000,0.200,0.100,0.300,0.200,0.400,0.100,0.400,0.200,0.200,0.400,0.300,0.500,Calculate the percentage of billed opportunities with a future due date.,Simplify the formula or provide a detailed description to explain its business purpose. Consider breaking down nested functions into smaller measures for clarity.,Rename the measure to 'Percentage of Billed Opportunities with Future Date' to make it more descriptive and business-focused.
Pipeline,Issue,% of Consumption Opties w/ future date,"
VAR Numerator = CALCULATE([# Consumed Oppties w/ Priority]
               ,KEEPFILTERS('Opportunity'[Open Opportunity Flag] =1)
               ,KEEPFILTERS(Opportunity[Estimated Completion Date] > today())
) 
VAR Denominator = CALCULATE([# Consumed Oppties w/ Priority]
                  ,KEEPFILTERS('Opportunity'[Open Opportunity Flag] =1 )
)                                                         

RETURN DIVIDE(Numerator,Denominator) ",Ratio Percentage,Yes,No - The measure formula is unique and does not duplicate other measures in the dataset.,No - The measure does not align with standard business patterns like Total Sales or YoY Growth.,No - The calculation logic is complex and lacks a description to explain its business purpose.,"High - The measure uses nested functions and has a lengthy formula, making it difficult for business users to interpret.","No - The name is not fully descriptive and uses abbreviations like 'Opties', which may confuse business users.","No - The measure lacks a description, making it unclear what the calculation represents.","Yes - The formula uses fully qualified column references and unqualified measure references, adhering to DAX standards.",0.200,0.200,0.000,0.300,0.000,0.200,0.100,0.300,0.200,0.400,0.100,0.400,0.200,0.200,0.400,0.300,0.500,Calculate the percentage of consumption opportunities with a future estimated completion date.,Simplify the formula or provide a detailed description to explain its business purpose. Consider breaking down nested functions into smaller measures for clarity.,Rename the measure to 'Percentage of Consumption Opportunities with Future Date' to make it more descriptive and business-focused.
Pipeline,Warning,% Total Pipeline w/ Priority," VAR Num = CALCULATE( [Billed Pipeline w/ Priority] + [ACR Pipeline w/ Priority], KEEPFILTERS( 'Priority Pipeline'[OpenOpportunityFlag] = 1 ) )
 VAR Den = CALCULATE( [Billed Pipeline] + [ACR Pipeline],KEEPFILTERS('Pipeline'[TopParentOpenOpptyFlag] = 1) ) 
 RETURN DIVIDE(Num, Den)        
        
        
       ",Ratio Percentage,Yes,No - The measure formula is unique and does not duplicate other measures in the dataset.,Yes - The measure aligns with standard business patterns by calculating a percentage of pipeline with priority.,Yes - The calculation logic is relatively straightforward and aligns with business expectations.,"Medium - The measure uses nested functions but is not overly complex, making it suitable for business users.",Yes - The name is descriptive and aligns with the measure's calculation logic.,"No - The measure lacks a description, which would improve its clarity and usability.","Yes - The formula uses fully qualified column references and unqualified measure references, adhering to DAX standards.",0.200,0.200,0.300,0.300,0.000,0.200,0.200,0.300,0.400,0.400,0.400,0.400,0.200,0.200,0.850,0.700,1.000,Calculate the percentage of the total pipeline with priority.,Provide a description to explain the business purpose of the measure. Ensure the logic is documented for future reference.,No changes needed; the name is already clear and descriptive.
Pipeline,Issue,% Billed opties w/ close plan,"
VAR X = CALCULATE( [Billed Pipeline], KEEPFILTERS( Opportunity[Close Plan Attached] = ""Yes"" ),KEEPFILTERS('Opportunity'[Open Opportunity Flag] = 1) )

VAR Y = CALCULATE( [Billed Pipeline],KEEPFILTERS('Opportunity'[Open Opportunity Flag] = 1) )

RETURN DIVIDE( X, Y ,"""")",Complex Calculation,Yes,"No - The measure uses a unique calculation logic involving multiple variables and filters, which is not duplicated elsewhere.",No - The measure does not align with standard enterprise measures like Total Sales Value or Gross Margin. It is specific to the dataset and business context.,No - The calculation logic is complex with nested functions and lacks a description to explain its purpose in business terms.,"High - The measure involves multiple nested functions, variables, and filters, making it difficult for business users to understand without additional documentation.",No - The name is cryptic and uses abbreviations ('opties') that are not clear to business users. It does not fully describe the calculation logic.,"No - The measure lacks a description, making it difficult for users to understand its purpose and calculation logic.","Yes - The measure uses fully qualified column references and unqualified measure references, adhering to DAX standards.",0.200,0.200,0.000,0.300,0.000,0.200,0.100,0.300,0.200,0.400,0.000,0.400,0.200,0.200,0.350,0.300,0.400,Tracks the percentage of billed pipeline opportunities with a close plan attached.,Simplify the calculation logic or provide detailed documentation to explain the purpose and business context of the measure. Consider reducing the number of nested functions.,"Rename the measure to a more descriptive and business-focused name, such as 'Percentage of Billed Pipeline with Close Plan'. Avoid abbreviations like 'opties'."
Pipeline,Issue,% of Total Opties w/ future date,"
VAR Numerator = CALCULATE([# Open Opportunities w/ Priority], OR(Opportunity[Opportunity Due Date] > today(),Opportunity[Estimated Completion Date] > today())) 
VAR Denominator = [# Open Opportunities w/ Priority]                                                

RETURN DIVIDE(Numerator,Denominator) ",Complex Calculation,Yes,No - The measure uses a unique calculation logic involving variables and filters specific to future dates.,No - The measure does not align with standard enterprise measures and is specific to the dataset and business context.,No - The calculation logic is complex with nested functions and lacks a description to explain its purpose in business terms.,"High - The measure involves multiple nested functions and filters, making it difficult for business users to understand without additional documentation.",No - The name is cryptic and uses abbreviations ('opties') that are not clear to business users. It does not fully describe the calculation logic.,"No - The measure lacks a description, making it difficult for users to understand its purpose and calculation logic.","Yes - The measure uses fully qualified column references and unqualified measure references, adhering to DAX standards.",0.200,0.200,0.000,0.300,0.000,0.200,0.100,0.300,0.200,0.400,0.000,0.400,0.200,0.200,0.350,0.300,0.400,Tracks the percentage of total opportunities with a future due or estimated completion date.,Simplify the calculation logic or provide detailed documentation to explain the purpose and business context of the measure. Consider reducing the number of nested functions.,"Rename the measure to a more descriptive and business-focused name, such as 'Percentage of Total Opportunities with Future Date'. Avoid abbreviations like 'opties'."
Pipeline,Good,Total Pipeline,[Billed Pipeline]+[ACR Pipeline],Simple Aggregation,Yes,No - The measure uses a simple and unique calculation logic combining two other measures.,"Yes - The measure aligns with standard enterprise measures, providing a total pipeline value.",Yes - The calculation logic is straightforward and easy to understand.,"Low - The measure involves a simple aggregation of two other measures, making it easy to understand and use.","Yes - The name is clear, descriptive, and accurately reflects the calculation logic.","No - The measure lacks a description, but its simplicity makes it self-explanatory.","Yes - The measure uses unqualified measure references, adhering to DAX standards.",0.200,0.200,0.300,0.300,0.000,0.200,0.300,0.300,0.400,0.400,0.400,0.400,0.200,0.200,0.900,0.800,1.000,Provides the total pipeline value by combining billed and ACR pipeline measures.,No changes needed as the measure is already standardized and follows enterprise standards.,No changes needed as the name is clear and descriptive.
Pipeline,Warning,% ACR Pipeline w/ Priority,"VAR X = CALCULATE([ACR Pipeline],KEEPFILTERS('Opportunity'[ParentingLevel Oppties]=""TopParentOppties""))

RETURN DIVIDE( [ACR Pipeline w/ Priority], X )",Ratio Percentage,Yes,"No - The measure uses a unique calculation involving a variable and division, which is not duplicated elsewhere in the dataset.",No - The measure does not align with predefined standard measures like Total Sales Value or Gross Margin. It is specific to the dataset's context.,"No - The calculation logic involves a variable and nested functions, which may not be immediately clear to business users without a description.","Medium - The measure uses a variable, nested functions, and division, which adds moderate complexity but is appropriate for the business purpose.","Yes - The name clearly reflects the calculation and business purpose, using descriptive and business-focused language.","No - The measure lacks a description, which reduces its accessibility for business users.","Yes - The measure uses fully qualified column references and unqualified measure references, adhering to DAX standards.",0.200,0.200,0.000,0.300,0.000,0.200,0.300,0.300,0.400,0.400,0.400,0.400,0.200,0.200,0.750,0.500,1.000,Calculates the percentage of ACR Pipeline with priority compared to the total ACR Pipeline.,Add a clear description explaining the business purpose and calculation logic of the measure. Consider simplifying the logic if possible.,No changes needed; the name is clear and descriptive.
Pipeline,Good,# Billed Oppties,"CALCULATE([Opportunity Count], KEEPFILTERS(Opportunity[Opportunity Type] IN {""Billed"",""Billed & Consumption""}))",Simple Aggregation,Yes,"No - The measure uses a unique calculation filtering specific opportunity types, which is not duplicated elsewhere.","Yes - The measure aligns with standard business patterns by providing a count of billed opportunities, which is a common metric.","Yes - The calculation logic is straightforward and easy to understand, using a simple filter and aggregation.","Low - The measure uses a simple filter and aggregation, making it easy to understand and appropriate for the business purpose.","Yes - The name clearly reflects the calculation and business purpose, using descriptive and business-focused language.","No - The measure lacks a description, which reduces its accessibility for business users.","Yes - The measure uses fully qualified column references and unqualified measure references, adhering to DAX standards.",0.200,0.200,0.300,0.300,0.000,0.200,0.300,0.300,0.400,0.400,0.400,0.400,0.200,0.200,0.900,0.800,1.000,"Counts the number of billed opportunities, providing insights into revenue-generating activities.",Add a clear description explaining the business purpose and calculation logic of the measure.,No changes needed; the name is clear and descriptive.
Pipeline,Good,# Consumed Oppties,"CALCULATE([Opportunity Count], KEEPFILTERS(Opportunity[Opportunity Type] IN {""Consumption"",""Billed & Consumption""}))",Simple Aggregation,Yes,"No - The measure uses a unique calculation filtering specific opportunity types, which is not duplicated elsewhere.","Yes - The measure aligns with standard business patterns by providing a count of consumed opportunities, which is a common metric.","Yes - The calculation logic is straightforward and easy to understand, using a simple filter and aggregation.","Low - The measure uses a simple filter and aggregation, making it easy to understand and appropriate for the business purpose.","Yes - The name clearly reflects the calculation and business purpose, using descriptive and business-focused language.","No - The measure lacks a description, which reduces its accessibility for business users.","Yes - The measure uses fully qualified column references and unqualified measure references, adhering to DAX standards.",0.200,0.200,0.300,0.300,0.000,0.200,0.300,0.300,0.400,0.400,0.400,0.400,0.200,0.200,0.900,0.800,1.000,"Counts the number of consumed opportunities, providing insights into resource utilization and consumption.",Add a clear description explaining the business purpose and calculation logic of the measure.,No changes needed; the name is clear and descriptive.
Pipeline,Warning,% Total Opty count w/ priority,"VAR X = CALCULATE([Opportunity Count],KEEPFILTERS('Pipeline'[TopParentOpenOpptyFlag] = 1))

RETURN DIVIDE ([# Open Opportunities w/ Priority],X)",Ratio Percentage,Yes,"No - The measure uses a unique calculation logic involving a variable and the DIVIDE function, which is distinct from other measures.",No - The measure does not align with predefined enterprise standards like Total Sales Value or Gross Margin but serves a specific business purpose.,"No - The calculation logic is somewhat complex due to the use of a variable and nested functions, and the lack of description makes it harder to understand.","Medium - The measure involves a variable, nested functions, and the DIVIDE function, which adds moderate complexity.","Yes - The name clearly reflects the calculation and business purpose, using descriptive and business-focused terminology.","No - The measure lacks a description, which reduces its clarity and accessibility for business users.","Yes - The measure uses fully qualified column references and unqualified measure references, adhering to DAX standards.",0.200,0.200,0.100,0.300,0.000,0.200,0.200,0.300,0.400,0.400,0.400,0.400,0.200,0.200,0.750,0.500,1.000,Calculates the percentage of open opportunities with priority relative to the total opportunities.,Add a clear description to explain the business purpose and calculation logic. Consider simplifying the logic if possible to improve accessibility.,The naming convention is appropriate; no changes are needed.
Pipeline,Warning,% Total Stage 1 Opty count w/ priority,"CALCULATE([% Total Opty count w/ priority],KEEPFILTERS(Opportunity[Sales Stage Sort]=1))",Ratio Percentage,Yes,"No - The measure builds on another measure but applies a specific filter for Stage 1 opportunities, making it distinct.",No - The measure does not align with predefined enterprise standards but serves a specific business purpose.,No - The calculation logic is moderately complex due to the nested functions and lack of description.,"Medium - The measure applies a filter to another measure, which adds moderate complexity.","Yes - The name clearly reflects the calculation and business purpose, using descriptive and business-focused terminology.","No - The measure lacks a description, which reduces its clarity and accessibility for business users.","Yes - The measure uses fully qualified column references and unqualified measure references, adhering to DAX standards.",0.200,0.200,0.100,0.300,0.000,0.200,0.200,0.300,0.400,0.400,0.400,0.400,0.200,0.200,0.750,0.500,1.000,Calculates the percentage of Stage 1 opportunities with priority relative to the total opportunities.,Add a clear description to explain the business purpose and calculation logic. Consider simplifying the logic if possible to improve accessibility.,The naming convention is appropriate; no changes are needed.
Pipeline,Warning,% Total Stage 1 pipeline w/ priority,"CALCULATE([% Total Pipeline w/ Priority],KEEPFILTERS(Opportunity[Sales Stage Sort]=1))",Ratio Percentage,Yes,"No - The measure builds on another measure but applies a specific filter for Stage 1 pipeline, making it distinct.",No - The measure does not align with predefined enterprise standards but serves a specific business purpose.,No - The calculation logic is moderately complex due to the nested functions and lack of description.,"Medium - The measure applies a filter to another measure, which adds moderate complexity.","Yes - The name clearly reflects the calculation and business purpose, using descriptive and business-focused terminology.","No - The measure lacks a description, which reduces its clarity and accessibility for business users.","Yes - The measure uses fully qualified column references and unqualified measure references, adhering to DAX standards.",0.200,0.200,0.100,0.300,0.000,0.200,0.200,0.300,0.400,0.400,0.400,0.400,0.200,0.200,0.750,0.500,1.000,Calculates the percentage of Stage 1 pipeline with priority relative to the total pipeline.,Add a clear description to explain the business purpose and calculation logic. Consider simplifying the logic if possible to improve accessibility.,The naming convention is appropriate; no changes are needed.
Pipeline,Issue,Billed Pipeline Base,"CALCULATE(SUM(Pipeline[PipelineUSD]),KEEPFILTERS(Pipeline[PipelineType]=""Billed""))",Simple Aggregation,Yes,No - The measure has a unique calculation logic using SUM and KEEPFILTERS to filter 'Billed' pipeline type.,No - The measure does not align with predefined enterprise standards like Total Sales Value or Gross Margin.,"No - The calculation logic is not immediately clear without a description, as it uses KEEPFILTERS and filters on 'PipelineType'.","Low - The measure uses basic aggregation (SUM) with a single filter condition, making it relatively simple.","Yes - The name reflects the calculation logic and business purpose, indicating it is for 'Billed Pipeline'.","No - The measure lacks a description, which makes it harder for business users to understand its purpose.","Yes - The formula uses fully qualified column references (e.g., Pipeline[PipelineUSD]) and adheres to DAX standards.",0.200,0.200,0.000,0.300,0.000,0.200,0.300,0.300,0.400,0.400,0.400,0.400,0.200,0.200,0.750,0.500,1.000,Calculates the total pipeline value for 'Billed' pipeline type.,Add a description to explain the business purpose of filtering 'Billed' pipeline type. Consider aligning the measure with enterprise standards if applicable.,No changes needed as the naming convention is clear and descriptive.
Pipeline,Warning,ACR Pipeline Base,"CALCULATE(SUM(Pipeline[ACRPipelineUSD]),KEEPFILTERS(Pipeline[PipelineType]=""Consumption""),ALL('Product'))",Complex Calculation,Yes,"No - The measure has a unique calculation logic using SUM, KEEPFILTERS, and ALL to filter 'Consumption' pipeline type and ignore 'Product' table filters.",No - The measure does not align with predefined enterprise standards like Total Sales Value or Gross Margin.,"No - The calculation logic is not immediately clear without a description, especially due to the use of ALL to remove filters.","Medium - The measure uses nested functions (SUM, KEEPFILTERS, ALL) and multiple filter conditions, making it moderately complex.","Yes - The name reflects the calculation logic and business purpose, indicating it is for 'ACR Pipeline'.","No - The measure lacks a description, which makes it harder for business users to understand its purpose.","Yes - The formula uses fully qualified column references (e.g., Pipeline[ACRPipelineUSD]) and adheres to DAX standards.",0.200,0.200,0.000,0.300,0.000,0.200,0.200,0.300,0.400,0.400,0.400,0.400,0.200,0.200,0.700,0.400,1.000,Calculates the total pipeline value for 'Consumption' pipeline type while ignoring 'Product' table filters.,Add a description to explain the business purpose of filtering 'Consumption' pipeline type and removing 'Product' table filters. Consider aligning the measure with enterprise standards if applicable.,No changes needed as the naming convention is clear and descriptive.
Pipeline,Warning,# Open Opportunities w/ Priority,"CALCULATE([# Opportunities w/ Priority]
        ,KEEPFILTERS('Priority Pipeline'[OpenOpportunityFlag] =1))",Simple Aggregation,Yes,No - The measure has a unique calculation logic using KEEPFILTERS to filter 'OpenOpportunityFlag' for priority pipeline.,No - The measure does not align with predefined enterprise standards like Total Sales Value or Gross Margin.,"No - The calculation logic is not immediately clear without a description, as it uses KEEPFILTERS and filters on 'OpenOpportunityFlag'.","Low - The measure uses basic aggregation with a single filter condition, making it relatively simple.","Yes - The name reflects the calculation logic and business purpose, indicating it is for 'Open Opportunities with Priority'.","No - The measure lacks a description, which makes it harder for business users to understand its purpose.",Yes - The formula uses proper measure referencing ([# Opportunities w/ Priority]) and adheres to DAX standards.,0.200,0.200,0.000,0.300,0.000,0.200,0.300,0.300,0.400,0.400,0.400,0.400,0.200,0.200,0.750,0.500,1.000,Counts the number of open opportunities with priority.,Add a description to explain the business purpose of filtering 'OpenOpportunityFlag' for priority pipeline. Consider aligning the measure with enterprise standards if applicable.,No changes needed as the naming convention is clear and descriptive.
Pipeline,Issue,# Open Opportunities w/o Priority," CALCULATE([Opportunity Count]
 ,KEEPFILTERS('Opportunity'[Account Priority Attached]=""No"")
,KEEPFILTERS('Pipeline'[TopParentOpenOpptyFlag]=1))
",Calculated Measure,Yes,No - The measure uses specific filters and conditions that are unique to its business purpose.,No - The measure does not align with standard enterprise measures like Total Sales or Gross Margin.,No - The calculation logic is not intuitive due to the use of multiple filters and nested functions without a clear description.,"Medium - The measure uses nested functions and multiple filters, which adds moderate complexity but is manageable.","No - The name includes cryptic elements like '#', which is not business-friendly or descriptive.","No - The measure lacks a description, making it difficult for business users to understand its purpose.",Yes - The DAX formula uses fully qualified column references and consistent syntax.,0.200,0.200,0.000,0.300,0.000,0.200,0.200,0.300,0.200,0.400,0.000,0.400,0.200,0.200,0.400,0.400,0.400,Identifies the count of open opportunities without priority for analysis.,Add a clear description to explain the business purpose of the measure. Simplify the calculation logic if possible to make it more intuitive.,"Rename the measure to a more descriptive and business-friendly name, such as 'Open Opportunities Without Priority'."
Pipeline,Warning,Qualified Pipeline,"CALCULATE(
    SUM( 'Pipeline'[QualifiedPipeline] )
    , KEEPFILTERS( Pipeline[PipelineType] = ""Billed"" )
)
",Simple Aggregation,Yes,No - The measure uses specific filters and aggregation logic that are unique to its purpose.,"Yes - The measure aligns with standard business patterns, focusing on qualified pipeline values.","Yes - The calculation logic is straightforward, using SUM and filters to aggregate qualified pipeline values.","Low - The measure uses simple aggregation and filtering, making it easy to understand.",Yes - The name clearly reflects the calculation and business purpose of the measure.,"No - The measure lacks a description, which would improve its clarity for business users.",Yes - The DAX formula uses fully qualified column references and consistent syntax.,0.200,0.200,0.300,0.300,0.000,0.200,0.300,0.300,0.400,0.400,0.400,0.400,0.200,0.200,0.900,0.800,1.000,Aggregates qualified pipeline values for billed pipeline analysis.,Add a description to explain the business purpose of the measure for better user understanding.,No changes needed; the name is already clear and descriptive.
Pipeline,Issue,Azure Qualified Pipeline,"CALCULATE(
    SUM('Pipeline'[QualifiedPipeline])
    ,KEEPFILTERS(Pipeline[PipelineType] = ""Consumption"")
    ,USERELATIONSHIP(Account[dimaccountgeographyhierarchykey],Pipeline[dimaccountgeographyhierarchykey]))",Complex Calculation,Yes,No - The measure uses specific filters and relationships that are unique to its purpose.,No - The measure does not align with standard enterprise measures like Total Sales or Gross Margin.,"No - The calculation logic is complex due to the use of USERELATIONSHIP and multiple filters, making it less intuitive.","High - The measure uses advanced DAX functions and multiple filters, adding significant complexity.",Yes - The name is descriptive and aligns with the calculation logic.,"No - The measure lacks a description, making it difficult for business users to understand its purpose.",Yes - The DAX formula uses fully qualified column references and consistent syntax.,0.200,0.200,0.000,0.300,0.000,0.200,0.100,0.300,0.400,0.400,0.400,0.400,0.200,0.200,0.650,0.300,1.000,Aggregates Azure qualified pipeline values for consumption pipeline analysis.,Simplify the calculation logic if possible and add a clear description to explain the business purpose of the measure.,No changes needed; the name is already clear and descriptive.
User Seller,Issue,CURRENT_USER,"LEFT(USERPRINCIPALNAME(),FIND(""@"",USERPRINCIPALNAME())-1)",Calculated Measure,Yes,"No - The measure uses a unique formula to extract the username from the USERPRINCIPALNAME() function, and no duplicates were identified in the dataset.","No - The measure does not align with standard business measures like Total Sales, Gross Margin, or YoY Growth. It serves a specific technical purpose rather than a common business calculation.","No - The calculation logic is technical and involves nested functions, which may not be immediately clear to business users without additional explanation.","Medium - The measure uses nested functions (LEFT, FIND, USERPRINCIPALNAME) and involves string manipulation, which adds moderate complexity.",No - The name 'CURRENT_USER' is generic and does not clearly describe the calculation logic or purpose. A more descriptive name like 'Extracted_User_Name' would be better.,"No - The measure lacks a description, which makes it difficult for users to understand its purpose and calculation logic.",Yes - The measure uses proper DAX syntax and references functions correctly without ambiguity.,0.200,0.200,0.000,0.300,0.000,0.200,0.200,0.300,0.200,0.400,0.000,0.400,0.200,0.200,0.400,0.400,0.400,"Extracts the username from the USERPRINCIPALNAME() function, which can be used for user-specific filtering or personalization in reports.",Consider adding a description to explain the purpose of the measure in plain business terms. Ensure the calculation logic is documented for better accessibility to business users.,"Rename the measure to something more descriptive, such as 'Extracted_User_Name', to better reflect its purpose and calculation logic."
