Table,Measure,Expression,Description,Issue_Severity,Has_Duplicate,Duplicate_Measure_Names,Has_Qualified_Measure_References,Qualified_Referenced_Measures,Has_All_Measure_References,All_Referenced_Measures,Measure_Complexity_Level,Measure_Complexity_Explanation,Calculation_Type,Complexity_Recommendations,Has_Commonly_Used_Measure,DAX_Recommendations,Context,Self_Explanatory_Explanation,Name_Reflects_Explanation,Abbreviations_Explanation,Unqualified_Measures_Score,Unqualified_Measures_Max_Score,Unique_Measure_Calculation_Score,Unique_Measure_Calculation_Max_Score,Commonly_Used_Measure_Score,Commonly_Used_Measure_Max_Score,Measure_Complexity_Score,Measure_Complexity_Max_Score,Is_Self_Explanatory_Score,Is_Self_Explanatory_Max_Score,Name_Reflects_Expression_Score,Name_Reflects_Expression_Max_Score,Avoid_Abbreviations_Score,Avoid_Abbreviations_Max_Score,Overall_Score,Max_Overall_Score,Confidence_Score
Account,TPID Count,COUNT( Account[TPID] ),,good,No,,No,,No,,Low,"Low complexity due to simple structure and clear purpose. Details: Simple aggregation function (SUM, COUNT, AVERAGE, etc.)",simple_aggregation,Formula follows Rule 4 complexity best practices,Yes,,TPID Count -> Account + COUNT( Account[TPID] ),"The name 'TPID Count' is self-explanatory as it clearly indicates it counts TPIDs, which is a standard business term.",The name reflects the calculation as the context shows it counts the TPID field in the Account table.,The abbreviation 'TPID' is a standard Microsoft business term and is acceptable.,0.2,0.2,0.2,0.2,0.3,0.3,0.3,0.3,0.2,0.2,0.4,0.4,0.4,0.4,2.0,2.0,1.0
Account,# Accounts w/ Unified or Premier,"CALCULATE([TPID Count],KEEPFILTERS(Account[Has Premier Unified] = ""Yes""))",,warning,No,,No,,Yes,tpid count,Medium,Medium complexity due to moderate business logic or formatting. Details: Calculated measure with intermediate business logic,calculated_measure,"Rule 4: Format CALCULATE function: CALCULATE(\n    expression,\n    filter1,\n    filter2\n); Rule 4: Consider simplifying business logic or adding better documentation",No,,"# Accounts w/ Unified or Premier -> Account + CALCULATE([TPID Count],KEEPFILTERS(Account[Has Premier Unified] = ""Yes"")) | REFERENCES: TPID Count -> Account + COUNT( Account[TPID] )",The name '# Accounts w/ Unified or Premier' is self-explanatory as it indicates it counts accounts with Unified or Premier status.,The name reflects the calculation as the context shows it filters accounts with 'Has Premier Unified' set to 'Yes' and counts them.,The abbreviation '#' for 'Number of' is universally understood and acceptable.,0.2,0.2,0.2,0.2,0.0,0.3,0.15,0.3,0.2,0.2,0.4,0.4,0.4,0.4,1.5499999999999998,2.0,0.7749999999999999
Account,ATQ Latest,AVERAGE(Account[ATQ]),,good,No,,No,,No,,Low,"Low complexity due to simple structure and clear purpose. Details: Simple aggregation function (SUM, COUNT, AVERAGE, etc.)",simple_aggregation,Formula follows Rule 4 complexity best practices,No,,ATQ Latest -> Account + AVERAGE(Account[ATQ]),"The name 'ATQ Latest' is self-explanatory as it indicates it calculates the latest ATQ value, which is a standard abbreviation.",The name reflects the calculation as the context shows it calculates the average of the ATQ field.,The abbreviation 'ATQ' is a standard Microsoft business term and is acceptable.,0.2,0.2,0.2,0.2,0.0,0.3,0.3,0.3,0.2,0.2,0.4,0.4,0.4,0.4,1.6999999999999997,2.0,0.8499999999999999
Account,Understands Strategic Priorities Latest,AVERAGE(Account[UnderstandsStrategicPriorities]),,good,No,,No,,No,,Low,"Low complexity due to simple structure and clear purpose. Details: Simple aggregation function (SUM, COUNT, AVERAGE, etc.)",simple_aggregation,Formula follows Rule 4 complexity best practices,No,,Understands Strategic Priorities Latest -> Account + AVERAGE(Account[UnderstandsStrategicPriorities]),The name 'Understands Strategic Priorities Latest' is self-explanatory as it indicates it calculates the latest value for understanding strategic priorities.,The name reflects the calculation as the context shows it calculates the average of the 'UnderstandsStrategicPriorities' field.,There are no problematic abbreviations in the name.,0.2,0.2,0.2,0.2,0.0,0.3,0.3,0.3,0.2,0.2,0.4,0.4,0.4,0.4,1.6999999999999997,2.0,0.8499999999999999
Account,Identify Right Solutions Based on Needs Latest,AVERAGE(Account[IdentifyRightSolutionsBasedonNeeds]),,good,No,,No,,No,,Low,"Low complexity due to simple structure and clear purpose. Details: Simple aggregation function (SUM, COUNT, AVERAGE, etc.)",simple_aggregation,Formula follows Rule 4 complexity best practices,No,,Identify Right Solutions Based on Needs Latest -> Account + AVERAGE(Account[IdentifyRightSolutionsBasedonNeeds]),The name 'Identify Right Solutions Based on Needs Latest' is self-explanatory as it indicates it calculates the latest value for identifying the right solutions based on needs.,The name reflects the calculation as the context shows it calculates the average of the 'IdentifyRightSolutionsBasedonNeeds' field.,There are no problematic abbreviations in the name.,0.2,0.2,0.2,0.2,0.0,0.3,0.3,0.3,0.2,0.2,0.4,0.4,0.4,0.4,1.6999999999999997,2.0,0.8499999999999999
Account,Delta ATQ,"IF(AVERAGE(Account[ATQ])=0,"""",AVERAGE(Account[delta_ATQ]))",,good,No,,No,,No,,Low,"Low complexity due to simple structure and clear purpose. Details: Simple aggregation function (SUM, COUNT, AVERAGE, etc.)",simple_aggregation,Formula follows Rule 4 complexity best practices,No,,"Delta ATQ -> Account + IF(AVERAGE(Account[ATQ])=0,"""",AVERAGE(Account[delta_ATQ]))",The name 'Delta ATQ' is self-explanatory as it indicates it calculates the change (delta) in ATQ values.,The name reflects the calculation as the context shows it calculates the average of the delta_ATQ field.,The abbreviation 'ATQ' is a standard Microsoft business term and is acceptable.,0.2,0.2,0.2,0.2,0.0,0.3,0.3,0.3,0.2,0.2,0.4,0.4,0.4,0.4,1.6999999999999997,2.0,0.8499999999999999
Account,Delta Understands Strategic Priorities,"IF(AVERAGE(Account[UnderstandsStrategicPriorities])=0,"""",AVERAGE(Account[delta_UnderstandsStrategicPriorities]))",,warning,No,,No,,No,,Medium,Medium complexity due to moderate business logic or formatting. Details: Calculated measure with intermediate business logic; Moderate length expression (112 characters); Single-line format reduces readability,calculated_measure,Rule 4: Consider simplifying business logic or adding better documentation,No,,"Delta Understands Strategic Priorities -> Account + IF(AVERAGE(Account[UnderstandsStrategicPriorities])=0,"""",AVERAGE(Account[delta_UnderstandsStrategicPriorities]))",The name 'Delta Understands Strategic Priorities' is self-explanatory as it indicates it calculates the change (delta) in understanding strategic priorities.,The name reflects the calculation as the context shows it calculates the average of the delta_UnderstandsStrategicPriorities field.,There are no problematic abbreviations in the name.,0.2,0.2,0.2,0.2,0.0,0.3,0.15,0.3,0.2,0.2,0.4,0.4,0.4,0.4,1.5499999999999998,2.0,0.7749999999999999
Account,Delta Identify Right Solutions Based on Needs,"IF(AVERAGE(Account[IdentifyRightSolutionsBasedonNeeds])=0,"""",AVERAGE(Account[delta_IdentifyRightSolutionsBasedonNeeds]))",,warning,No,,No,,No,,Medium,Medium complexity due to moderate business logic or formatting. Details: Calculated measure with intermediate business logic; Moderate length expression (120 characters); Single-line format reduces readability,calculated_measure,Rule 4: Consider simplifying business logic or adding better documentation,No,,"Delta Identify Right Solutions Based on Needs -> Account + IF(AVERAGE(Account[IdentifyRightSolutionsBasedonNeeds])=0,"""",AVERAGE(Account[delta_IdentifyRightSolutionsBasedonNeeds]))",The name 'Delta Identify Right Solutions Based on Needs' is self-explanatory as it indicates it calculates the change (delta) in identifying the right solutions based on needs.,The name reflects the calculation as the context shows it calculates the average of the delta_IdentifyRightSolutionsBasedonNeeds field.,There are no problematic abbreviations in the name.,0.2,0.2,0.2,0.2,0.0,0.3,0.15,0.3,0.2,0.2,0.4,0.4,0.4,0.4,1.5499999999999998,2.0,0.7749999999999999
Account,% of Accounts with Exec Sponsor,"var num= CALCULATE(SUMX(VALUES('Account Plan Priority'[AccountPlanPriorityID]),1),
    KEEPFILTERS(Account[executivesponsorid] <> blank())
)
var den= SUMX( VALUES( 'Account Plan Priority'[AccountPlanPriorityID] ), 1 ) 


return DIVIDE(num,den)",,warning,No,,No,,No,,Medium,Medium complexity due to moderate business logic or formatting. Details: Ratio or percentage calculation with clear business logic; Moderate length expression (243 characters); High function nesting (8 nested functions); Well-formatted with line breaks,ratio_percentage,Formula follows Rule 4 complexity best practices,No,,"% of Accounts with Exec Sponsor -> Account + var num= CALCULATE(SUMX(VALUES('Account Plan Priority'[AccountPlanPriorityID]),1),
    KEEPFILTERS(Account[executivesponsorid] <> blank())
)
var den= SUMX( VALUES( 'Account Plan Priority'[AccountPlanPriorityID] ), 1 ) 


return DIVIDE(num,den)",The name '% of Accounts with Exec Sponsor' is self-explanatory as it indicates it calculates the percentage of accounts with an executive sponsor.,The name reflects the calculation as the context shows it divides the number of accounts with an executive sponsor by the total number of accounts.,The abbreviation 'Exec' for 'Executive' is widely understood and acceptable.,0.2,0.2,0.2,0.2,0.0,0.3,0.15,0.3,0.2,0.2,0.4,0.4,0.4,0.4,1.5499999999999998,2.0,0.7749999999999999
Account,Helps Maximize Solutions Latest,AVERAGE(Account[HelpsMaximizeSolutions]),,good,No,,No,,No,,Low,"Low complexity due to simple structure and clear purpose. Details: Simple aggregation function (SUM, COUNT, AVERAGE, etc.)",simple_aggregation,Formula follows Rule 4 complexity best practices,No,,Helps Maximize Solutions Latest -> Account + AVERAGE(Account[HelpsMaximizeSolutions]),The name 'Helps Maximize Solutions Latest' is self-explanatory as it indicates it calculates the latest value for helping maximize solutions.,The name reflects the calculation as the context shows it calculates the average of the 'HelpsMaximizeSolutions' field.,There are no problematic abbreviations in the name.,0.2,0.2,0.2,0.2,0.0,0.3,0.3,0.3,0.2,0.2,0.4,0.4,0.4,0.4,1.6999999999999997,2.0,0.8499999999999999
Account,Delta Helps Maximize Solutions Value,"IF(AVERAGE(Account[HelpsMaximizeSolutions])=0,"""",AVERAGE(Account[delta_HelpsMaximizeSolutions]))",,good,No,,No,,No,,Low,"Low complexity due to simple structure and clear purpose. Details: Simple aggregation function (SUM, COUNT, AVERAGE, etc.)",simple_aggregation,Formula follows Rule 4 complexity best practices,No,,"Delta Helps Maximize Solutions Value -> Account + IF(AVERAGE(Account[HelpsMaximizeSolutions])=0,"""",AVERAGE(Account[delta_HelpsMaximizeSolutions]))",The name 'Delta Helps Maximize Solutions Value' is self-explanatory as it indicates it calculates the change (delta) in helping maximize solutions.,The name reflects the calculation as the context shows it calculates the average of the delta_HelpsMaximizeSolutions field.,There are no problematic abbreviations in the name.,0.2,0.2,0.2,0.2,0.0,0.3,0.3,0.3,0.2,0.2,0.4,0.4,0.4,0.4,1.6999999999999997,2.0,0.8499999999999999
Account,Delta Joint Planning Addresses Needs,"IF(AVERAGE(Account[JointPlanningAddressesNeeds])=0,"""",AVERAGE(Account[delta_JointPlanningAddressesNeeds]))",,warning,No,,No,,No,,Medium,Medium complexity due to moderate business logic or formatting. Details: Calculated measure with intermediate business logic; Moderate length expression (106 characters); Single-line format reduces readability,calculated_measure,Rule 4: Consider simplifying business logic or adding better documentation,No,,"Delta Joint Planning Addresses Needs -> Account + IF(AVERAGE(Account[JointPlanningAddressesNeeds])=0,"""",AVERAGE(Account[delta_JointPlanningAddressesNeeds]))",The name 'Delta Joint Planning Addresses Needs' is self-explanatory as it indicates it calculates the change (delta) in joint planning addressing needs.,The name reflects the calculation as the context shows it calculates the average of the delta_JointPlanningAddressesNeeds field.,There are no problematic abbreviations in the name.,0.2,0.2,0.2,0.2,0.0,0.3,0.15,0.3,0.2,0.2,0.4,0.4,0.4,0.4,1.5499999999999998,2.0,0.7749999999999999
Account,Joint Planning Addresses Needs,AVERAGE(Account[JointPlanningAddressesNeeds]),,good,No,,No,,No,,Low,"Low complexity due to simple structure and clear purpose. Details: Simple aggregation function (SUM, COUNT, AVERAGE, etc.)",simple_aggregation,Formula follows Rule 4 complexity best practices,No,,Joint Planning Addresses Needs -> Account + AVERAGE(Account[JointPlanningAddressesNeeds]),The name 'Joint Planning Addresses Needs' is self-explanatory as it indicates it calculates the latest value for joint planning addressing needs.,The name reflects the calculation as the context shows it calculates the average of the 'JointPlanningAddressesNeeds' field.,There are no problematic abbreviations in the name.,0.2,0.2,0.2,0.2,0.0,0.3,0.3,0.3,0.2,0.2,0.4,0.4,0.4,0.4,1.6999999999999997,2.0,0.8499999999999999
Account,Delta Continuous Relationship Building,"IF(AVERAGE(Account[ContinuousRelationshipBuilding])=0,"""",AVERAGE(Account[delta_ContinuousRelationshipBuilding]))",,warning,No,,No,,No,,Medium,Medium complexity due to moderate business logic or formatting. Details: Calculated measure with intermediate business logic; Moderate length expression (112 characters); Single-line format reduces readability,calculated_measure,Rule 4: Consider simplifying business logic or adding better documentation,No,,"Delta Continuous Relationship Building -> Account + IF(AVERAGE(Account[ContinuousRelationshipBuilding])=0,"""",AVERAGE(Account[delta_ContinuousRelationshipBuilding]))",The name 'Delta Continuous Relationship Building' is self-explanatory as it indicates it calculates the change (delta) in continuous relationship building.,The name reflects the calculation as the context shows it calculates the average of the delta_ContinuousRelationshipBuilding field.,There are no problematic abbreviations in the name.,0.2,0.2,0.2,0.2,0.0,0.3,0.15,0.3,0.2,0.2,0.4,0.4,0.4,0.4,1.5499999999999998,2.0,0.7749999999999999
Account,Continuous Relationship Building,AVERAGE(Account[ContinuousRelationshipBuilding]),,good,No,,No,,No,,Low,"Low complexity due to simple structure and clear purpose. Details: Simple aggregation function (SUM, COUNT, AVERAGE, etc.)",simple_aggregation,Formula follows Rule 4 complexity best practices,No,,Continuous Relationship Building -> Account + AVERAGE(Account[ContinuousRelationshipBuilding]),The name 'Continuous Relationship Building' is self-explanatory as it indicates it calculates the latest value for continuous relationship building.,The name reflects the calculation as the context shows it calculates the average of the 'ContinuousRelationshipBuilding' field.,There are no problematic abbreviations in the name.,0.2,0.2,0.2,0.2,0.0,0.3,0.3,0.3,0.2,0.2,0.4,0.4,0.4,0.4,1.6999999999999997,2.0,0.8499999999999999
Account,% of Accounts with sep,"var den=[TPID Count]
var num=CALCULATE([TPID Count],keepfilters(Account[issep]=""yes""))

RETURN DIVIDE(num,den)",,critical,No,,No,,Yes,tpid count,Low,Low complexity due to simple structure and clear purpose. Details: Ratio or percentage calculation with clear business logic; Moderate length expression (110 characters); Well-formatted with line breaks,ratio_percentage,Formula follows Rule 4 complexity best practices,No,,"% of Accounts with sep -> Account + var den=[TPID Count]
var num=CALCULATE([TPID Count],keepfilters(Account[issep]=""yes""))

RETURN DIVIDE(num,den) | REFERENCES: TPID Count -> Account + COUNT( Account[TPID] )",The measure name '% of Accounts with sep' is not self-explanatory because 'sep' is unclear and does not provide enough context to understand its purpose.,The name '% of Accounts with sep' does not reflect the calculation as 'sep' is ambiguous and does not clearly indicate that it calculates the percentage of accounts with 'issep' set to 'yes'.,"The abbreviation 'sep' is unclear and not a standard or widely understood abbreviation, making the name cryptic.",0.2,0.2,0.2,0.2,0.0,0.3,0.3,0.3,0.0,0.2,0.0,0.4,0.0,0.4,0.7,2.0,0.35
Account,% of Accounts with ACSP,"var den=[TPID Count]
var num=CALCULATE([TPID Count],keepfilters(Account[isacsp]=""yes""))

RETURN DIVIDE(num,den)",,critical,No,,No,,Yes,tpid count,Low,Low complexity due to simple structure and clear purpose. Details: Ratio or percentage calculation with clear business logic; Moderate length expression (111 characters); Well-formatted with line breaks,ratio_percentage,Formula follows Rule 4 complexity best practices,No,,"% of Accounts with ACSP -> Account + var den=[TPID Count]
var num=CALCULATE([TPID Count],keepfilters(Account[isacsp]=""yes""))

RETURN DIVIDE(num,den) | REFERENCES: TPID Count -> Account + COUNT( Account[TPID] )",The measure name '% of Accounts with ACSP' is not self-explanatory because 'ACSP' is unclear and does not provide enough context to understand its purpose.,The name '% of Accounts with ACSP' does not reflect the calculation as 'ACSP' is ambiguous and does not clearly indicate that it calculates the percentage of accounts with 'isacsp' set to 'yes'.,"The abbreviation 'ACSP' is unclear and not a standard or widely understood abbreviation, making the name cryptic.",0.2,0.2,0.2,0.2,0.0,0.3,0.3,0.3,0.0,0.2,0.0,0.4,0.0,0.4,0.7,2.0,0.35
Account,% of Accounts with APT,"var den=[TPID Count]
var num=CALCULATE([TPID Count],keepfilters(Account[isapt]=""yes""))

RETURN DIVIDE(num,den)",,critical,No,,No,,Yes,tpid count,Low,Low complexity due to simple structure and clear purpose. Details: Ratio or percentage calculation with clear business logic; Moderate length expression (110 characters); Well-formatted with line breaks,ratio_percentage,Formula follows Rule 4 complexity best practices,No,,"% of Accounts with APT -> Account + var den=[TPID Count]
var num=CALCULATE([TPID Count],keepfilters(Account[isapt]=""yes""))

RETURN DIVIDE(num,den) | REFERENCES: TPID Count -> Account + COUNT( Account[TPID] )",The measure name '% of Accounts with APT' is not self-explanatory because 'APT' is unclear and does not provide enough context to understand its purpose.,The name '% of Accounts with APT' does not reflect the calculation as 'APT' is ambiguous and does not clearly indicate that it calculates the percentage of accounts with 'isapt' set to 'yes'.,"The abbreviation 'APT' is unclear and not a standard or widely understood abbreviation, making the name cryptic.",0.2,0.2,0.2,0.2,0.0,0.3,0.3,0.3,0.0,0.2,0.0,0.4,0.0,0.4,0.7,2.0,0.35
Account,% of Accounts with CSAA,"var den=[TPID Count]
var num=CALCULATE([TPID Count],keepfilters(Account[iscsaa]=""yes""))

RETURN DIVIDE(num,den)",,critical,No,,No,,Yes,tpid count,Low,Low complexity due to simple structure and clear purpose. Details: Ratio or percentage calculation with clear business logic; Moderate length expression (111 characters); Well-formatted with line breaks,ratio_percentage,Formula follows Rule 4 complexity best practices,No,,"% of Accounts with CSAA -> Account + var den=[TPID Count]
var num=CALCULATE([TPID Count],keepfilters(Account[iscsaa]=""yes""))

RETURN DIVIDE(num,den) | REFERENCES: TPID Count -> Account + COUNT( Account[TPID] )",The measure name '% of Accounts with CSAA' is not self-explanatory because 'CSAA' is unclear and does not provide enough context to understand its purpose.,The name '% of Accounts with CSAA' does not reflect the calculation as 'CSAA' is ambiguous and does not clearly indicate that it calculates the percentage of accounts with 'iscsaa' set to 'yes'.,"The abbreviation 'CSAA' is unclear and not a standard or widely understood abbreviation, making the name cryptic.",0.2,0.2,0.2,0.2,0.0,0.3,0.3,0.3,0.0,0.2,0.0,0.4,0.0,0.4,0.7,2.0,0.35
Calendar,Last Refresh Icon,"""🕘""",,issue,No,,No,,No,,High,"High complexity due to complex logic, poor structure, or unclear purpose. Details: Undocumented or unclear calculation pattern",undocumented,Rule 4: CRITICAL - High complexity measure needs restructuring and simplification; Rule 4: CRITICAL - Add clear business documentation and consider simplifying unclear calculation pattern,No,,"Last Refresh Icon -> Calendar + ""🕘""",The measure name 'Last Refresh Icon' is self-explanatory as it clearly indicates it represents an icon related to the last refresh.,"The name 'Last Refresh Icon' reflects the calculation as the context shows it returns a clock emoji, which aligns with the name.",There are no problematic abbreviations in the name 'Last Refresh Icon'.,0.2,0.2,0.2,0.2,0.0,0.3,0.0,0.3,0.2,0.2,0.4,0.4,0.4,0.4,1.4,2.0,0.7
Calendar,Information Icon,"""i""",,issue,No,,No,,No,,High,"High complexity due to complex logic, poor structure, or unclear purpose. Details: Undocumented or unclear calculation pattern",undocumented,Rule 4: CRITICAL - High complexity measure needs restructuring and simplification; Rule 4: CRITICAL - Add clear business documentation and consider simplifying unclear calculation pattern,No,,"Information Icon -> Calendar + ""i""",The measure name 'Information Icon' is self-explanatory as it clearly indicates it represents an icon for information.,"The name 'Information Icon' reflects the calculation as the context shows it returns the letter 'i', which aligns with the name.",There are no problematic abbreviations in the name 'Information Icon'.,0.2,0.2,0.2,0.2,0.0,0.3,0.0,0.3,0.2,0.2,0.4,0.4,0.4,0.4,1.4,2.0,0.7
Calendar,Filters Applied Icon,"""🗸""",,issue,No,,No,,No,,High,"High complexity due to complex logic, poor structure, or unclear purpose. Details: Undocumented or unclear calculation pattern",undocumented,Rule 4: CRITICAL - High complexity measure needs restructuring and simplification; Rule 4: CRITICAL - Add clear business documentation and consider simplifying unclear calculation pattern,No,,"Filters Applied Icon -> Calendar + ""🗸""",The measure name 'Filters Applied Icon' is self-explanatory as it clearly indicates it represents an icon for applied filters.,"The name 'Filters Applied Icon' reflects the calculation as the context shows it returns a filter emoji, which aligns with the name.",There are no problematic abbreviations in the name 'Filters Applied Icon'.,0.2,0.2,0.2,0.2,0.0,0.3,0.0,0.3,0.2,0.2,0.4,0.4,0.4,0.4,1.4,2.0,0.7
Account Planning,# of Priorities w/ Pipeline,"CALCULATE([# of Priorities] 
,KEEPFILTERS('Account Planning'[Attached To Opportunity] = ""Yes"")
,KEEPFILTERS('Opportunity'[ParentingLevel Oppties]=""TopParentOppties""))",,good,No,,No,,Yes,# of priorities,Medium,Medium complexity due to moderate business logic or formatting. Details: Calculated measure with intermediate business logic; Moderate length expression (166 characters); Well-formatted with line breaks,calculated_measure,Formula follows Rule 4 complexity best practices,Yes,,"# of Priorities w/ Pipeline -> Account Planning + CALCULATE([# of Priorities] 
,KEEPFILTERS('Account Planning'[Attached To Opportunity] = ""Yes"")
,KEEPFILTERS('Opportunity'[ParentingLevel Oppties]=""TopParentOppties"")) | REFERENCES: # of Priorities -> Account Planning + SUMX( VALUES( 'Account Planning'[AccountPlanPriorityID] ), 1 )
 ",The measure name '# of Priorities w/ Pipeline' is self-explanatory as it indicates it calculates the number of priorities associated with a pipeline.,The name '# of Priorities w/ Pipeline' reflects the calculation as the context shows it counts priorities attached to opportunities with specific filters.,There are no problematic abbreviations in the name '# of Priorities w/ Pipeline'.,0.2,0.2,0.2,0.2,0.3,0.3,0.18,0.3,0.2,0.2,0.4,0.4,0.4,0.4,1.88,2.0,0.94
Account Planning,% of Priorities w/ Pipeline,"CALCULATE(DIVIDE([# of Priorities w/ Pipeline],[# of Priorities]),KEEPFILTERS(Opportunity[ParentingLevel Oppties]=""TopParentOppties""))",,good,No,,No,,Yes,"# of priorities, # of priorities w/ pipeline",Low,Low complexity due to simple structure and clear purpose. Details: Ratio or percentage calculation with clear business logic; Moderate length expression (134 characters); Single-line format reduces readability,ratio_percentage,"Rule 4: Format CALCULATE function: CALCULATE(\n    expression,\n    filter1,\n    filter2\n)",No,,"% of Priorities w/ Pipeline -> Account Planning + CALCULATE(DIVIDE([# of Priorities w/ Pipeline],[# of Priorities]),KEEPFILTERS(Opportunity[ParentingLevel Oppties]=""TopParentOppties"")) | REFERENCES: # of Priorities -> Account Planning + SUMX( VALUES( 'Account Planning'[AccountPlanPriorityID] ), 1 )
 , # of Priorities w/ Pipeline -> Account Planning + CALCULATE([# of Priorities] 
,KEEPFILTERS('Account Planning'[Attached To Opportunity] = ""Yes"")
,KEEPFILTERS('Opportunity'[ParentingLevel Oppties]=""TopParentOppties""))",The measure name '% of Priorities w/ Pipeline' is self-explanatory as it indicates it calculates the percentage of priorities associated with a pipeline.,The name '% of Priorities w/ Pipeline' reflects the calculation as the context shows it divides the number of priorities with a pipeline by the total number of priorities.,There are no problematic abbreviations in the name '% of Priorities w/ Pipeline'.,0.2,0.2,0.2,0.2,0.0,0.3,0.3,0.3,0.2,0.2,0.4,0.4,0.4,0.4,1.6999999999999997,2.0,0.8499999999999999
Account Planning,# of Account Plans,"CALCULATE (SUMX (VALUES ( 'Account'[AccountPlanID] ),1),Account[Account Plan Attached] = ""Yes"")",,good,No,,No,,No,,High,"High complexity due to complex logic, poor structure, or unclear purpose. Details: Undocumented or unclear calculation pattern",undocumented,Rule 4: CRITICAL - High complexity measure needs restructuring and simplification; Rule 4: CRITICAL - Add clear business documentation and consider simplifying unclear calculation pattern,Yes,,"# of Account Plans -> Account Planning + CALCULATE (SUMX (VALUES ( 'Account'[AccountPlanID] ),1),Account[Account Plan Attached] = ""Yes"")",The measure name '# of Account Plans' is self-explanatory as it indicates it calculates the number of account plans.,The name '# of Account Plans' reflects the calculation as the context shows it counts account plans attached to accounts.,There are no problematic abbreviations in the name '# of Account Plans'.,0.2,0.2,0.2,0.2,0.3,0.3,0.0,0.3,0.2,0.2,0.4,0.4,0.4,0.4,1.6999999999999997,2.0,0.8499999999999999
Account Planning,# of Priorities,"SUMX( VALUES( 'Account Planning'[AccountPlanPriorityID] ), 1 )
 ",,good,No,,No,,No,,High,"High complexity due to complex logic, poor structure, or unclear purpose. Details: Undocumented or unclear calculation pattern",undocumented,Rule 4: CRITICAL - High complexity measure needs restructuring and simplification; Rule 4: CRITICAL - Add clear business documentation and consider simplifying unclear calculation pattern,Yes,,"# of Priorities -> Account Planning + SUMX( VALUES( 'Account Planning'[AccountPlanPriorityID] ), 1 )
 ",The measure name '# of Priorities' is self-explanatory as it indicates it calculates the number of priorities.,The name '# of Priorities' reflects the calculation as the context shows it counts priorities based on their IDs.,There are no problematic abbreviations in the name '# of Priorities'.,0.2,0.2,0.2,0.2,0.3,0.3,0.0,0.3,0.2,0.2,0.4,0.4,0.4,0.4,1.6999999999999997,2.0,0.8499999999999999
Account Planning,% Accounts w/ Active Plan,"VAR Numerator =
    CALCULATE (
        [# of Account Plans],
        KEEPFILTERS ( 'Account'[Plan Status] = ""Active Plan"" )
    )
RETURN
    DIVIDE( Numerator, [# of Account Plans] )",,good,No,,No,,Yes,# of account plans,Low,Low complexity due to simple structure and clear purpose. Details: Ratio or percentage calculation with clear business logic; Moderate length expression (183 characters); Well-formatted with line breaks,ratio_percentage,Formula follows Rule 4 complexity best practices,No,,"% Accounts w/ Active Plan -> Account Planning + VAR Numerator =
    CALCULATE (
        [# of Account Plans],
        KEEPFILTERS ( 'Account'[Plan Status] = ""Active Plan"" )
    )
RETURN
    DIVIDE( Numerator, [# of Account Plans] ) | REFERENCES: # of Account Plans -> Account Planning + CALCULATE (SUMX (VALUES ( 'Account'[AccountPlanID] ),1),Account[Account Plan Attached] = ""Yes"")",The measure name '% Accounts w/ Active Plan' is self-explanatory as it indicates it calculates the percentage of accounts with an active plan.,The name '% Accounts w/ Active Plan' reflects the calculation as the context shows it divides the number of accounts with an active plan by the total number of account plans.,There are no problematic abbreviations in the name '% Accounts w/ Active Plan'.,0.2,0.2,0.2,0.2,0.0,0.3,0.3,0.3,0.2,0.2,0.4,0.4,0.4,0.4,1.6999999999999997,2.0,0.8499999999999999
Account Planning,% Accounts w/ No Plan,"VAR Numerator =
    CALCULATE (
        [# of Account Plans],
        KEEPFILTERS ( 'Account'[Plan Status] = ""No Plan"" )
    )
RETURN
    DIVIDE ( Numerator, [# of Account Plans] )",,issue,No,,No,,Yes,# of account plans,High,"High complexity due to complex logic, poor structure, or unclear purpose. Details: Undocumented or unclear calculation pattern; Moderate length expression (180 characters); Well-formatted with line breaks",undocumented,Rule 4: CRITICAL - High complexity measure needs restructuring and simplification; Rule 4: CRITICAL - Add clear business documentation and consider simplifying unclear calculation pattern,No,,"% Accounts w/ No Plan -> Account Planning + VAR Numerator =
    CALCULATE (
        [# of Account Plans],
        KEEPFILTERS ( 'Account'[Plan Status] = ""No Plan"" )
    )
RETURN
    DIVIDE ( Numerator, [# of Account Plans] ) | REFERENCES: # of Account Plans -> Account Planning + CALCULATE (SUMX (VALUES ( 'Account'[AccountPlanID] ),1),Account[Account Plan Attached] = ""Yes"")",The measure name '% Accounts w/ No Plan' is self-explanatory as it indicates it calculates the percentage of accounts with no plan.,The name '% Accounts w/ No Plan' reflects the calculation as the context shows it divides the number of accounts with no plan by the total number of account plans.,There are no problematic abbreviations in the name '% Accounts w/ No Plan'.,0.2,0.2,0.2,0.2,0.0,0.3,0.0,0.3,0.2,0.2,0.4,0.4,0.4,0.4,1.4,2.0,0.7
Account Planning,% Accounts w/ Inactive Plan,"VAR Numerator =
    CALCULATE (
        [# of Account Plans],
        KEEPFILTERS ( 'Account'[Plan Status]  = ""Inactive Plan"" )
    )
RETURN
    DIVIDE ( Numerator, [# of Account Plans],"""" )",,issue,No,,No,,Yes,# of account plans,High,"High complexity due to complex logic, poor structure, or unclear purpose. Details: Undocumented or unclear calculation pattern; Moderate length expression (190 characters); Well-formatted with line breaks",undocumented,Rule 4: CRITICAL - High complexity measure needs restructuring and simplification; Rule 4: CRITICAL - Add clear business documentation and consider simplifying unclear calculation pattern,No,,"% Accounts w/ Inactive Plan -> Account Planning + VAR Numerator =
    CALCULATE (
        [# of Account Plans],
        KEEPFILTERS ( 'Account'[Plan Status]  = ""Inactive Plan"" )
    )
RETURN
    DIVIDE ( Numerator, [# of Account Plans],"""" ) | REFERENCES: # of Account Plans -> Account Planning + CALCULATE (SUMX (VALUES ( 'Account'[AccountPlanID] ),1),Account[Account Plan Attached] = ""Yes"")",The measure name '% Accounts w/ Inactive Plan' is self-explanatory as it indicates it calculates the percentage of accounts with an inactive plan.,The name '% Accounts w/ Inactive Plan' reflects the calculation as the context shows it divides the number of accounts with an inactive plan by the total number of account plans.,There are no problematic abbreviations in the name '% Accounts w/ Inactive Plan'.,0.2,0.2,0.2,0.2,0.0,0.3,0.0,0.3,0.2,0.2,0.4,0.4,0.4,0.4,1.4,2.0,0.7
Account Planning,% Accounts w/ Plan Close to Inactive,"VAR Numerator =
    CALCULATE (
        [# of Account Plans],
        KEEPFILTERS ( 'Account'[Plan Status] = ""Plan Close to Inactive"" )
    )
RETURN
    DIVIDE ( Numerator, [# of Account Plans],"""" )",,issue,No,,No,,Yes,# of account plans,High,"High complexity due to complex logic, poor structure, or unclear purpose. Details: Undocumented or unclear calculation pattern; Moderate length expression (198 characters); Well-formatted with line breaks",undocumented,Rule 4: CRITICAL - High complexity measure needs restructuring and simplification; Rule 4: CRITICAL - Add clear business documentation and consider simplifying unclear calculation pattern,No,,"% Accounts w/ Plan Close to Inactive -> Account Planning + VAR Numerator =
    CALCULATE (
        [# of Account Plans],
        KEEPFILTERS ( 'Account'[Plan Status] = ""Plan Close to Inactive"" )
    )
RETURN
    DIVIDE ( Numerator, [# of Account Plans],"""" ) | REFERENCES: # of Account Plans -> Account Planning + CALCULATE (SUMX (VALUES ( 'Account'[AccountPlanID] ),1),Account[Account Plan Attached] = ""Yes"")",The measure name '% Accounts w/ Plan Close to Inactive' is self-explanatory as it indicates it calculates the percentage of accounts with a plan close to being inactive.,The name '% Accounts w/ Plan Close to Inactive' reflects the calculation as the context shows it divides the number of accounts with a plan close to inactive by the total number of account plans.,There are no problematic abbreviations in the name '% Accounts w/ Plan Close to Inactive'.,0.2,0.2,0.2,0.2,0.0,0.3,0.0,0.3,0.2,0.2,0.4,0.4,0.4,0.4,1.4,2.0,0.7
Account Planning,# Plans with Opportunities,"CALCULATE (
    [# of Account Plans],
    FILTER (
        VALUES ( 'Account'[AccountPlanID] ),
        [# of Priorities w/ Pipeline] > 0
    )
)",,good,No,,No,,Yes,"# of account plans, # of priorities w/ pipeline",High,"High complexity due to complex logic, poor structure, or unclear purpose. Details: Undocumented or unclear calculation pattern; Moderate length expression (145 characters); Well-formatted with line breaks",undocumented,Rule 4: CRITICAL - High complexity measure needs restructuring and simplification; Rule 4: Replace division operator (/) with DIVIDE() function for error handling; Rule 4: CRITICAL - Add clear business documentation and consider simplifying unclear calculation pattern,Yes,,"# Plans with Opportunities -> Account Planning + CALCULATE (
    [# of Account Plans],
    FILTER (
        VALUES ( 'Account'[AccountPlanID] ),
        [# of Priorities w/ Pipeline] > 0
    )
) | REFERENCES: # of Account Plans -> Account Planning + CALCULATE (SUMX (VALUES ( 'Account'[AccountPlanID] ),1),Account[Account Plan Attached] = ""Yes""), # of Priorities w/ Pipeline -> Account Planning + CALCULATE([# of Priorities] 
,KEEPFILTERS('Account Planning'[Attached To Opportunity] = ""Yes"")
,KEEPFILTERS('Opportunity'[ParentingLevel Oppties]=""TopParentOppties""))",The name '# Plans with Opportunities' is self-explanatory as it clearly indicates it counts plans associated with opportunities.,"The name reflects the calculation, as the context shows it filters account plans with priorities linked to a pipeline, which aligns with the name.",There are no problematic abbreviations in the name. The use of '#' for 'number of' is standard and widely understood.,0.2,0.2,0.2,0.2,0.3,0.3,0.0,0.3,0.2,0.2,0.4,0.4,0.4,0.4,1.6999999999999997,2.0,0.8499999999999999
Account Planning,% Accounts w/ Plan w/ Oppty,"DIVIDE ( [# Plans with Opportunities], [# of Account Plans],"""" )",,issue,No,,No,,Yes,"# of account plans, # plans with opportunities",High,"High complexity due to complex logic, poor structure, or unclear purpose. Details: Undocumented or unclear calculation pattern",undocumented,Rule 4: CRITICAL - High complexity measure needs restructuring and simplification; Rule 4: CRITICAL - Add clear business documentation and consider simplifying unclear calculation pattern,No,,"% Accounts w/ Plan w/ Oppty -> Account Planning + DIVIDE ( [# Plans with Opportunities], [# of Account Plans],"""" ) | REFERENCES: # of Account Plans -> Account Planning + CALCULATE (SUMX (VALUES ( 'Account'[AccountPlanID] ),1),Account[Account Plan Attached] = ""Yes""), # Plans with Opportunities -> Account Planning + CALCULATE (
    [# of Account Plans],
    FILTER (
        VALUES ( 'Account'[AccountPlanID] ),
        [# of Priorities w/ Pipeline] > 0
    )
)",The name '% Accounts w/ Plan w/ Oppty' is self-explanatory as it indicates it calculates the percentage of accounts with plans linked to opportunities.,"The name reflects the calculation, as the context shows it divides the number of plans with opportunities by the total number of account plans.",There are no problematic abbreviations. 'w/' for 'with' and 'Oppty' for 'Opportunity' are clear and commonly understood.,0.2,0.2,0.2,0.2,0.0,0.3,0.0,0.3,0.2,0.2,0.4,0.4,0.4,0.4,1.4,2.0,0.7
Account Planning,% Accounts w/ Strategic or Full Plan,"
    DIVIDE ( [# Accounts w/ Strategic or Full Plan], [# of Account Plans],"""")",,issue,No,,No,,Yes,"# accounts w/ strategic or full plan, # of account plans",High,"High complexity due to complex logic, poor structure, or unclear purpose. Details: Undocumented or unclear calculation pattern",undocumented,Rule 4: CRITICAL - High complexity measure needs restructuring and simplification; Rule 4: Replace division operator (/) with DIVIDE() function for error handling; Rule 4: CRITICAL - Add clear business documentation and consider simplifying unclear calculation pattern,No,,"% Accounts w/ Strategic or Full Plan -> Account Planning + 
    DIVIDE ( [# Accounts w/ Strategic or Full Plan], [# of Account Plans],"""") | REFERENCES: # Accounts w/ Strategic or Full Plan -> Account Planning + 
    CALCULATE (
        [# of Account Plans],
        KEEPFILTERS ( 'Account'[Plan Type] IN {""0-Strategic"",""1-Full""} )
    ), # of Account Plans -> Account Planning + CALCULATE (SUMX (VALUES ( 'Account'[AccountPlanID] ),1),Account[Account Plan Attached] = ""Yes"")",The name '% Accounts w/ Strategic or Full Plan' is self-explanatory as it indicates it calculates the percentage of accounts with either a strategic or full plan.,"The name reflects the calculation, as the context shows it divides the number of accounts with strategic or full plans by the total number of account plans.",There are no problematic abbreviations. 'w/' for 'with' is clear and commonly understood.,0.2,0.2,0.2,0.2,0.0,0.3,0.0,0.3,0.2,0.2,0.4,0.4,0.4,0.4,1.4,2.0,0.7
Account Planning,# Accounts w/ Strategic or Full Plan,"
    CALCULATE (
        [# of Account Plans],
        KEEPFILTERS ( 'Account'[Plan Type] IN {""0-Strategic"",""1-Full""} )
    )",,good,No,,No,,Yes,# of account plans,High,"High complexity due to complex logic, poor structure, or unclear purpose. Details: Undocumented or unclear calculation pattern; Moderate length expression (125 characters); Well-formatted with line breaks",undocumented,Rule 4: CRITICAL - High complexity measure needs restructuring and simplification; Rule 4: CRITICAL - Add clear business documentation and consider simplifying unclear calculation pattern,Yes,,"# Accounts w/ Strategic or Full Plan -> Account Planning + 
    CALCULATE (
        [# of Account Plans],
        KEEPFILTERS ( 'Account'[Plan Type] IN {""0-Strategic"",""1-Full""} )
    ) | REFERENCES: # of Account Plans -> Account Planning + CALCULATE (SUMX (VALUES ( 'Account'[AccountPlanID] ),1),Account[Account Plan Attached] = ""Yes"")",The name '# Accounts w/ Strategic or Full Plan' is self-explanatory as it indicates it counts accounts with either a strategic or full plan.,"The name reflects the calculation, as the context shows it filters account plans by plan type (strategic or full) and counts them.",There are no problematic abbreviations. The use of '#' for 'number of' and 'w/' for 'with' are standard and widely understood.,0.2,0.2,0.2,0.2,0.3,0.3,0.0,0.3,0.2,0.2,0.4,0.4,0.4,0.4,1.6999999999999997,2.0,0.8499999999999999
Account Planning,# Plans Manager Reviewed (last 6 months),"CALCULATE (
  [# of Account Plans],
  FILTER( 'Account','Account'[Manager Reviewed Date] >= (TODAY()-180)))",,good,No,,No,,Yes,# of account plans,Medium,Medium complexity due to moderate business logic or formatting. Details: Calculated measure with intermediate business logic; Moderate length expression (107 characters); Moderate function nesting (4 nested functions); Well-formatted with line breaks,calculated_measure,Formula follows Rule 4 complexity best practices,Yes,,"# Plans Manager Reviewed (last 6 months) -> Account Planning + CALCULATE (
  [# of Account Plans],
  FILTER( 'Account','Account'[Manager Reviewed Date] >= (TODAY()-180))) | REFERENCES: # of Account Plans -> Account Planning + CALCULATE (SUMX (VALUES ( 'Account'[AccountPlanID] ),1),Account[Account Plan Attached] = ""Yes"")",The name '# Plans Manager Reviewed (last 6 months)' is self-explanatory as it indicates it counts plans reviewed by managers in the last 6 months.,"The name reflects the calculation, as the context shows it filters account plans by manager review date within the last 6 months and counts them.",There are no problematic abbreviations. The use of '#' for 'number of' is standard and widely understood.,0.2,0.2,0.2,0.2,0.3,0.3,0.18,0.3,0.2,0.2,0.4,0.4,0.4,0.4,1.88,2.0,0.94
Account Planning,% Plans Manager Reviewed (last 6 months),"
    DIVIDE([# Plans Manager Reviewed (last 6 months)], [# of Account Plans],"""")",,good,No,,No,,Yes,"# of account plans, # plans manager reviewed (last 6 months)",Low,Low complexity due to simple structure and clear purpose. Details: Ratio or percentage calculation with clear business logic,ratio_percentage,Formula follows Rule 4 complexity best practices,No,,"% Plans Manager Reviewed (last 6 months) -> Account Planning + 
    DIVIDE([# Plans Manager Reviewed (last 6 months)], [# of Account Plans],"""") | REFERENCES: # of Account Plans -> Account Planning + CALCULATE (SUMX (VALUES ( 'Account'[AccountPlanID] ),1),Account[Account Plan Attached] = ""Yes""), # Plans Manager Reviewed (last 6 months) -> Account Planning + CALCULATE (
  [# of Account Plans],
  FILTER( 'Account','Account'[Manager Reviewed Date] >= (TODAY()-180)))",The name '% Plans Manager Reviewed (last 6 months)' is self-explanatory as it indicates it calculates the percentage of plans reviewed by managers in the last 6 months.,"The name reflects the calculation, as the context shows it divides the number of plans reviewed in the last 6 months by the total number of account plans.",There are no problematic abbreviations. The name is clear and uses no cryptic terms.,0.2,0.2,0.2,0.2,0.0,0.3,0.3,0.3,0.2,0.2,0.4,0.4,0.4,0.4,1.6999999999999997,2.0,0.8499999999999999
Account Planning,# Accounts w/ Stakeholder Map,"CALCULATE (
        [# of Account Plans],
        KEEPFILTERS ( 'Account'[Has Stakeholder] = ""Yes"" )
    )",,good,No,,No,,Yes,# of account plans,High,"High complexity due to complex logic, poor structure, or unclear purpose. Details: Undocumented or unclear calculation pattern; Moderate length expression (106 characters); Well-formatted with line breaks",undocumented,Rule 4: CRITICAL - High complexity measure needs restructuring and simplification; Rule 4: CRITICAL - Add clear business documentation and consider simplifying unclear calculation pattern,Yes,,"# Accounts w/ Stakeholder Map -> Account Planning + CALCULATE (
        [# of Account Plans],
        KEEPFILTERS ( 'Account'[Has Stakeholder] = ""Yes"" )
    ) | REFERENCES: # of Account Plans -> Account Planning + CALCULATE (SUMX (VALUES ( 'Account'[AccountPlanID] ),1),Account[Account Plan Attached] = ""Yes"")",The name '# Accounts w/ Stakeholder Map' is self-explanatory as it indicates it counts accounts with a stakeholder map.,"The name reflects the calculation, as the context shows it filters accounts with stakeholder maps and counts them.",There are no problematic abbreviations. The use of '#' for 'number of' and 'w/' for 'with' are standard and widely understood.,0.2,0.2,0.2,0.2,0.3,0.3,0.0,0.3,0.2,0.2,0.4,0.4,0.4,0.4,1.6999999999999997,2.0,0.8499999999999999
Account Planning,% Accounts w/ Stakeholder Map,"
    DIVIDE( [# Accounts w/ Stakeholder Map], [# of Account Plans],"""")",,good,No,,No,,Yes,"# accounts w/ stakeholder map, # of account plans",Low,Low complexity due to simple structure and clear purpose. Details: Ratio or percentage calculation with clear business logic,ratio_percentage,Formula follows Rule 4 complexity best practices,No,,"% Accounts w/ Stakeholder Map -> Account Planning + 
    DIVIDE( [# Accounts w/ Stakeholder Map], [# of Account Plans],"""") | REFERENCES: # Accounts w/ Stakeholder Map -> Account Planning + CALCULATE (
        [# of Account Plans],
        KEEPFILTERS ( 'Account'[Has Stakeholder] = ""Yes"" )
    ), # of Account Plans -> Account Planning + CALCULATE (SUMX (VALUES ( 'Account'[AccountPlanID] ),1),Account[Account Plan Attached] = ""Yes"")",The name '% Accounts w/ Stakeholder Map' is self-explanatory as it indicates it calculates the percentage of accounts with a stakeholder map.,"The name reflects the calculation, as the context shows it divides the number of accounts with stakeholder maps by the total number of account plans.",There are no problematic abbreviations. The use of 'w/' for 'with' is clear and commonly understood.,0.2,0.2,0.2,0.2,0.0,0.3,0.3,0.3,0.2,0.2,0.4,0.4,0.4,0.4,1.6999999999999997,2.0,0.8499999999999999
Account Planning,% of Priorities w/ future Date,"
VAR Numerator = CALCULATE( [# of Active Priorities],
    KEEPFILTERS( 'Account Plan Priority'[Time Frame Date] > today() )
)        
                                                            
RETURN DIVIDE(Numerator,[# of Active Priorities],"""") ",,good,No,,No,,Yes,# of active priorities,Low,Low complexity due to simple structure and clear purpose. Details: Ratio or percentage calculation with clear business logic; Moderate length expression (248 characters); Moderate function nesting (4 nested functions); Well-formatted with line breaks,ratio_percentage,Formula follows Rule 4 complexity best practices,No,,"% of Priorities w/ future Date -> Account Planning + 
VAR Numerator = CALCULATE( [# of Active Priorities],
    KEEPFILTERS( 'Account Plan Priority'[Time Frame Date] > today() )
)        
                                                            
RETURN DIVIDE(Numerator,[# of Active Priorities],"""")  | REFERENCES: # of Active Priorities -> Account Planning + CALCULATE([# of Priorities],KEEPFILTERS('Account Plan Priority'[Priority Status]=""Active""))",The name '% of Priorities w/ future Date' is self-explanatory as it indicates it calculates the percentage of priorities with a future date.,"The name reflects the calculation, as the context shows it divides the number of active priorities with a future date by the total number of active priorities.",There are no problematic abbreviations. The use of 'w/' for 'with' is clear and commonly understood.,0.2,0.2,0.2,0.2,0.0,0.3,0.3,0.3,0.2,0.2,0.4,0.4,0.4,0.4,1.6999999999999997,2.0,0.8499999999999999
Account Planning,Linked to Objectives,"var Num=CALCULATE([# of Priorities],'Account Planning'[CustomerObjectiveId] <> """",
    'Account'[Plan Type] IN {""0-Strategic"",""1-Full""},
    KEEPFILTERS('Account Plan Priority'[Priority Status] = ""Active"")
)
 Var Den=   CALCULATE([# of Priorities],'Account'[Plan Type] IN {""0-Strategic"",""1-Full""},
        KEEPFILTERS('Account Plan Priority'[Priority Status] = ""Active"")    )
 
RETURN DIVIDE(Num,Den)",,warning,No,,No,,Yes,# of priorities,Medium,Medium complexity due to moderate business logic or formatting. Details: Ratio or percentage calculation with clear business logic; Long expression (400 characters); Moderate function nesting (5 nested functions); Well-formatted with line breaks,ratio_percentage,Formula follows Rule 4 complexity best practices,No,,"Linked to Objectives -> Account Planning + var Num=CALCULATE([# of Priorities],'Account Planning'[CustomerObjectiveId] <> """",
    'Account'[Plan Type] IN {""0-Strategic"",""1-Full""},
    KEEPFILTERS('Account Plan Priority'[Priority Status] = ""Active"")
)
 Var Den=   CALCULATE([# of Priorities],'Account'[Plan Type] IN {""0-Strategic"",""1-Full""},
        KEEPFILTERS('Account Plan Priority'[Priority Status] = ""Active"")    )
 
RETURN DIVIDE(Num,Den) | REFERENCES: # of Priorities -> Account Planning + SUMX( VALUES( 'Account Planning'[AccountPlanPriorityID] ), 1 )
 ",The name 'Linked to Objectives' is self-explanatory as it indicates it calculates the proportion of priorities linked to objectives.,"The name reflects the calculation, as the context shows it divides the number of priorities linked to objectives by the total number of priorities.",There are no problematic abbreviations. The name is clear and uses no cryptic terms.,0.2,0.2,0.2,0.2,0.0,0.3,0.15,0.3,0.2,0.2,0.4,0.4,0.4,0.4,1.5499999999999998,2.0,0.7749999999999999
Account Planning,Modified On,"IF(MAX('Account'[Days Since Modified])=BLANK(),BLANK(),IF(MAX('Account'[Days Since Modified])>30,0,1))",,issue,No,,No,,No,,High,"High complexity due to complex logic, poor structure, or unclear purpose. Details: Complex calculation with multiple operations and conditions; Moderate length expression (102 characters); Moderate function nesting (6 nested functions); Single-line format reduces readability",complex_calculation,Rule 4: CRITICAL - High complexity measure needs restructuring and simplification; Rule 4: CRITICAL - Break complex calculation into multiple simpler measures for better maintainability,No,,"Modified On -> Account Planning + IF(MAX('Account'[Days Since Modified])=BLANK(),BLANK(),IF(MAX('Account'[Days Since Modified])>30,0,1))",The name 'Modified On' is self-explanatory as it indicates it relates to the modification date of an account.,"The name reflects the calculation, as the context shows it checks if the modification date is within a certain range.",There are no problematic abbreviations. The name is clear and uses no cryptic terms.,0.2,0.2,0.2,0.2,0.0,0.3,0.0,0.3,0.2,0.2,0.4,0.4,0.4,0.4,1.4,2.0,0.7
Account Planning,Last Reviewed,"

SWITCH (

    TRUE,

    MAX ( 'Account'[Manager Reviewed Date] ) = BLANK (), BLANK (),

    MAX ( 'Account'[Manager Reviewed Flag] ) = ""Yes""

        && MAX ( 'Account'[Manager Reviewed Date] )

            > TODAY () - 90, 1,

    0

)",,issue,No,,No,,No,,High,"High complexity due to complex logic, poor structure, or unclear purpose. Details: Complex calculation with multiple operations and conditions; Moderate length expression (239 characters); Moderate function nesting (7 nested functions); Well-formatted with line breaks",complex_calculation,Rule 4: CRITICAL - High complexity measure needs restructuring and simplification; Rule 4: CRITICAL - Break complex calculation into multiple simpler measures for better maintainability,No,,"Last Reviewed -> Account Planning + 

SWITCH (

    TRUE,

    MAX ( 'Account'[Manager Reviewed Date] ) = BLANK (), BLANK (),

    MAX ( 'Account'[Manager Reviewed Flag] ) = ""Yes""

        && MAX ( 'Account'[Manager Reviewed Date] )

            > TODAY () - 90, 1,

    0

)",The name 'Last Reviewed' is self-explanatory as it indicates it relates to the last review date of an account.,"The name reflects the calculation, as the context shows it checks if the last review date meets certain conditions.",There are no problematic abbreviations. The name is clear and uses no cryptic terms.,0.2,0.2,0.2,0.2,0.0,0.3,0.0,0.3,0.2,0.2,0.4,0.4,0.4,0.4,1.4,2.0,0.7
Account Planning,# of Plans w/ Priority,"SUMX( VALUES( 'Account Planning'[AccountPlanID] ), 1 )
                ",,issue,No,,No,,No,,High,"High complexity due to complex logic, poor structure, or unclear purpose. Details: Undocumented or unclear calculation pattern",undocumented,Rule 4: CRITICAL - High complexity measure needs restructuring and simplification; Rule 4: CRITICAL - Add clear business documentation and consider simplifying unclear calculation pattern,No,,"# of Plans w/ Priority -> Account Planning + SUMX( VALUES( 'Account Planning'[AccountPlanID] ), 1 )
                ",The name '# of Plans w/ Priority' is self-explanatory as it indicates it counts plans with priorities.,"The name reflects the calculation, as the context shows it counts account plans with priorities.",There are no problematic abbreviations. The use of '#' for 'number of' and 'w/' for 'with' are standard and widely understood.,0.2,0.2,0.2,0.2,0.0,0.3,0.0,0.3,0.2,0.2,0.4,0.4,0.4,0.4,1.4,2.0,0.7
Account Planning,% of Priorities with Partner,"
VAR Numerator = CALCULATE([# of Priorities] ,
    KEEPFILTERS('Account Plan Partners'[AccountPartnerProfileId] <> """")
)
VAR Denominator = [# of Priorities]


RETURN DIVIDE(Numerator,Denominator, BLANK())",,good,No,,No,,Yes,# of priorities,Low,Low complexity due to simple structure and clear purpose. Details: Ratio or percentage calculation with clear business logic; Moderate length expression (204 characters); Moderate function nesting (4 nested functions); Well-formatted with line breaks,ratio_percentage,Formula follows Rule 4 complexity best practices,No,,"% of Priorities with Partner -> Account Planning + 
VAR Numerator = CALCULATE([# of Priorities] ,
    KEEPFILTERS('Account Plan Partners'[AccountPartnerProfileId] <> """")
)
VAR Denominator = [# of Priorities]


RETURN DIVIDE(Numerator,Denominator, BLANK()) | REFERENCES: # of Priorities -> Account Planning + SUMX( VALUES( 'Account Planning'[AccountPlanPriorityID] ), 1 )
 ",The name '% of Priorities with Partner' is self-explanatory as it indicates it calculates the percentage of priorities associated with a partner.,"The name reflects the calculation, as the context shows it divides the number of priorities with partners by the total number of priorities.",There are no problematic abbreviations. The name is clear and uses no cryptic terms.,0.2,0.2,0.2,0.2,0.0,0.3,0.3,0.3,0.2,0.2,0.4,0.4,0.4,0.4,1.6999999999999997,2.0,0.8499999999999999
Account Planning,% Plans Reviewed < 90 Days,"DIVIDE([# plans with manger reviewed date in last 90 days],[# of Account Plans],"""")",,good,No,,No,,Yes,"# of account plans, # plans with manger reviewed date in last 90 days",Low,Low complexity due to simple structure and clear purpose. Details: Ratio or percentage calculation with clear business logic,ratio_percentage,Formula follows Rule 4 complexity best practices,No,,"% Plans Reviewed < 90 Days -> Account Planning + DIVIDE([# plans with manger reviewed date in last 90 days],[# of Account Plans],"""") | REFERENCES: # of Account Plans -> Account Planning + CALCULATE (SUMX (VALUES ( 'Account'[AccountPlanID] ),1),Account[Account Plan Attached] = ""Yes""), # plans with manger reviewed date in last 90 days -> Account Planning + CALCULATE (
  [# of Account Plans],
  FILTER( 'Account','Account'[Manager Reviewed Date] >= (TODAY()-90)))",The name '% Plans Reviewed < 90 Days' is self-explanatory as it indicates it calculates the percentage of plans reviewed within the last 90 days.,"The name reflects the calculation, as the context shows it divides the number of plans reviewed in the last 90 days by the total number of account plans.",There are no problematic abbreviations. The name is clear and uses no cryptic terms.,0.2,0.2,0.2,0.2,0.0,0.3,0.3,0.3,0.2,0.2,0.4,0.4,0.4,0.4,1.6999999999999997,2.0,0.8499999999999999
Account Planning,# plans with manger reviewed date in last 90 days,"CALCULATE (
  [# of Account Plans],
  FILTER( 'Account','Account'[Manager Reviewed Date] >= (TODAY()-90)))",,good,No,,No,,Yes,# of account plans,Medium,Medium complexity due to moderate business logic or formatting. Details: Calculated measure with intermediate business logic; Moderate length expression (106 characters); Moderate function nesting (4 nested functions); Well-formatted with line breaks,calculated_measure,Formula follows Rule 4 complexity best practices,Yes,,"# plans with manger reviewed date in last 90 days -> Account Planning + CALCULATE (
  [# of Account Plans],
  FILTER( 'Account','Account'[Manager Reviewed Date] >= (TODAY()-90))) | REFERENCES: # of Account Plans -> Account Planning + CALCULATE (SUMX (VALUES ( 'Account'[AccountPlanID] ),1),Account[Account Plan Attached] = ""Yes"")",The measure name clearly indicates that it calculates the number of plans reviewed by a manager within the last 90 days. The context confirms this purpose.,"The name accurately reflects the calculation in the context, which filters account plans based on the manager-reviewed date being within the last 90 days.",There are no cryptic abbreviations in the measure name. The name is clear and descriptive.,0.2,0.2,0.2,0.2,0.3,0.3,0.18,0.3,0.2,0.2,0.4,0.4,0.4,0.4,1.88,2.0,0.94
Account Planning,# plans with days since modified < 30 days,"CALCULATE (
  [# of Account Plans],
  FILTER( 'Account','Account'[Days Since Modified] < 30))",,good,No,,No,,Yes,# of account plans,Medium,Medium complexity due to moderate business logic or formatting. Details: Calculated measure with intermediate business logic,calculated_measure,Rule 4: Consider simplifying business logic or adding better documentation,Yes,,"# plans with days since modified < 30 days -> Account Planning + CALCULATE (
  [# of Account Plans],
  FILTER( 'Account','Account'[Days Since Modified] < 30)) | REFERENCES: # of Account Plans -> Account Planning + CALCULATE (SUMX (VALUES ( 'Account'[AccountPlanID] ),1),Account[Account Plan Attached] = ""Yes"")",The measure name clearly indicates that it calculates the number of plans modified within the last 30 days. The context confirms this purpose.,"The name reflects the calculation in the context, which filters account plans based on the days since they were last modified being less than 30.",There are no cryptic abbreviations in the measure name. The name is clear and descriptive.,0.2,0.2,0.2,0.2,0.3,0.3,0.15,0.3,0.2,0.2,0.4,0.4,0.4,0.4,1.85,2.0,0.925
Account Planning,% Plans Modified < 30 Days,"DIVIDE([# plans with days since modified < 30 days],[# of Account Plans],"""")",,good,No,,No,,Yes,"# of account plans, # plans with days since modified < 30 days",Low,Low complexity due to simple structure and clear purpose. Details: Ratio or percentage calculation with clear business logic,ratio_percentage,Formula follows Rule 4 complexity best practices,No,,"% Plans Modified < 30 Days -> Account Planning + DIVIDE([# plans with days since modified < 30 days],[# of Account Plans],"""") | REFERENCES: # of Account Plans -> Account Planning + CALCULATE (SUMX (VALUES ( 'Account'[AccountPlanID] ),1),Account[Account Plan Attached] = ""Yes""), # plans with days since modified < 30 days -> Account Planning + CALCULATE (
  [# of Account Plans],
  FILTER( 'Account','Account'[Days Since Modified] < 30))",The measure name clearly indicates that it calculates the percentage of plans modified within the last 30 days. The context confirms this purpose.,"The name reflects the calculation in the context, which divides the number of plans modified within 30 days by the total number of account plans.",There are no cryptic abbreviations in the measure name. The name is clear and descriptive.,0.2,0.2,0.2,0.2,0.0,0.3,0.3,0.3,0.2,0.2,0.4,0.4,0.4,0.4,1.6999999999999997,2.0,0.8499999999999999
Account Planning,% of Priorities with Top Priority,"DIVIDE( [# of Top Priorities], [# of Active Priorities],"""" )",,good,No,,No,,Yes,"# of active priorities, # of top priorities",Low,Low complexity due to simple structure and clear purpose. Details: Ratio or percentage calculation with clear business logic,ratio_percentage,Formula follows Rule 4 complexity best practices,No,,"% of Priorities with Top Priority -> Account Planning + DIVIDE( [# of Top Priorities], [# of Active Priorities],"""" ) | REFERENCES: # of Active Priorities -> Account Planning + CALCULATE([# of Priorities],KEEPFILTERS('Account Plan Priority'[Priority Status]=""Active"")), # of Top Priorities -> Account Planning + CALCULATE([# of Active Priorities]
    ,KEEPFILTERS('Account Plan Priority'[Is Top Priority Linked to Active Customer]= TRUE))",The measure name clearly indicates that it calculates the percentage of priorities that are marked as top priorities. The context confirms this purpose.,"The name reflects the calculation in the context, which divides the number of top priorities by the number of active priorities.",There are no cryptic abbreviations in the measure name. The name is clear and descriptive.,0.2,0.2,0.2,0.2,0.0,0.3,0.3,0.3,0.2,0.2,0.4,0.4,0.4,0.4,1.6999999999999997,2.0,0.8499999999999999
Account Planning,% of Top Priorities with CSP,"DIVIDE([# of Top Priorities with CSP],[# of Top Priorities])",,good,No,,No,,Yes,"# of top priorities, # of top priorities with csp",Low,Low complexity due to simple structure and clear purpose. Details: Ratio or percentage calculation with clear business logic,ratio_percentage,Formula follows Rule 4 complexity best practices,No,,"% of Top Priorities with CSP -> Account Planning + DIVIDE([# of Top Priorities with CSP],[# of Top Priorities]) | REFERENCES: # of Top Priorities -> Account Planning + CALCULATE([# of Active Priorities]
    ,KEEPFILTERS('Account Plan Priority'[Is Top Priority Linked to Active Customer]= TRUE)), # of Top Priorities with CSP -> Account Planning + CALCULATE([# of Top Priorities],KEEPFILTERS('Account Plan Priority'[Is Top Priority with CSP]= TRUE))",The measure name clearly indicates that it calculates the percentage of top priorities associated with CSP. The context confirms this purpose.,"The name reflects the calculation in the context, which divides the number of top priorities with CSP by the total number of top priorities.",The abbreviation 'CSP' is a standard Microsoft term (Cloud Solution Provider) and is widely understood. No problematic abbreviations are present.,0.2,0.2,0.2,0.2,0.0,0.3,0.3,0.3,0.2,0.2,0.4,0.4,0.4,0.4,1.6999999999999997,2.0,0.8499999999999999
Account Planning,# of Top Priorities with CSP,"CALCULATE([# of Top Priorities],KEEPFILTERS('Account Plan Priority'[Is Top Priority with CSP]= TRUE))",,good,No,,No,,Yes,# of top priorities,Medium,Medium complexity due to moderate business logic or formatting. Details: Calculated measure with intermediate business logic; Moderate length expression (101 characters); Single-line format reduces readability,calculated_measure,"Rule 4: Format CALCULATE function: CALCULATE(\n    expression,\n    filter1,\n    filter2\n); Rule 4: Consider simplifying business logic or adding better documentation",Yes,,"# of Top Priorities with CSP -> Account Planning + CALCULATE([# of Top Priorities],KEEPFILTERS('Account Plan Priority'[Is Top Priority with CSP]= TRUE)) | REFERENCES: # of Top Priorities -> Account Planning + CALCULATE([# of Active Priorities]
    ,KEEPFILTERS('Account Plan Priority'[Is Top Priority Linked to Active Customer]= TRUE))",The measure name clearly indicates that it calculates the number of top priorities associated with CSP. The context confirms this purpose.,"The name reflects the calculation in the context, which filters top priorities based on their association with CSP.",The abbreviation 'CSP' is a standard Microsoft term (Cloud Solution Provider) and is widely understood. No problematic abbreviations are present.,0.2,0.2,0.2,0.2,0.3,0.3,0.15,0.3,0.2,0.2,0.4,0.4,0.4,0.4,1.85,2.0,0.925
Account Planning,# of Top Priorities,"CALCULATE([# of Active Priorities]
    ,KEEPFILTERS('Account Plan Priority'[Is Top Priority Linked to Active Customer]= TRUE))",,good,No,,No,,Yes,# of active priorities,Medium,Medium complexity due to moderate business logic or formatting. Details: Calculated measure with intermediate business logic; Moderate length expression (126 characters); Well-formatted with line breaks,calculated_measure,Formula follows Rule 4 complexity best practices,Yes,,"# of Top Priorities -> Account Planning + CALCULATE([# of Active Priorities]
    ,KEEPFILTERS('Account Plan Priority'[Is Top Priority Linked to Active Customer]= TRUE)) | REFERENCES: # of Active Priorities -> Account Planning + CALCULATE([# of Priorities],KEEPFILTERS('Account Plan Priority'[Priority Status]=""Active""))",The measure name clearly indicates that it calculates the number of top priorities. The context confirms this purpose.,"The name reflects the calculation in the context, which filters active priorities to identify those marked as top priorities.",There are no cryptic abbreviations in the measure name. The name is clear and descriptive.,0.2,0.2,0.2,0.2,0.3,0.3,0.18,0.3,0.2,0.2,0.4,0.4,0.4,0.4,1.88,2.0,0.94
Account Planning,# Accounts with MACC,"CALCULATE([TPID Count],KEEPFILTERS(Account[Has MACC Pipeline]=""Yes""))",,good,No,,No,,Yes,tpid count,Medium,Medium complexity due to moderate business logic or formatting. Details: Calculated measure with intermediate business logic,calculated_measure,"Rule 4: Format CALCULATE function: CALCULATE(\n    expression,\n    filter1,\n    filter2\n); Rule 4: Consider simplifying business logic or adding better documentation",Yes,,"# Accounts with MACC -> Account Planning + CALCULATE([TPID Count],KEEPFILTERS(Account[Has MACC Pipeline]=""Yes"")) | REFERENCES: TPID Count -> Account + COUNT( Account[TPID] )",The measure name clearly indicates that it calculates the number of accounts associated with MACC. The context confirms this purpose.,"The name reflects the calculation in the context, which filters accounts based on the MACC pipeline flag.",The abbreviation 'MACC' is a standard Microsoft term (Microsoft Azure Commit to Consume) and is widely understood. No problematic abbreviations are present.,0.2,0.2,0.2,0.2,0.3,0.3,0.15,0.3,0.2,0.2,0.4,0.4,0.4,0.4,1.85,2.0,0.925
Account Planning,% Accounts with MACC Consumption Plan,"VAR _Num=CALCULATE([# Accounts with MACC],KEEPFILTERS(Account[Consumption Flag]=""Yes""))

RETURN DIVIDE(_Num,[# Accounts with MACC],"""")

",,good,No,,No,,Yes,# accounts with macc,Low,Low complexity due to simple structure and clear purpose. Details: Ratio or percentage calculation with clear business logic; Moderate length expression (136 characters); Well-formatted with line breaks,ratio_percentage,Formula follows Rule 4 complexity best practices,No,,"% Accounts with MACC Consumption Plan -> Account Planning + VAR _Num=CALCULATE([# Accounts with MACC],KEEPFILTERS(Account[Consumption Flag]=""Yes""))

RETURN DIVIDE(_Num,[# Accounts with MACC],"""")

 | REFERENCES: # Accounts with MACC -> Account Planning + CALCULATE([TPID Count],KEEPFILTERS(Account[Has MACC Pipeline]=""Yes""))",The measure name clearly indicates that it calculates the percentage of accounts with a MACC consumption plan. The context confirms this purpose.,"The name reflects the calculation in the context, which divides the number of accounts with a MACC consumption plan by the total number of accounts with MACC.",The abbreviation 'MACC' is a standard Microsoft term (Microsoft Azure Commit to Consume) and is widely understood. No problematic abbreviations are present.,0.2,0.2,0.2,0.2,0.0,0.3,0.3,0.3,0.2,0.2,0.4,0.4,0.4,0.4,1.6999999999999997,2.0,0.8499999999999999
Account Planning,% of Accounts with QBR,"
var num=CALCULATE([TPID Count],KEEPFILTERS(Account[isqbr]=""yes""))

RETURN DIVIDE(num,[TPID Count],BLANK())
",,good,No,,No,,Yes,tpid count,Low,Low complexity due to simple structure and clear purpose. Details: Ratio or percentage calculation with clear business logic; Moderate length expression (108 characters); Moderate function nesting (4 nested functions); Well-formatted with line breaks,ratio_percentage,Formula follows Rule 4 complexity best practices,No,,"% of Accounts with QBR -> Account Planning + 
var num=CALCULATE([TPID Count],KEEPFILTERS(Account[isqbr]=""yes""))

RETURN DIVIDE(num,[TPID Count],BLANK())
 | REFERENCES: TPID Count -> Account + COUNT( Account[TPID] )",The measure name clearly indicates that it calculates the percentage of accounts with QBR. The context confirms this purpose.,"The name reflects the calculation in the context, which divides the number of accounts with QBR by the total number of accounts.",The abbreviation 'QBR' is a standard business term (Quarterly Business Review) and is widely understood. No problematic abbreviations are present.,0.2,0.2,0.2,0.2,0.0,0.3,0.3,0.3,0.2,0.2,0.4,0.4,0.4,0.4,1.6999999999999997,2.0,0.8499999999999999
Account Planning,% of Accounts with CSDR Within Last 30 Days,"
var den=CALCULATE( [TPID Count], KEEPFILTERS( Account[Has Premier Unified] = ""Yes"" ), KEEPFILTERS( Account[Has CSDR] = ""Yes"" ) )
var num=CALCULATE( [TPID Count], KEEPFILTERS( Account[Has Premier Unified] = ""Yes"" ), KEEPFILTERS( Account[Has CSDR within 30 Days] = ""Yes"" ) )

RETURN DIVIDE(num,den,"""")
",,warning,No,,No,,Yes,tpid count,Medium,Medium complexity due to moderate business logic or formatting. Details: Ratio or percentage calculation with clear business logic; Long expression (301 characters); Moderate function nesting (7 nested functions); Well-formatted with line breaks,ratio_percentage,Formula follows Rule 4 complexity best practices,No,,"% of Accounts with CSDR Within Last 30 Days -> Account Planning + 
var den=CALCULATE( [TPID Count], KEEPFILTERS( Account[Has Premier Unified] = ""Yes"" ), KEEPFILTERS( Account[Has CSDR] = ""Yes"" ) )
var num=CALCULATE( [TPID Count], KEEPFILTERS( Account[Has Premier Unified] = ""Yes"" ), KEEPFILTERS( Account[Has CSDR within 30 Days] = ""Yes"" ) )

RETURN DIVIDE(num,den,"""")
 | REFERENCES: TPID Count -> Account + COUNT( Account[TPID] )",The measure name clearly indicates that it calculates the percentage of accounts with CSDR within the last 30 days. The context confirms this purpose.,"The name reflects the calculation in the context, which divides the number of accounts with CSDR within 30 days by the total number of accounts with CSDR.",The abbreviation 'CSDR' is a standard Microsoft term (Customer Success Delivery Review) and is widely understood. No problematic abbreviations are present.,0.2,0.2,0.2,0.2,0.0,0.3,0.15,0.3,0.2,0.2,0.4,0.4,0.4,0.4,1.5499999999999998,2.0,0.7749999999999999
Account Planning,# of Active Priorities,"CALCULATE([# of Priorities],KEEPFILTERS('Account Plan Priority'[Priority Status]=""Active""))",,good,No,,No,,Yes,# of priorities,Medium,Medium complexity due to moderate business logic or formatting. Details: Calculated measure with intermediate business logic,calculated_measure,"Rule 4: Format CALCULATE function: CALCULATE(\n    expression,\n    filter1,\n    filter2\n); Rule 4: Consider simplifying business logic or adding better documentation",Yes,,"# of Active Priorities -> Account Planning + CALCULATE([# of Priorities],KEEPFILTERS('Account Plan Priority'[Priority Status]=""Active"")) | REFERENCES: # of Priorities -> Account Planning + SUMX( VALUES( 'Account Planning'[AccountPlanPriorityID] ), 1 )
 ",The measure name clearly indicates that it calculates the number of active priorities. The context confirms this purpose.,"The name reflects the calculation in the context, which filters priorities based on their active status.",There are no cryptic abbreviations in the measure name. The name is clear and descriptive.,0.2,0.2,0.2,0.2,0.3,0.3,0.15,0.3,0.2,0.2,0.4,0.4,0.4,0.4,1.85,2.0,0.925
Pipeline,% Billed Pipeline w/ Priority,"VAR X = CALCULATE([Billed Pipeline],KEEPFILTERS('Opportunity'[ParentingLevel Oppties]=""TopParentOppties""))

RETURN DIVIDE( [Billed Pipeline w/ Priority], X )",,good,No,,No,,Yes,"billed pipeline, billed pipeline w/ priority",Low,Low complexity due to simple structure and clear purpose. Details: Ratio or percentage calculation with clear business logic; Moderate length expression (157 characters); Well-formatted with line breaks,ratio_percentage,Formula follows Rule 4 complexity best practices,No,,"% Billed Pipeline w/ Priority -> Pipeline + VAR X = CALCULATE([Billed Pipeline],KEEPFILTERS('Opportunity'[ParentingLevel Oppties]=""TopParentOppties""))

RETURN DIVIDE( [Billed Pipeline w/ Priority], X ) | REFERENCES: Billed Pipeline -> Pipeline + [Billed Pipeline Base], Billed Pipeline w/ Priority -> Pipeline + CALCULATE (SUM('Priority Pipeline'[PipelineUSD])
        ,KEEPFILTERS('Priority Pipeline'[PipelineType] = ""Billed""))",The measure name clearly indicates that it calculates the percentage of billed pipeline with priority. The context confirms this purpose.,"The name reflects the calculation in the context, which divides the billed pipeline with priority by the total billed pipeline.",There are no cryptic abbreviations in the measure name. The name is clear and descriptive.,0.2,0.2,0.2,0.2,0.0,0.3,0.3,0.3,0.2,0.2,0.4,0.4,0.4,0.4,1.6999999999999997,2.0,0.8499999999999999
Pipeline,Billed Pipeline,[Billed Pipeline Base],,warning,Yes,Direct reference to: billed pipeline base,No,,Yes,billed pipeline base,High,"High complexity due to complex logic, poor structure, or unclear purpose. Details: Undocumented or unclear calculation pattern",undocumented,Rule 4: CRITICAL - High complexity measure needs restructuring and simplification; Rule 4: CRITICAL - Add clear business documentation and consider simplifying unclear calculation pattern,Yes,DIRECT REFERENCE: This measure is a simple reference to another measure (Direct reference to: billed pipeline base) - which will cause confusion to data agents. Please consider removing this measure.,"Billed Pipeline -> Pipeline + [Billed Pipeline Base] | REFERENCES: Billed Pipeline Base -> Pipeline + CALCULATE(SUM(Pipeline[PipelineUSD]),KEEPFILTERS(Pipeline[PipelineType]=""Billed""))",The measure name clearly indicates that it calculates the billed pipeline. The context confirms this purpose.,"The name reflects the calculation in the context, which sums the pipeline amounts filtered by the billed pipeline type.",There are no cryptic abbreviations in the measure name. The name is clear and descriptive.,0.2,0.2,0.0,0.2,0.3,0.3,0.0,0.3,0.2,0.2,0.4,0.4,0.4,0.4,1.5,2.0,0.75
Pipeline,Billed Opportunity Count,"CALCULATE([Opportunity Count], KEEPFILTERS(Opportunity[Qualified Pipeline Flag] = 1))",,warning,No,,No,,Yes,opportunity count,Medium,Medium complexity due to moderate business logic or formatting. Details: Calculated measure with intermediate business logic,calculated_measure,"Rule 4: Format CALCULATE function: CALCULATE(\n    expression,\n    filter1,\n    filter2\n); Rule 4: Consider simplifying business logic or adding better documentation",No,,"Billed Opportunity Count -> Pipeline + CALCULATE([Opportunity Count], KEEPFILTERS(Opportunity[Qualified Pipeline Flag] = 1)) | REFERENCES: Opportunity Count -> Pipeline + SUMX(VALUES('Pipeline'[dimopportunitykey]),1)",The measure name clearly indicates that it calculates the count of billed opportunities. The context confirms this purpose.,"The name reflects the calculation in the context, which counts opportunities filtered by the qualified pipeline flag.",There are no cryptic abbreviations in the measure name. The name is clear and descriptive.,0.2,0.2,0.2,0.2,0.0,0.3,0.15,0.3,0.2,0.2,0.4,0.4,0.4,0.4,1.5499999999999998,2.0,0.7749999999999999
Pipeline,Opportunity Count,"SUMX(VALUES('Pipeline'[dimopportunitykey]),1)",,good,No,,No,,No,,High,"High complexity due to complex logic, poor structure, or unclear purpose. Details: Undocumented or unclear calculation pattern",undocumented,Rule 4: CRITICAL - High complexity measure needs restructuring and simplification; Rule 4: CRITICAL - Add clear business documentation and consider simplifying unclear calculation pattern,Yes,,"Opportunity Count -> Pipeline + SUMX(VALUES('Pipeline'[dimopportunitykey]),1)","The name 'Opportunity Count' is self-explanatory as it clearly indicates it counts opportunities, which aligns with the context.",The name reflects the calculation as the context shows it counts unique opportunities using SUMX.,There are no problematic abbreviations in the name; it is clear and descriptive.,0.2,0.2,0.2,0.2,0.3,0.3,0.0,0.3,0.2,0.2,0.4,0.4,0.4,0.4,1.6999999999999997,2.0,0.8499999999999999
Pipeline,Committed Pipeline,"CALCULATE([Billed Pipeline],KEEPFILTERS(Opportunity[Forecast Recommendation]=""Committed""))",,good,No,,No,,Yes,billed pipeline,Medium,Medium complexity due to moderate business logic or formatting. Details: Calculated measure with intermediate business logic,calculated_measure,"Rule 4: Format CALCULATE function: CALCULATE(\n    expression,\n    filter1,\n    filter2\n); Rule 4: Consider simplifying business logic or adding better documentation",Yes,,"Committed Pipeline -> Pipeline + CALCULATE([Billed Pipeline],KEEPFILTERS(Opportunity[Forecast Recommendation]=""Committed"")) | REFERENCES: Billed Pipeline -> Pipeline + [Billed Pipeline Base]","The name 'Committed Pipeline' is self-explanatory as it indicates it calculates the pipeline for committed opportunities, which aligns with the context.",The name reflects the calculation as the context shows it filters the pipeline for 'Committed' forecast recommendations.,There are no problematic abbreviations in the name; it is clear and descriptive.,0.2,0.2,0.2,0.2,0.3,0.3,0.15,0.3,0.2,0.2,0.4,0.4,0.4,0.4,1.85,2.0,0.925
Pipeline,Committed at Risk Pipeline,"CALCULATE([Billed Pipeline],KEEPFILTERS('Opportunity'[Forecast Recommendation]=""Committed at Risk""))",,good,No,,No,,Yes,billed pipeline,Medium,Medium complexity due to moderate business logic or formatting. Details: Calculated measure with intermediate business logic,calculated_measure,"Rule 4: Format CALCULATE function: CALCULATE(\n    expression,\n    filter1,\n    filter2\n); Rule 4: Consider simplifying business logic or adding better documentation",Yes,,"Committed at Risk Pipeline -> Pipeline + CALCULATE([Billed Pipeline],KEEPFILTERS('Opportunity'[Forecast Recommendation]=""Committed at Risk"")) | REFERENCES: Billed Pipeline -> Pipeline + [Billed Pipeline Base]","The name 'Committed at Risk Pipeline' is self-explanatory as it indicates it calculates the pipeline for committed opportunities at risk, which aligns with the context.",The name reflects the calculation as the context shows it filters the pipeline for 'Committed at Risk' forecast recommendations.,There are no problematic abbreviations in the name; it is clear and descriptive.,0.2,0.2,0.2,0.2,0.3,0.3,0.15,0.3,0.2,0.2,0.4,0.4,0.4,0.4,1.85,2.0,0.925
Pipeline,Committed + Risk Pipeline,[Committed Pipeline] + [Committed at Risk Pipeline],,issue,No,,No,,Yes,"committed at risk pipeline, committed pipeline",High,"High complexity due to complex logic, poor structure, or unclear purpose. Details: Undocumented or unclear calculation pattern",undocumented,Rule 4: CRITICAL - High complexity measure needs restructuring and simplification; Rule 4: CRITICAL - Add clear business documentation and consider simplifying unclear calculation pattern,No,,"Committed + Risk Pipeline -> Pipeline + [Committed Pipeline] + [Committed at Risk Pipeline] | REFERENCES: Committed at Risk Pipeline -> Pipeline + CALCULATE([Billed Pipeline],KEEPFILTERS('Opportunity'[Forecast Recommendation]=""Committed at Risk"")), Committed Pipeline -> Pipeline + CALCULATE([Billed Pipeline],KEEPFILTERS(Opportunity[Forecast Recommendation]=""Committed""))","The name 'Committed + Risk Pipeline' is self-explanatory as it indicates it combines committed and at-risk pipelines, which aligns with the context.",The name reflects the calculation as the context shows it sums 'Committed Pipeline' and 'Committed at Risk Pipeline'.,There are no problematic abbreviations in the name; it is clear and descriptive.,0.2,0.2,0.2,0.2,0.0,0.3,0.0,0.3,0.2,0.2,0.4,0.4,0.4,0.4,1.4,2.0,0.7
Pipeline,Billed Pipeline w/ Priority,"CALCULATE (SUM('Priority Pipeline'[PipelineUSD])
        ,KEEPFILTERS('Priority Pipeline'[PipelineType] = ""Billed""))",,good,No,,No,,No,,High,"High complexity due to complex logic, poor structure, or unclear purpose. Details: Undocumented or unclear calculation pattern; Moderate length expression (116 characters); Well-formatted with line breaks",undocumented,Rule 4: CRITICAL - High complexity measure needs restructuring and simplification; Rule 4: CRITICAL - Add clear business documentation and consider simplifying unclear calculation pattern,Yes,,"Billed Pipeline w/ Priority -> Pipeline + CALCULATE (SUM('Priority Pipeline'[PipelineUSD])
        ,KEEPFILTERS('Priority Pipeline'[PipelineType] = ""Billed""))","The name 'Billed Pipeline w/ Priority' is self-explanatory as it indicates it calculates the billed pipeline with priority, which aligns with the context.",The name reflects the calculation as the context shows it filters for 'Billed' pipeline type with priority.,There are no problematic abbreviations in the name; it is clear and descriptive.,0.2,0.2,0.2,0.2,0.3,0.3,0.0,0.3,0.2,0.2,0.4,0.4,0.4,0.4,1.6999999999999997,2.0,0.8499999999999999
Pipeline,ACR Pipeline,[ACR Pipeline Base],,warning,Yes,Direct reference to: acr pipeline base,No,,Yes,acr pipeline base,High,"High complexity due to complex logic, poor structure, or unclear purpose. Details: Undocumented or unclear calculation pattern",undocumented,Rule 4: CRITICAL - High complexity measure needs restructuring and simplification; Rule 4: CRITICAL - Add clear business documentation and consider simplifying unclear calculation pattern,Yes,DIRECT REFERENCE: This measure is a simple reference to another measure (Direct reference to: acr pipeline base) - which will cause confusion to data agents. Please consider removing this measure.,"ACR Pipeline -> Pipeline + [ACR Pipeline Base] | REFERENCES: ACR Pipeline Base -> Pipeline + CALCULATE(SUM(Pipeline[ACRPipelineUSD]),KEEPFILTERS(Pipeline[PipelineType]=""Consumption""),ALL('Product'))","The name 'ACR Pipeline' is self-explanatory as it indicates it calculates the Azure Consumed Revenue (ACR) pipeline, which aligns with the context.",The name reflects the calculation as the context shows it calculates the ACR pipeline using the base measure.,The abbreviation 'ACR' is a standard Microsoft term for Azure Consumed Revenue and is widely understood.,0.2,0.2,0.0,0.2,0.3,0.3,0.0,0.3,0.2,0.2,0.4,0.4,0.4,0.4,1.5,2.0,0.75
Pipeline,Future year ACR Pipeline,"CALCULATE (
    [ACR Pipeline w/ Priority],
    KEEPFILTERS ( 'Calendar'[Relative Year] = ""CY+1"" ),
    ALL ( 'Calendar' )
)",,issue,No,,No,,Yes,acr pipeline w/ priority,High,"High complexity due to complex logic, poor structure, or unclear purpose. Details: Undocumented or unclear calculation pattern; Moderate length expression (124 characters); Well-formatted with line breaks",undocumented,Rule 4: CRITICAL - High complexity measure needs restructuring and simplification; Rule 4: Replace division operator (/) with DIVIDE() function for error handling; Rule 4: CRITICAL - Add clear business documentation and consider simplifying unclear calculation pattern,No,,"Future year ACR Pipeline -> Pipeline + CALCULATE (
    [ACR Pipeline w/ Priority],
    KEEPFILTERS ( 'Calendar'[Relative Year] = ""CY+1"" ),
    ALL ( 'Calendar' )
) | REFERENCES: ACR Pipeline w/ Priority -> Pipeline + CALCULATE (SUM('Priority Pipeline'[ACRPipelineUSD])
        ,KEEPFILTERS('Priority Pipeline'[PipelineType] = ""Consumption""))","The name 'Future year ACR Pipeline' is self-explanatory as it indicates it calculates the ACR pipeline for a future year, which aligns with the context.",The name reflects the calculation as the context shows it filters the ACR pipeline for the next calendar year.,The abbreviation 'ACR' is a standard Microsoft term for Azure Consumed Revenue and is widely understood.,0.2,0.2,0.2,0.2,0.0,0.3,0.0,0.3,0.2,0.2,0.4,0.4,0.4,0.4,1.4,2.0,0.7
Pipeline,ACR Pipeline w/ Priority,"CALCULATE (SUM('Priority Pipeline'[ACRPipelineUSD])
        ,KEEPFILTERS('Priority Pipeline'[PipelineType] = ""Consumption""))",,good,No,,No,,No,,High,"High complexity due to complex logic, poor structure, or unclear purpose. Details: Undocumented or unclear calculation pattern; Moderate length expression (124 characters); Well-formatted with line breaks",undocumented,Rule 4: CRITICAL - High complexity measure needs restructuring and simplification; Rule 4: CRITICAL - Add clear business documentation and consider simplifying unclear calculation pattern,Yes,,"ACR Pipeline w/ Priority -> Pipeline + CALCULATE (SUM('Priority Pipeline'[ACRPipelineUSD])
        ,KEEPFILTERS('Priority Pipeline'[PipelineType] = ""Consumption""))","The name 'ACR Pipeline w/ Priority' is self-explanatory as it indicates it calculates the ACR pipeline with priority, which aligns with the context.",The name reflects the calculation as the context shows it filters the ACR pipeline for priority.,The abbreviation 'ACR' is a standard Microsoft term for Azure Consumed Revenue and is widely understood.,0.2,0.2,0.2,0.2,0.3,0.3,0.0,0.3,0.2,0.2,0.4,0.4,0.4,0.4,1.6999999999999997,2.0,0.8499999999999999
Pipeline,Future Year Billed Pipeline,"CALCULATE (
    [Billed Pipeline w/ Priority],
    KEEPFILTERS ( 'Calendar'[Relative Year] = ""CY+1"" ), ALL('Calendar')
)",,issue,No,,No,,Yes,billed pipeline w/ priority,High,"High complexity due to complex logic, poor structure, or unclear purpose. Details: Undocumented or unclear calculation pattern; Moderate length expression (120 characters); Well-formatted with line breaks",undocumented,Rule 4: CRITICAL - High complexity measure needs restructuring and simplification; Rule 4: Replace division operator (/) with DIVIDE() function for error handling; Rule 4: CRITICAL - Add clear business documentation and consider simplifying unclear calculation pattern,No,,"Future Year Billed Pipeline -> Pipeline + CALCULATE (
    [Billed Pipeline w/ Priority],
    KEEPFILTERS ( 'Calendar'[Relative Year] = ""CY+1"" ), ALL('Calendar')
) | REFERENCES: Billed Pipeline w/ Priority -> Pipeline + CALCULATE (SUM('Priority Pipeline'[PipelineUSD])
        ,KEEPFILTERS('Priority Pipeline'[PipelineType] = ""Billed""))","The name 'Future Year Billed Pipeline' is self-explanatory as it indicates it calculates the billed pipeline for a future year, which aligns with the context.",The name reflects the calculation as the context shows it filters the billed pipeline for the next calendar year.,There are no problematic abbreviations in the name; it is clear and descriptive.,0.2,0.2,0.2,0.2,0.0,0.3,0.0,0.3,0.2,0.2,0.4,0.4,0.4,0.4,1.4,2.0,0.7
Pipeline,# Opportunities w/ Priority,"SUMX( VALUES( 'Priority Pipeline'[dimopportunitykey] ), 1 )
            
    ",,good,No,,No,,No,,High,"High complexity due to complex logic, poor structure, or unclear purpose. Details: Undocumented or unclear calculation pattern",undocumented,Rule 4: CRITICAL - High complexity measure needs restructuring and simplification; Rule 4: CRITICAL - Add clear business documentation and consider simplifying unclear calculation pattern,Yes,,"# Opportunities w/ Priority -> Pipeline + SUMX( VALUES( 'Priority Pipeline'[dimopportunitykey] ), 1 )
            
    ","The name '# Opportunities w/ Priority' is self-explanatory as it indicates it counts opportunities with priority, which aligns with the context.",The name reflects the calculation as the context shows it counts unique opportunities with priority using SUMX.,There are no problematic abbreviations in the name; it is clear and descriptive.,0.2,0.2,0.2,0.2,0.3,0.3,0.0,0.3,0.2,0.2,0.4,0.4,0.4,0.4,1.6999999999999997,2.0,0.8499999999999999
Pipeline,# Billed Oppties w/ Priority,"CALCULATE([# Opportunities w/ Priority],KEEPFILTERS('Priority Pipeline'[PipelineType]=""Billed""))",,good,No,,No,,Yes,# opportunities w/ priority,Medium,Medium complexity due to moderate business logic or formatting. Details: Calculated measure with intermediate business logic,calculated_measure,"Rule 4: Format CALCULATE function: CALCULATE(\n    expression,\n    filter1,\n    filter2\n); Rule 4: Replace division operator (/) with DIVIDE() function for error handling; Rule 4: Consider simplifying business logic or adding better documentation",Yes,,"# Billed Oppties w/ Priority -> Pipeline + CALCULATE([# Opportunities w/ Priority],KEEPFILTERS('Priority Pipeline'[PipelineType]=""Billed"")) | REFERENCES: # Opportunities w/ Priority -> Pipeline + SUMX( VALUES( 'Priority Pipeline'[dimopportunitykey] ), 1 )
            
    ","The name '# Billed Oppties w/ Priority' is self-explanatory as it indicates it counts billed opportunities with priority, which aligns with the context.",The name reflects the calculation as the context shows it filters opportunities with priority for 'Billed' pipeline type.,The abbreviation 'Oppties' is a reasonable shorthand for 'Opportunities' and does not hinder understanding.,0.2,0.2,0.2,0.2,0.3,0.3,0.15,0.3,0.2,0.2,0.4,0.4,0.4,0.4,1.85,2.0,0.925
Pipeline,# Consumed Oppties w/ Priority,"CALCULATE([# Opportunities w/ Priority],KEEPFILTERS('Priority Pipeline'[PipelineType]=""Consumption""))",,good,No,,No,,Yes,# opportunities w/ priority,Medium,Medium complexity due to moderate business logic or formatting. Details: Calculated measure with intermediate business logic; Moderate length expression (101 characters); Single-line format reduces readability,calculated_measure,"Rule 4: Format CALCULATE function: CALCULATE(\n    expression,\n    filter1,\n    filter2\n); Rule 4: Replace division operator (/) with DIVIDE() function for error handling; Rule 4: Consider simplifying business logic or adding better documentation",Yes,,"# Consumed Oppties w/ Priority -> Pipeline + CALCULATE([# Opportunities w/ Priority],KEEPFILTERS('Priority Pipeline'[PipelineType]=""Consumption"")) | REFERENCES: # Opportunities w/ Priority -> Pipeline + SUMX( VALUES( 'Priority Pipeline'[dimopportunitykey] ), 1 )
            
    ","The name '# Consumed Oppties w/ Priority' is self-explanatory as it indicates it counts consumed opportunities with priority, which aligns with the context.",The name reflects the calculation as the context shows it filters opportunities with priority for 'Consumption' pipeline type.,The abbreviation 'Oppties' is a reasonable shorthand for 'Opportunities' and does not hinder understanding.,0.2,0.2,0.2,0.2,0.3,0.3,0.15,0.3,0.2,0.2,0.4,0.4,0.4,0.4,1.85,2.0,0.925
Pipeline,% of Billed Opties w/ future date,"
VAR Numerator = CALCULATE([# Billed Oppties w/ Priority]
               ,KEEPFILTERS('Opportunity'[Open Opportunity Flag] =1)
               ,KEEPFILTERS(Opportunity[Opportunity Due Date] > today())
) 
VAR Denominator = CALCULATE([# Billed Oppties w/ Priority]
                  ,KEEPFILTERS('Opportunity'[Open Opportunity Flag] =1)
)                                                         

RETURN DIVIDE(Numerator,Denominator) ",,warning,No,,No,,Yes,# billed oppties w/ priority,Medium,Medium complexity due to moderate business logic or formatting. Details: Ratio or percentage calculation with clear business logic; Long expression (431 characters); Moderate function nesting (7 nested functions); Well-formatted with line breaks,ratio_percentage,Formula follows Rule 4 complexity best practices,No,,"% of Billed Opties w/ future date -> Pipeline + 
VAR Numerator = CALCULATE([# Billed Oppties w/ Priority]
               ,KEEPFILTERS('Opportunity'[Open Opportunity Flag] =1)
               ,KEEPFILTERS(Opportunity[Opportunity Due Date] > today())
) 
VAR Denominator = CALCULATE([# Billed Oppties w/ Priority]
                  ,KEEPFILTERS('Opportunity'[Open Opportunity Flag] =1)
)                                                         

RETURN DIVIDE(Numerator,Denominator)  | REFERENCES: # Billed Oppties w/ Priority -> Pipeline + CALCULATE([# Opportunities w/ Priority],KEEPFILTERS('Priority Pipeline'[PipelineType]=""Billed""))","The name '% of Billed Opties w/ future date' is self-explanatory as it indicates it calculates the percentage of billed opportunities with a future date, which aligns with the context.",The name reflects the calculation as the context shows it divides billed opportunities with a future date by total billed opportunities.,The abbreviation 'Opties' is a reasonable shorthand for 'Opportunities' and does not hinder understanding.,0.2,0.2,0.2,0.2,0.0,0.3,0.15,0.3,0.2,0.2,0.4,0.4,0.4,0.4,1.5499999999999998,2.0,0.7749999999999999
Pipeline,% of Consumption Opties w/ future date,"
VAR Numerator = CALCULATE([# Consumed Oppties w/ Priority]
               ,KEEPFILTERS('Opportunity'[Open Opportunity Flag] =1)
               ,KEEPFILTERS(Opportunity[Estimated Completion Date] > today())
) 
VAR Denominator = CALCULATE([# Consumed Oppties w/ Priority]
                  ,KEEPFILTERS('Opportunity'[Open Opportunity Flag] =1 )
)                                                         

RETURN DIVIDE(Numerator,Denominator) ",,warning,No,,No,,Yes,# consumed oppties w/ priority,Medium,Medium complexity due to moderate business logic or formatting. Details: Ratio or percentage calculation with clear business logic; Long expression (441 characters); Moderate function nesting (7 nested functions); Well-formatted with line breaks,ratio_percentage,Formula follows Rule 4 complexity best practices,No,,"% of Consumption Opties w/ future date -> Pipeline + 
VAR Numerator = CALCULATE([# Consumed Oppties w/ Priority]
               ,KEEPFILTERS('Opportunity'[Open Opportunity Flag] =1)
               ,KEEPFILTERS(Opportunity[Estimated Completion Date] > today())
) 
VAR Denominator = CALCULATE([# Consumed Oppties w/ Priority]
                  ,KEEPFILTERS('Opportunity'[Open Opportunity Flag] =1 )
)                                                         

RETURN DIVIDE(Numerator,Denominator)  | REFERENCES: # Consumed Oppties w/ Priority -> Pipeline + CALCULATE([# Opportunities w/ Priority],KEEPFILTERS('Priority Pipeline'[PipelineType]=""Consumption""))","The name '% of Consumption Opties w/ future date' is self-explanatory as it indicates it calculates the percentage of consumed opportunities with a future date, which aligns with the context.",The name reflects the calculation as the context shows it divides consumed opportunities with a future date by total consumed opportunities.,The abbreviation 'Opties' is a reasonable shorthand for 'Opportunities' and does not hinder understanding.,0.2,0.2,0.2,0.2,0.0,0.3,0.15,0.3,0.2,0.2,0.4,0.4,0.4,0.4,1.5499999999999998,2.0,0.7749999999999999
Pipeline,% Total Pipeline w/ Priority," VAR Num = CALCULATE( [Billed Pipeline w/ Priority] + [ACR Pipeline w/ Priority], KEEPFILTERS( 'Priority Pipeline'[OpenOpportunityFlag] = 1 ) )
 VAR Den = CALCULATE( [Billed Pipeline] + [ACR Pipeline],KEEPFILTERS('Pipeline'[TopParentOpenOpptyFlag] = 1) ) 
 RETURN DIVIDE(Num, Den)        
        
        
       ",,good,No,,No,,Yes,"acr pipeline, acr pipeline w/ priority, billed pipeline, billed pipeline w/ priority",Medium,Medium complexity due to moderate business logic or formatting. Details: Ratio or percentage calculation with clear business logic; Long expression (314 characters); Moderate function nesting (5 nested functions); Well-formatted with line breaks,ratio_percentage,Formula follows Rule 4 complexity best practices,Yes,,"% Total Pipeline w/ Priority -> Pipeline +  VAR Num = CALCULATE( [Billed Pipeline w/ Priority] + [ACR Pipeline w/ Priority], KEEPFILTERS( 'Priority Pipeline'[OpenOpportunityFlag] = 1 ) )
 VAR Den = CALCULATE( [Billed Pipeline] + [ACR Pipeline],KEEPFILTERS('Pipeline'[TopParentOpenOpptyFlag] = 1) ) 
 RETURN DIVIDE(Num, Den)        
        
        
        | REFERENCES: ACR Pipeline -> Pipeline + [ACR Pipeline Base], ACR Pipeline w/ Priority -> Pipeline + CALCULATE (SUM('Priority Pipeline'[ACRPipelineUSD])
        ,KEEPFILTERS('Priority Pipeline'[PipelineType] = ""Consumption"")), Billed Pipeline -> Pipeline + [Billed Pipeline Base], Billed Pipeline w/ Priority -> Pipeline + CALCULATE (SUM('Priority Pipeline'[PipelineUSD])
        ,KEEPFILTERS('Priority Pipeline'[PipelineType] = ""Billed""))","The name '% Total Pipeline w/ Priority' is self-explanatory as it indicates it calculates the percentage of the total pipeline with priority, which aligns with the context.",The name reflects the calculation as the context shows it divides the prioritized billed and ACR pipelines by the total pipeline.,There are no problematic abbreviations in the name; it is clear and descriptive.,0.2,0.2,0.2,0.2,0.3,0.3,0.15,0.3,0.2,0.2,0.4,0.4,0.4,0.4,1.85,2.0,0.925
Pipeline,% Billed opties w/ close plan,"
VAR X = CALCULATE( [Billed Pipeline], KEEPFILTERS( Opportunity[Close Plan Attached] = ""Yes"" ),KEEPFILTERS('Opportunity'[Open Opportunity Flag] = 1) )

VAR Y = CALCULATE( [Billed Pipeline],KEEPFILTERS('Opportunity'[Open Opportunity Flag] = 1) )

RETURN DIVIDE( X, Y ,"""")",,issue,No,,No,,Yes,billed pipeline,Low,Low complexity due to simple structure and clear purpose. Details: Ratio or percentage calculation with clear business logic; Moderate length expression (270 characters); Moderate function nesting (6 nested functions); Well-formatted with line breaks,ratio_percentage,Formula follows Rule 4 complexity best practices,No,,"% Billed opties w/ close plan -> Pipeline + 
VAR X = CALCULATE( [Billed Pipeline], KEEPFILTERS( Opportunity[Close Plan Attached] = ""Yes"" ),KEEPFILTERS('Opportunity'[Open Opportunity Flag] = 1) )

VAR Y = CALCULATE( [Billed Pipeline],KEEPFILTERS('Opportunity'[Open Opportunity Flag] = 1) )

RETURN DIVIDE( X, Y ,"""") | REFERENCES: Billed Pipeline -> Pipeline + [Billed Pipeline Base]","The name reasonably indicates that it calculates the percentage of billed opportunities with a close plan, which aligns with the context.","The name reflects the calculation as it involves dividing billed opportunities with a close plan by total billed opportunities, as shown in the context.","The abbreviation 'opties' is unclear and not a standard abbreviation, making the name cryptic.",0.2,0.2,0.2,0.2,0.0,0.3,0.3,0.3,0.2,0.2,0.4,0.4,0.0,0.4,1.2999999999999998,2.0,0.6499999999999999
Pipeline,% of Total Opties w/ future date,"
VAR Numerator = CALCULATE([# Open Opportunities w/ Priority], OR(Opportunity[Opportunity Due Date] > today(),Opportunity[Estimated Completion Date] > today())) 
VAR Denominator = [# Open Opportunities w/ Priority]                                                

RETURN DIVIDE(Numerator,Denominator) ",,critical,No,,No,,Yes,# open opportunities w/ priority,Medium,Medium complexity due to moderate business logic or formatting. Details: Ratio or percentage calculation with clear business logic; Long expression (301 characters); Moderate function nesting (5 nested functions); Well-formatted with line breaks,ratio_percentage,Formula follows Rule 4 complexity best practices,No,,"% of Total Opties w/ future date -> Pipeline + 
VAR Numerator = CALCULATE([# Open Opportunities w/ Priority], OR(Opportunity[Opportunity Due Date] > today(),Opportunity[Estimated Completion Date] > today())) 
VAR Denominator = [# Open Opportunities w/ Priority]                                                

RETURN DIVIDE(Numerator,Denominator)  | REFERENCES: # Open Opportunities w/ Priority -> Pipeline + CALCULATE([# Opportunities w/ Priority]
        ,KEEPFILTERS('Priority Pipeline'[OpenOpportunityFlag] =1))","The name indicates it calculates the percentage of total opportunities with a future date, which aligns with the context.","The name reflects the calculation as it involves dividing the number of open opportunities with a future date by the total number of open opportunities, as shown in the context.","The abbreviation 'opties' is unclear and not a standard abbreviation, making the name cryptic.",0.2,0.2,0.2,0.2,0.0,0.3,0.15,0.3,0.2,0.2,0.4,0.4,0.0,0.4,1.15,2.0,0.575
Pipeline,Total Pipeline,[Billed Pipeline]+[ACR Pipeline],,issue,No,,No,,Yes,"acr pipeline, billed pipeline",High,"High complexity due to complex logic, poor structure, or unclear purpose. Details: Undocumented or unclear calculation pattern",undocumented,Rule 4: CRITICAL - High complexity measure needs restructuring and simplification; Rule 4: CRITICAL - Add clear business documentation and consider simplifying unclear calculation pattern,No,,"Total Pipeline -> Pipeline + [Billed Pipeline]+[ACR Pipeline] | REFERENCES: ACR Pipeline -> Pipeline + [ACR Pipeline Base], Billed Pipeline -> Pipeline + [Billed Pipeline Base]","The name clearly indicates it calculates the total pipeline, which aligns with the context.","The name reflects the calculation as it sums billed and ACR pipeline values, as shown in the context.",There are no problematic abbreviations in the name.,0.2,0.2,0.2,0.2,0.0,0.3,0.0,0.3,0.2,0.2,0.4,0.4,0.4,0.4,1.4,2.0,0.7
Pipeline,% ACR Pipeline w/ Priority,"VAR X = CALCULATE([ACR Pipeline],KEEPFILTERS('Opportunity'[ParentingLevel Oppties]=""TopParentOppties""))

RETURN DIVIDE( [ACR Pipeline w/ Priority], X )",,good,No,,No,,Yes,"acr pipeline, acr pipeline w/ priority",Low,Low complexity due to simple structure and clear purpose. Details: Ratio or percentage calculation with clear business logic; Moderate length expression (151 characters); Well-formatted with line breaks,ratio_percentage,Formula follows Rule 4 complexity best practices,No,,"% ACR Pipeline w/ Priority -> Pipeline + VAR X = CALCULATE([ACR Pipeline],KEEPFILTERS('Opportunity'[ParentingLevel Oppties]=""TopParentOppties""))

RETURN DIVIDE( [ACR Pipeline w/ Priority], X ) | REFERENCES: ACR Pipeline -> Pipeline + [ACR Pipeline Base], ACR Pipeline w/ Priority -> Pipeline + CALCULATE (SUM('Priority Pipeline'[ACRPipelineUSD])
        ,KEEPFILTERS('Priority Pipeline'[PipelineType] = ""Consumption""))","The name indicates it calculates the percentage of ACR pipeline with priority, which aligns with the context.","The name reflects the calculation as it divides ACR pipeline with priority by the total ACR pipeline, as shown in the context.",There are no problematic abbreviations in the name. 'ACR' is a standard Microsoft abbreviation.,0.2,0.2,0.2,0.2,0.0,0.3,0.3,0.3,0.2,0.2,0.4,0.4,0.4,0.4,1.6999999999999997,2.0,0.8499999999999999
Pipeline,# Billed Oppties,"CALCULATE([Opportunity Count], KEEPFILTERS(Opportunity[Opportunity Type] IN {""Billed"",""Billed & Consumption""}))",,critical,No,,No,,Yes,opportunity count,Medium,Medium complexity due to moderate business logic or formatting. Details: Calculated measure with intermediate business logic; Moderate length expression (111 characters); Single-line format reduces readability,calculated_measure,"Rule 4: Format CALCULATE function: CALCULATE(\n    expression,\n    filter1,\n    filter2\n); Rule 4: Consider simplifying business logic or adding better documentation",No,,"# Billed Oppties -> Pipeline + CALCULATE([Opportunity Count], KEEPFILTERS(Opportunity[Opportunity Type] IN {""Billed"",""Billed & Consumption""})) | REFERENCES: Opportunity Count -> Pipeline + SUMX(VALUES('Pipeline'[dimopportunitykey]),1)","The name indicates it calculates the count of billed opportunities, which aligns with the context.","The name reflects the calculation as it filters and counts billed opportunities, as shown in the context.","The abbreviation 'Oppties' is unclear and not a standard abbreviation, making the name cryptic.",0.2,0.2,0.2,0.2,0.0,0.3,0.15,0.3,0.2,0.2,0.4,0.4,0.0,0.4,1.15,2.0,0.575
Pipeline,# Consumed Oppties,"CALCULATE([Opportunity Count], KEEPFILTERS(Opportunity[Opportunity Type] IN {""Consumption"",""Billed & Consumption""}))",,critical,No,,No,,Yes,opportunity count,Medium,Medium complexity due to moderate business logic or formatting. Details: Calculated measure with intermediate business logic; Moderate length expression (116 characters); Single-line format reduces readability,calculated_measure,"Rule 4: Format CALCULATE function: CALCULATE(\n    expression,\n    filter1,\n    filter2\n); Rule 4: Consider simplifying business logic or adding better documentation",No,,"# Consumed Oppties -> Pipeline + CALCULATE([Opportunity Count], KEEPFILTERS(Opportunity[Opportunity Type] IN {""Consumption"",""Billed & Consumption""})) | REFERENCES: Opportunity Count -> Pipeline + SUMX(VALUES('Pipeline'[dimopportunitykey]),1)","The name indicates it calculates the count of consumed opportunities, which aligns with the context.","The name reflects the calculation as it filters and counts consumed opportunities, as shown in the context.","The abbreviation 'Oppties' is unclear and not a standard abbreviation, making the name cryptic.",0.2,0.2,0.2,0.2,0.0,0.3,0.15,0.3,0.2,0.2,0.4,0.4,0.0,0.4,1.15,2.0,0.575
Pipeline,% Total Opty count w/ priority,"VAR X = CALCULATE([Opportunity Count],KEEPFILTERS('Pipeline'[TopParentOpenOpptyFlag] = 1))

RETURN DIVIDE ([# Open Opportunities w/ Priority],X)",,issue,No,,No,,Yes,"# open opportunities w/ priority, opportunity count",Medium,Medium complexity due to moderate business logic or formatting. Details: Calculated measure with intermediate business logic; Moderate length expression (144 characters); Well-formatted with line breaks,calculated_measure,Rule 4: Replace division operator (/) with DIVIDE() function for error handling,Yes,,"% Total Opty count w/ priority -> Pipeline + VAR X = CALCULATE([Opportunity Count],KEEPFILTERS('Pipeline'[TopParentOpenOpptyFlag] = 1))

RETURN DIVIDE ([# Open Opportunities w/ Priority],X) | REFERENCES: # Open Opportunities w/ Priority -> Pipeline + CALCULATE([# Opportunities w/ Priority]
        ,KEEPFILTERS('Priority Pipeline'[OpenOpportunityFlag] =1)), Opportunity Count -> Pipeline + SUMX(VALUES('Pipeline'[dimopportunitykey]),1)","The name indicates it calculates the percentage of total opportunity count with priority, which aligns with the context.","The name reflects the calculation as it divides the count of open opportunities with priority by the total opportunity count, as shown in the context.","The abbreviation 'Opty' is unclear and not a standard abbreviation, making the name cryptic.",0.2,0.2,0.2,0.2,0.3,0.3,0.18,0.3,0.2,0.2,0.4,0.4,0.0,0.4,1.48,2.0,0.74
Pipeline,% Total Stage 1 Opty count w/ priority,"CALCULATE([% Total Opty count w/ priority],KEEPFILTERS(Opportunity[Sales Stage Sort]=1))",,issue,No,,No,,Yes,% total opty count w/ priority,Low,Low complexity due to simple structure and clear purpose. Details: Ratio or percentage calculation with clear business logic,ratio_percentage,"Rule 4: Format CALCULATE function: CALCULATE(\n    expression,\n    filter1,\n    filter2\n); Rule 4: Replace division operator (/) with DIVIDE() function for error handling",No,,"% Total Stage 1 Opty count w/ priority -> Pipeline + CALCULATE([% Total Opty count w/ priority],KEEPFILTERS(Opportunity[Sales Stage Sort]=1)) | REFERENCES: % Total Opty count w/ priority -> Pipeline + VAR X = CALCULATE([Opportunity Count],KEEPFILTERS('Pipeline'[TopParentOpenOpptyFlag] = 1))

RETURN DIVIDE ([# Open Opportunities w/ Priority],X)","The name indicates it calculates the percentage of total stage 1 opportunity count with priority, which aligns with the context.","The name reflects the calculation as it filters stage 1 opportunities and calculates the percentage with priority, as shown in the context.","The abbreviation 'Opty' is unclear and not a standard abbreviation, making the name cryptic.",0.2,0.2,0.2,0.2,0.0,0.3,0.3,0.3,0.2,0.2,0.4,0.4,0.0,0.4,1.2999999999999998,2.0,0.6499999999999999
Pipeline,% Total Stage 1 pipeline w/ priority,"CALCULATE([% Total Pipeline w/ Priority],KEEPFILTERS(Opportunity[Sales Stage Sort]=1))",,good,No,,No,,Yes,% total pipeline w/ priority,Low,Low complexity due to simple structure and clear purpose. Details: Ratio or percentage calculation with clear business logic,ratio_percentage,"Rule 4: Format CALCULATE function: CALCULATE(\n    expression,\n    filter1,\n    filter2\n); Rule 4: Replace division operator (/) with DIVIDE() function for error handling",No,,"% Total Stage 1 pipeline w/ priority -> Pipeline + CALCULATE([% Total Pipeline w/ Priority],KEEPFILTERS(Opportunity[Sales Stage Sort]=1)) | REFERENCES: % Total Pipeline w/ Priority -> Pipeline +  VAR Num = CALCULATE( [Billed Pipeline w/ Priority] + [ACR Pipeline w/ Priority], KEEPFILTERS( 'Priority Pipeline'[OpenOpportunityFlag] = 1 ) )
 VAR Den = CALCULATE( [Billed Pipeline] + [ACR Pipeline],KEEPFILTERS('Pipeline'[TopParentOpenOpptyFlag] = 1) ) 
 RETURN DIVIDE(Num, Den)        
        
        
       ","The name indicates it calculates the percentage of total stage 1 pipeline with priority, which aligns with the context.","The name reflects the calculation as it filters stage 1 pipeline and calculates the percentage with priority, as shown in the context.",There are no problematic abbreviations in the name.,0.2,0.2,0.2,0.2,0.0,0.3,0.3,0.3,0.2,0.2,0.4,0.4,0.4,0.4,1.6999999999999997,2.0,0.8499999999999999
Pipeline,Billed Pipeline Base,"CALCULATE(SUM(Pipeline[PipelineUSD]),KEEPFILTERS(Pipeline[PipelineType]=""Billed""))",,good,No,,No,,No,,Low,"Low complexity due to simple structure and clear purpose. Details: Simple aggregation function (SUM, COUNT, AVERAGE, etc.)",simple_aggregation,"Rule 4: Format CALCULATE function: CALCULATE(\n    expression,\n    filter1,\n    filter2\n); Rule 4: Format SUM expressions with line breaks when part of complex calculations",Yes,,"Billed Pipeline Base -> Pipeline + CALCULATE(SUM(Pipeline[PipelineUSD]),KEEPFILTERS(Pipeline[PipelineType]=""Billed""))","The name indicates it calculates the base value of billed pipeline, which aligns with the context.","The name reflects the calculation as it sums the billed pipeline values, as shown in the context.",There are no problematic abbreviations in the name.,0.2,0.2,0.2,0.2,0.3,0.3,0.3,0.3,0.2,0.2,0.4,0.4,0.4,0.4,2.0,2.0,1.0
Pipeline,ACR Pipeline Base,"CALCULATE(SUM(Pipeline[ACRPipelineUSD]),KEEPFILTERS(Pipeline[PipelineType]=""Consumption""),ALL('Product'))",,good,No,,No,,No,,Medium,Medium complexity due to moderate business logic or formatting. Details: Calculated measure with intermediate business logic; Moderate length expression (105 characters); Moderate function nesting (4 nested functions); Single-line format reduces readability,calculated_measure,"Rule 4: Format CALCULATE function: CALCULATE(\n    expression,\n    filter1,\n    filter2\n); Rule 4: Format SUM expressions with line breaks when part of complex calculations; Rule 4: Consider simplifying business logic or adding better documentation",Yes,,"ACR Pipeline Base -> Pipeline + CALCULATE(SUM(Pipeline[ACRPipelineUSD]),KEEPFILTERS(Pipeline[PipelineType]=""Consumption""),ALL('Product'))","The name indicates it calculates the base value of ACR pipeline, which aligns with the context.","The name reflects the calculation as it sums the ACR pipeline values, as shown in the context.",There are no problematic abbreviations in the name. 'ACR' is a standard Microsoft abbreviation.,0.2,0.2,0.2,0.2,0.3,0.3,0.15,0.3,0.2,0.2,0.4,0.4,0.4,0.4,1.85,2.0,0.925
Pipeline,# Open Opportunities w/ Priority,"CALCULATE([# Opportunities w/ Priority]
        ,KEEPFILTERS('Priority Pipeline'[OpenOpportunityFlag] =1))",,good,No,,No,,Yes,# opportunities w/ priority,Medium,Medium complexity due to moderate business logic or formatting. Details: Calculated measure with intermediate business logic; Moderate length expression (106 characters); Well-formatted with line breaks,calculated_measure,Rule 4: Replace division operator (/) with DIVIDE() function for error handling,Yes,,"# Open Opportunities w/ Priority -> Pipeline + CALCULATE([# Opportunities w/ Priority]
        ,KEEPFILTERS('Priority Pipeline'[OpenOpportunityFlag] =1)) | REFERENCES: # Opportunities w/ Priority -> Pipeline + SUMX( VALUES( 'Priority Pipeline'[dimopportunitykey] ), 1 )
            
    ","The name indicates it calculates the count of open opportunities with priority, which aligns with the context.","The name reflects the calculation as it filters and counts open opportunities with priority, as shown in the context.",There are no problematic abbreviations in the name.,0.2,0.2,0.2,0.2,0.3,0.3,0.18,0.3,0.2,0.2,0.4,0.4,0.4,0.4,1.88,2.0,0.94
Pipeline,# Open Opportunities w/o Priority," CALCULATE([Opportunity Count]
 ,KEEPFILTERS('Opportunity'[Account Priority Attached]=""No"")
,KEEPFILTERS('Pipeline'[TopParentOpenOpptyFlag]=1))
",,warning,No,,No,,Yes,opportunity count,Medium,Medium complexity due to moderate business logic or formatting. Details: Calculated measure with intermediate business logic; Moderate length expression (144 characters); Well-formatted with line breaks,calculated_measure,Formula follows Rule 4 complexity best practices,No,,"# Open Opportunities w/o Priority -> Pipeline +  CALCULATE([Opportunity Count]
 ,KEEPFILTERS('Opportunity'[Account Priority Attached]=""No"")
,KEEPFILTERS('Pipeline'[TopParentOpenOpptyFlag]=1))
 | REFERENCES: Opportunity Count -> Pipeline + SUMX(VALUES('Pipeline'[dimopportunitykey]),1)","The name indicates it calculates the count of open opportunities without priority, which aligns with the context.","The name reflects the calculation as it filters and counts open opportunities without priority, as shown in the context.",There are no problematic abbreviations in the name.,0.2,0.2,0.2,0.2,0.0,0.3,0.18,0.3,0.2,0.2,0.4,0.4,0.4,0.4,1.58,2.0,0.79
Pipeline,Qualified Pipeline,"CALCULATE(
    SUM( 'Pipeline'[QualifiedPipeline] )
    , KEEPFILTERS( Pipeline[PipelineType] = ""Billed"" )
)
",,warning,No,,No,,No,,Medium,Medium complexity due to moderate business logic or formatting. Details: Calculated measure with intermediate business logic; Moderate length expression (109 characters); Well-formatted with line breaks,calculated_measure,Formula follows Rule 4 complexity best practices,No,,"Qualified Pipeline -> Pipeline + CALCULATE(
    SUM( 'Pipeline'[QualifiedPipeline] )
    , KEEPFILTERS( Pipeline[PipelineType] = ""Billed"" )
)
","The name indicates it calculates the qualified pipeline, which aligns with the context.","The name reflects the calculation as it sums the qualified pipeline values, as shown in the context.",There are no problematic abbreviations in the name.,0.2,0.2,0.2,0.2,0.0,0.3,0.18,0.3,0.2,0.2,0.4,0.4,0.4,0.4,1.58,2.0,0.79
Pipeline,Azure Qualified Pipeline,"CALCULATE(
    SUM('Pipeline'[QualifiedPipeline])
    ,KEEPFILTERS(Pipeline[PipelineType] = ""Consumption"")
    ,USERELATIONSHIP(Account[dimaccountgeographyhierarchykey],Pipeline[dimaccountgeographyhierarchykey]))",,issue,No,,No,,No,,High,"High complexity due to complex logic, poor structure, or unclear purpose. Details: Complex calculation with multiple operations and conditions; Moderate length expression (212 characters); Moderate function nesting (4 nested functions); Well-formatted with line breaks",complex_calculation,Rule 4: CRITICAL - High complexity measure needs restructuring and simplification; Rule 4: CRITICAL - Break complex calculation into multiple simpler measures for better maintainability,No,,"Azure Qualified Pipeline -> Pipeline + CALCULATE(
    SUM('Pipeline'[QualifiedPipeline])
    ,KEEPFILTERS(Pipeline[PipelineType] = ""Consumption"")
    ,USERELATIONSHIP(Account[dimaccountgeographyhierarchykey],Pipeline[dimaccountgeographyhierarchykey]))","The name indicates it calculates the Azure qualified pipeline, which aligns with the context.","The name reflects the calculation as it sums the Azure qualified pipeline values, as shown in the context.",There are no problematic abbreviations in the name.,0.2,0.2,0.2,0.2,0.0,0.3,0.0,0.3,0.2,0.2,0.4,0.4,0.4,0.4,1.4,2.0,0.7
User Seller,CURRENT_USER,"LEFT(USERPRINCIPALNAME(),FIND(""@"",USERPRINCIPALNAME())-1)",,issue,No,,No,,No,,High,"High complexity due to complex logic, poor structure, or unclear purpose. Details: Undocumented or unclear calculation pattern; Moderate function nesting (4 nested functions)",undocumented,Rule 4: CRITICAL - High complexity measure needs restructuring and simplification; Rule 4: CRITICAL - Add clear business documentation and consider simplifying unclear calculation pattern,No,,"CURRENT_USER -> User Seller + LEFT(USERPRINCIPALNAME(),FIND(""@"",USERPRINCIPALNAME())-1)","The name 'CURRENT_USER' is self-explanatory as it clearly indicates that the measure is related to identifying or retrieving the current user, which aligns with the context of extracting the username from the USERPRINCIPALNAME function.","The name 'CURRENT_USER' reflects the calculation shown in the context, which extracts the current user's name from their USERPRINCIPALNAME. The name aligns with the business purpose of identifying the current user.",There are no cryptic or problematic abbreviations in the measure name 'CURRENT_USER'. The name is clear and uses standard terminology.,0.2,0.2,0.2,0.2,0.0,0.3,0.0,0.3,0.2,0.2,0.4,0.4,0.4,0.4,1.4,2.0,0.7
