Table,Measure,Expression,Description,Issue_Severity,Has_Duplicate,Duplicate_Measure_Names,Has_Qualified_Measure_References,Qualified_Referenced_Measures,Has_All_Measure_References,All_Referenced_Measures,Measure_Complexity_Level,Measure_Complexity_Explanation,Calculation_Type,Complexity_Recommendations,Has_Commonly_Used_Measure,Commonly_Used_Explanation,DAX_Recommendations,Self_Explanatory_Explanation,Name_Reflects_Explanation,Abbreviations_Explanation,Unqualified_Measures_Score,Unqualified_Measures_Max_Score,Unique_Measure_Calculation_Score,Unique_Measure_Calculation_Max_Score,Commonly_Used_Measure_Score,Commonly_Used_Measure_Max_Score,Measure_Complexity_Score,Measure_Complexity_Max_Score,Is_Self_Explanatory_Score,Is_Self_Explanatory_Max_Score,Name_Reflects_Expression_Score,Name_Reflects_Expression_Max_Score,Avoid_Abbreviations_Score,Avoid_Abbreviations_Max_Score,Overall_Score,Max_Score,Confidence_Score,Recommendations
Account,TPID Count,COUNT( Account[TPID] ),,good,No,,No,,No,,Low,"Low complexity due to simple structure and clear purpose. Details: Simple aggregation function (SUM, COUNT, AVERAGE, etc.)",simple_aggregation,Formula follows measure complexity best practices,Yes,"Referenced by 8 measure(s): # Accounts w/ Unified or Premier, % of Accounts with sep, % of Accounts with ACSP and 5 more",,"The name 'TPID Count' is self-explanatory as it clearly indicates that it counts TPIDs, which is a standard business term.","The name 'TPID Count' accurately reflects the calculation in the context, which is counting the TPID field in the Account table.",The abbreviation 'TPID' is a standard Microsoft business term (Top Parent ID) and is acceptable.,0.2,0.2,0.2,0.2,0.3,0.3,0.3,0.3,0.2,0.2,0.4,0.4,0.4,0.4,2.0,2.0,1.0,No specific recommendations
Account,# Accounts w/ Unified or Premier,"CALCULATE([TPID Count],KEEPFILTERS(Account[Has Premier Unified] = ""Yes""))",,warning,No,,No,,Yes,tpid count,Medium,Medium complexity due to moderate business logic or formatting. Details: Calculated measure with intermediate business logic,calculated_measure,"Format CALCULATE function: CALCULATE(\n    expression,\n    filter1,\n    filter2\n); Consider simplifying business logic or adding better documentation",No,Not referenced by any other measures in the model,,The name '# Accounts w/ Unified or Premier' is self-explanatory as it indicates it counts accounts with Unified or Premier services.,"The name reflects the calculation, which filters accounts with 'Has Premier Unified' set to 'Yes' and counts them using the 'TPID Count' measure.",The abbreviation '#' for 'Number of' is universally understood and acceptable.,0.2,0.2,0.2,0.2,0.0,0.3,0.15,0.3,0.2,0.2,0.4,0.4,0.4,0.4,1.5499999999999998,2.0,0.7749999999999999,"Complexity: Medium complexity due to moderate business logic or formatting. Details: Calculated measure with intermediate business logic | Complexity Action: Format CALCULATE function: CALCULATE(\n    expression,\n    filter1,\n    filter2\n); Consider simplifying business logic or adding better documentation | Pattern Usage: Not referenced by any other measures in the model"
Account,ATQ Latest,AVERAGE(Account[ATQ]),,good,No,,No,,No,,Low,"Low complexity due to simple structure and clear purpose. Details: Simple aggregation function (SUM, COUNT, AVERAGE, etc.)",simple_aggregation,Formula follows measure complexity best practices,No,Not referenced by any other measures in the model,,"The name 'ATQ Latest' is self-explanatory as it indicates it calculates the latest ATQ (Adjusted Time Quarter), a standard Microsoft term.","The name reflects the calculation, which averages the ATQ field in the Account table.",The abbreviation 'ATQ' is a standard Microsoft term (Adjusted Time Quarter) and is acceptable.,0.2,0.2,0.2,0.2,0.0,0.3,0.3,0.3,0.2,0.2,0.4,0.4,0.4,0.4,1.6999999999999997,2.0,0.8499999999999999,Pattern Usage: Not referenced by any other measures in the model
Account,Understands Strategic Priorities Latest,AVERAGE(Account[UnderstandsStrategicPriorities]),,good,No,,No,,No,,Low,"Low complexity due to simple structure and clear purpose. Details: Simple aggregation function (SUM, COUNT, AVERAGE, etc.)",simple_aggregation,Formula follows measure complexity best practices,No,Not referenced by any other measures in the model,,The name 'Understands Strategic Priorities Latest' is self-explanatory as it indicates it calculates the latest value for understanding strategic priorities.,"The name reflects the calculation, which averages the 'UnderstandsStrategicPriorities' field in the Account table.",There are no cryptic abbreviations in the name.,0.2,0.2,0.2,0.2,0.0,0.3,0.3,0.3,0.2,0.2,0.4,0.4,0.4,0.4,1.6999999999999997,2.0,0.8499999999999999,Pattern Usage: Not referenced by any other measures in the model
Account,Identify Right Solutions Based on Needs Latest,AVERAGE(Account[IdentifyRightSolutionsBasedonNeeds]),,good,No,,No,,No,,Low,"Low complexity due to simple structure and clear purpose. Details: Simple aggregation function (SUM, COUNT, AVERAGE, etc.)",simple_aggregation,Formula follows measure complexity best practices,No,Not referenced by any other measures in the model,,The name 'Identify Right Solutions Based on Needs Latest' is self-explanatory as it indicates it calculates the latest value for identifying the right solutions based on needs.,"The name reflects the calculation, which averages the 'IdentifyRightSolutionsBasedonNeeds' field in the Account table.",There are no cryptic abbreviations in the name.,0.2,0.2,0.2,0.2,0.0,0.3,0.3,0.3,0.2,0.2,0.4,0.4,0.4,0.4,1.6999999999999997,2.0,0.8499999999999999,Pattern Usage: Not referenced by any other measures in the model
Account,Delta ATQ,"IF(AVERAGE(Account[ATQ])=0,"""",AVERAGE(Account[delta_ATQ]))",,good,No,,No,,No,,Low,"Low complexity due to simple structure and clear purpose. Details: Simple aggregation function (SUM, COUNT, AVERAGE, etc.)",simple_aggregation,Formula follows measure complexity best practices,No,Not referenced by any other measures in the model,,The name 'Delta ATQ' is self-explanatory as it indicates it calculates the change (delta) in ATQ (Adjusted Time Quarter).,"The name reflects the calculation, which computes the average delta for the ATQ field in the Account table.",The abbreviation 'ATQ' is a standard Microsoft term (Adjusted Time Quarter) and is acceptable.,0.2,0.2,0.2,0.2,0.0,0.3,0.3,0.3,0.2,0.2,0.4,0.4,0.4,0.4,1.6999999999999997,2.0,0.8499999999999999,Pattern Usage: Not referenced by any other measures in the model
Account,Delta Understands Strategic Priorities,"IF(AVERAGE(Account[UnderstandsStrategicPriorities])=0,"""",AVERAGE(Account[delta_UnderstandsStrategicPriorities]))",,warning,No,,No,,No,,Medium,Medium complexity due to moderate business logic or formatting. Details: Calculated measure with intermediate business logic; Moderate length expression (112 characters); Single-line format reduces readability,calculated_measure,Consider simplifying business logic or adding better documentation,No,Not referenced by any other measures in the model,,The name 'Delta Understands Strategic Priorities' is self-explanatory as it indicates it calculates the change (delta) in understanding strategic priorities.,"The name reflects the calculation, which computes the average delta for the 'UnderstandsStrategicPriorities' field in the Account table.",There are no cryptic abbreviations in the name.,0.2,0.2,0.2,0.2,0.0,0.3,0.15,0.3,0.2,0.2,0.4,0.4,0.4,0.4,1.5499999999999998,2.0,0.7749999999999999,Complexity: Medium complexity due to moderate business logic or formatting. Details: Calculated measure with intermediate business logic; Moderate length expression (112 characters); Single-line format reduces readability | Complexity Action: Consider simplifying business logic or adding better documentation | Pattern Usage: Not referenced by any other measures in the model
Account,Delta Identify Right Solutions Based on Needs,"IF(AVERAGE(Account[IdentifyRightSolutionsBasedonNeeds])=0,"""",AVERAGE(Account[delta_IdentifyRightSolutionsBasedonNeeds]))",,warning,No,,No,,No,,Medium,Medium complexity due to moderate business logic or formatting. Details: Calculated measure with intermediate business logic; Moderate length expression (120 characters); Single-line format reduces readability,calculated_measure,Consider simplifying business logic or adding better documentation,No,Not referenced by any other measures in the model,,The name 'Delta Identify Right Solutions Based on Needs' is self-explanatory as it indicates it calculates the change (delta) in identifying the right solutions based on needs.,"The name reflects the calculation, which computes the average delta for the 'IdentifyRightSolutionsBasedonNeeds' field in the Account table.",There are no cryptic abbreviations in the name.,0.2,0.2,0.2,0.2,0.0,0.3,0.15,0.3,0.2,0.2,0.4,0.4,0.4,0.4,1.5499999999999998,2.0,0.7749999999999999,Complexity: Medium complexity due to moderate business logic or formatting. Details: Calculated measure with intermediate business logic; Moderate length expression (120 characters); Single-line format reduces readability | Complexity Action: Consider simplifying business logic or adding better documentation | Pattern Usage: Not referenced by any other measures in the model
Account,% of Accounts with Exec Sponsor,"var num= CALCULATE(SUMX(VALUES('Account Plan Priority'[AccountPlanPriorityID]),1),
    KEEPFILTERS(Account[executivesponsorid] <> blank())
)
var den= SUMX( VALUES( 'Account Plan Priority'[AccountPlanPriorityID] ), 1 ) 


return DIVIDE(num,den)",,warning,No,,No,,No,,Medium,Medium complexity due to moderate business logic or formatting. Details: Ratio or percentage calculation with clear business logic; Moderate length expression (243 characters); High function nesting (8 nested functions); Well-formatted with line breaks,ratio_percentage,Formula follows measure complexity best practices,No,Not referenced by any other measures in the model,,The name '% of Accounts with Exec Sponsor' is self-explanatory as it indicates it calculates the percentage of accounts with an executive sponsor.,"The name reflects the calculation, which divides the number of accounts with an executive sponsor by the total number of accounts.",The abbreviation 'Exec' for 'Executive' is widely understood and acceptable.,0.2,0.2,0.2,0.2,0.0,0.3,0.15,0.3,0.2,0.2,0.4,0.4,0.4,0.4,1.5499999999999998,2.0,0.7749999999999999,Complexity: Medium complexity due to moderate business logic or formatting. Details: Ratio or percentage calculation with clear business logic; Moderate length expression (243 characters); High function nesting (8 nested functions); Well-formatted with line breaks | Complexity Action: Formula follows measure complexity best practices | Pattern Usage: Not referenced by any other measures in the model
Account,Helps Maximize Solutions Latest,AVERAGE(Account[HelpsMaximizeSolutions]),,good,No,,No,,No,,Low,"Low complexity due to simple structure and clear purpose. Details: Simple aggregation function (SUM, COUNT, AVERAGE, etc.)",simple_aggregation,Formula follows measure complexity best practices,No,Not referenced by any other measures in the model,,The name 'Helps Maximize Solutions Latest' is self-explanatory as it indicates it calculates the latest value for helping to maximize solutions.,"The name reflects the calculation, which averages the 'HelpsMaximizeSolutions' field in the Account table.",There are no cryptic abbreviations in the name.,0.2,0.2,0.2,0.2,0.0,0.3,0.3,0.3,0.2,0.2,0.4,0.4,0.4,0.4,1.6999999999999997,2.0,0.8499999999999999,Pattern Usage: Not referenced by any other measures in the model
Account,Delta Helps Maximize Solutions Value,"IF(AVERAGE(Account[HelpsMaximizeSolutions])=0,"""",AVERAGE(Account[delta_HelpsMaximizeSolutions]))",,good,No,,No,,No,,Low,"Low complexity due to simple structure and clear purpose. Details: Simple aggregation function (SUM, COUNT, AVERAGE, etc.)",simple_aggregation,Formula follows measure complexity best practices,No,Not referenced by any other measures in the model,,The name 'Delta Helps Maximize Solutions Value' is self-explanatory as it indicates it calculates the change (delta) in helping to maximize solutions.,"The name reflects the calculation, which computes the average delta for the 'HelpsMaximizeSolutions' field in the Account table.",There are no cryptic abbreviations in the name.,0.2,0.2,0.2,0.2,0.0,0.3,0.3,0.3,0.2,0.2,0.4,0.4,0.4,0.4,1.6999999999999997,2.0,0.8499999999999999,Pattern Usage: Not referenced by any other measures in the model
Account,Delta Joint Planning Addresses Needs,"IF(AVERAGE(Account[JointPlanningAddressesNeeds])=0,"""",AVERAGE(Account[delta_JointPlanningAddressesNeeds]))",,warning,No,,No,,No,,Medium,Medium complexity due to moderate business logic or formatting. Details: Calculated measure with intermediate business logic; Moderate length expression (106 characters); Single-line format reduces readability,calculated_measure,Consider simplifying business logic or adding better documentation,No,Not referenced by any other measures in the model,,The name 'Delta Joint Planning Addresses Needs' is self-explanatory as it indicates it calculates the change (delta) in joint planning addressing needs.,"The name reflects the calculation, which computes the average delta for the 'JointPlanningAddressesNeeds' field in the Account table.",There are no cryptic abbreviations in the name.,0.2,0.2,0.2,0.2,0.0,0.3,0.15,0.3,0.2,0.2,0.4,0.4,0.4,0.4,1.5499999999999998,2.0,0.7749999999999999,Complexity: Medium complexity due to moderate business logic or formatting. Details: Calculated measure with intermediate business logic; Moderate length expression (106 characters); Single-line format reduces readability | Complexity Action: Consider simplifying business logic or adding better documentation | Pattern Usage: Not referenced by any other measures in the model
Account,Joint Planning Addresses Needs,AVERAGE(Account[JointPlanningAddressesNeeds]),,good,No,,No,,No,,Low,"Low complexity due to simple structure and clear purpose. Details: Simple aggregation function (SUM, COUNT, AVERAGE, etc.)",simple_aggregation,Formula follows measure complexity best practices,No,Not referenced by any other measures in the model,,The name 'Joint Planning Addresses Needs' is self-explanatory as it indicates it calculates the value for joint planning addressing needs.,"The name reflects the calculation, which averages the 'JointPlanningAddressesNeeds' field in the Account table.",There are no cryptic abbreviations in the name.,0.2,0.2,0.2,0.2,0.0,0.3,0.3,0.3,0.2,0.2,0.4,0.4,0.4,0.4,1.6999999999999997,2.0,0.8499999999999999,Pattern Usage: Not referenced by any other measures in the model
Account,Delta Continuous Relationship Building,"IF(AVERAGE(Account[ContinuousRelationshipBuilding])=0,"""",AVERAGE(Account[delta_ContinuousRelationshipBuilding]))",,warning,No,,No,,No,,Medium,Medium complexity due to moderate business logic or formatting. Details: Calculated measure with intermediate business logic; Moderate length expression (112 characters); Single-line format reduces readability,calculated_measure,Consider simplifying business logic or adding better documentation,No,Not referenced by any other measures in the model,,The name 'Delta Continuous Relationship Building' is self-explanatory as it indicates it calculates the change (delta) in continuous relationship building.,"The name reflects the calculation, which computes the average delta for the 'ContinuousRelationshipBuilding' field in the Account table.",There are no cryptic abbreviations in the name.,0.2,0.2,0.2,0.2,0.0,0.3,0.15,0.3,0.2,0.2,0.4,0.4,0.4,0.4,1.5499999999999998,2.0,0.7749999999999999,Complexity: Medium complexity due to moderate business logic or formatting. Details: Calculated measure with intermediate business logic; Moderate length expression (112 characters); Single-line format reduces readability | Complexity Action: Consider simplifying business logic or adding better documentation | Pattern Usage: Not referenced by any other measures in the model
Account,Continuous Relationship Building,AVERAGE(Account[ContinuousRelationshipBuilding]),,good,No,,No,,No,,Low,"Low complexity due to simple structure and clear purpose. Details: Simple aggregation function (SUM, COUNT, AVERAGE, etc.)",simple_aggregation,Formula follows measure complexity best practices,No,Not referenced by any other measures in the model,,The name 'Continuous Relationship Building' is self-explanatory as it indicates it calculates the value for continuous relationship building.,"The name reflects the calculation, which averages the 'ContinuousRelationshipBuilding' field in the Account table.",There are no cryptic abbreviations in the name.,0.2,0.2,0.2,0.2,0.0,0.3,0.3,0.3,0.2,0.2,0.4,0.4,0.4,0.4,1.6999999999999997,2.0,0.8499999999999999,Pattern Usage: Not referenced by any other measures in the model
Account,% of Accounts with sep,"var den=[TPID Count]
var num=CALCULATE([TPID Count],keepfilters(Account[issep]=""yes""))

RETURN DIVIDE(num,den)",,issue,No,,No,,Yes,tpid count,Low,Low complexity due to simple structure and clear purpose. Details: Ratio or percentage calculation with clear business logic; Moderate length expression (110 characters); Well-formatted with line breaks,ratio_percentage,Formula follows measure complexity best practices,No,Not referenced by any other measures in the model,,"The name '% of Accounts with sep' is self-explanatory in the context of the measure, as it indicates it calculates the percentage of accounts with a specific condition ('sep').","The name reflects the calculation, as the context shows it divides the count of accounts with 'issep' = 'yes' by the total count of accounts.","The abbreviation 'sep' is unclear and not a standard abbreviation, making the name cryptic.",0.2,0.2,0.2,0.2,0.0,0.3,0.3,0.3,0.2,0.2,0.4,0.4,0.0,0.4,1.2999999999999998,2.0,0.6499999999999999,"Pattern Usage: Not referenced by any other measures in the model | Abbreviations: The abbreviation 'sep' is unclear and not a standard abbreviation, making the name cryptic."
Account,% of Accounts with ACSP,"var den=[TPID Count]
var num=CALCULATE([TPID Count],keepfilters(Account[isacsp]=""yes""))

RETURN DIVIDE(num,den)",,good,No,,No,,Yes,tpid count,Low,Low complexity due to simple structure and clear purpose. Details: Ratio or percentage calculation with clear business logic; Moderate length expression (111 characters); Well-formatted with line breaks,ratio_percentage,Formula follows measure complexity best practices,No,Not referenced by any other measures in the model,,"The name '% of Accounts with ACSP' is self-explanatory in the context of the measure, as it indicates it calculates the percentage of accounts with a specific condition ('ACSP').","The name reflects the calculation, as the context shows it divides the count of accounts with 'isacsp' = 'yes' by the total count of accounts.",The abbreviation 'ACSP' is acceptable as it is likely a standard business term or acronym.,0.2,0.2,0.2,0.2,0.0,0.3,0.3,0.3,0.2,0.2,0.4,0.4,0.4,0.4,1.6999999999999997,2.0,0.8499999999999999,Pattern Usage: Not referenced by any other measures in the model
Account,% of Accounts with APT,"var den=[TPID Count]
var num=CALCULATE([TPID Count],keepfilters(Account[isapt]=""yes""))

RETURN DIVIDE(num,den)",,good,No,,No,,Yes,tpid count,Low,Low complexity due to simple structure and clear purpose. Details: Ratio or percentage calculation with clear business logic; Moderate length expression (110 characters); Well-formatted with line breaks,ratio_percentage,Formula follows measure complexity best practices,No,Not referenced by any other measures in the model,,"The name '% of Accounts with APT' is self-explanatory in the context of the measure, as it indicates it calculates the percentage of accounts with a specific condition ('APT').","The name reflects the calculation, as the context shows it divides the count of accounts with 'isapt' = 'yes' by the total count of accounts.",The abbreviation 'APT' is acceptable as it is likely a standard business term or acronym.,0.2,0.2,0.2,0.2,0.0,0.3,0.3,0.3,0.2,0.2,0.4,0.4,0.4,0.4,1.6999999999999997,2.0,0.8499999999999999,Pattern Usage: Not referenced by any other measures in the model
Account,% of Accounts with CSAA,"var den=[TPID Count]
var num=CALCULATE([TPID Count],keepfilters(Account[iscsaa]=""yes""))

RETURN DIVIDE(num,den)",,good,No,,No,,Yes,tpid count,Low,Low complexity due to simple structure and clear purpose. Details: Ratio or percentage calculation with clear business logic; Moderate length expression (111 characters); Well-formatted with line breaks,ratio_percentage,Formula follows measure complexity best practices,No,Not referenced by any other measures in the model,,"The name '% of Accounts with CSAA' is self-explanatory in the context of the measure, as it indicates it calculates the percentage of accounts with a specific condition ('CSAA').","The name reflects the calculation, as the context shows it divides the count of accounts with 'iscsaa' = 'yes' by the total count of accounts.",The abbreviation 'CSAA' is acceptable as it is likely a standard business term or acronym.,0.2,0.2,0.2,0.2,0.0,0.3,0.3,0.3,0.2,0.2,0.4,0.4,0.4,0.4,1.6999999999999997,2.0,0.8499999999999999,Pattern Usage: Not referenced by any other measures in the model
Calendar,Last Refresh Icon,"""🕘""",,warning,No,,No,,No,,Medium,Medium complexity due to moderate business logic or formatting,,Formula follows measure complexity best practices,No,Not referenced by any other measures in the model,,The name 'Last Refresh Icon' is self-explanatory as it clearly indicates it represents an icon for the last refresh.,"The name reflects the calculation, as the context shows it returns a clock emoji, which aligns with the name.","There are no abbreviations in the name, making it clear and understandable.",0.2,0.2,0.2,0.2,0.0,0.3,0.15,0.3,0.2,0.2,0.4,0.4,0.4,0.4,1.5499999999999998,2.0,0.7749999999999999,Complexity: Medium complexity due to moderate business logic or formatting | Complexity Action: Formula follows measure complexity best practices | Pattern Usage: Not referenced by any other measures in the model
Calendar,Information Icon,"""i""",,warning,No,,No,,No,,Medium,Medium complexity due to moderate business logic or formatting,,Formula follows measure complexity best practices,No,Not referenced by any other measures in the model,,The name 'Information Icon' is self-explanatory as it clearly indicates it represents an information icon.,"The name reflects the calculation, as the context shows it returns an 'i' character, which aligns with the name.","There are no abbreviations in the name, making it clear and understandable.",0.2,0.2,0.2,0.2,0.0,0.3,0.15,0.3,0.2,0.2,0.4,0.4,0.4,0.4,1.5499999999999998,2.0,0.7749999999999999,Complexity: Medium complexity due to moderate business logic or formatting | Complexity Action: Formula follows measure complexity best practices | Pattern Usage: Not referenced by any other measures in the model
Calendar,Filters Applied Icon,"""🗸""",,warning,No,,No,,No,,Medium,Medium complexity due to moderate business logic or formatting,,Formula follows measure complexity best practices,No,Not referenced by any other measures in the model,,The name 'Filters Applied Icon' is self-explanatory as it clearly indicates it represents an icon for applied filters.,"The name reflects the calculation, as the context shows it returns a filter emoji, which aligns with the name.","There are no abbreviations in the name, making it clear and understandable.",0.2,0.2,0.2,0.2,0.0,0.3,0.15,0.3,0.2,0.2,0.4,0.4,0.4,0.4,1.5499999999999998,2.0,0.7749999999999999,Complexity: Medium complexity due to moderate business logic or formatting | Complexity Action: Formula follows measure complexity best practices | Pattern Usage: Not referenced by any other measures in the model
Account Planning,# of Priorities w/ Pipeline,"CALCULATE([# of Priorities] 
,KEEPFILTERS('Account Planning'[Attached To Opportunity] = ""Yes"")
,KEEPFILTERS('Opportunity'[ParentingLevel Oppties]=""TopParentOppties""))",,good,No,,No,,Yes,# of priorities,Medium,Medium complexity due to moderate business logic or formatting. Details: Calculated measure with intermediate business logic; Moderate length expression (166 characters); Well-formatted with line breaks,calculated_measure,Formula follows measure complexity best practices,Yes,"Referenced by 2 measure(s): % of Priorities w/ Pipeline, # Plans with Opportunities",,The name '# of Priorities w/ Pipeline' is self-explanatory as it indicates it calculates the count of priorities associated with a pipeline.,"The name reflects the calculation, as the context shows it counts priorities attached to opportunities with specific filters.","There are no problematic abbreviations in the name, making it clear and understandable.",0.2,0.2,0.2,0.2,0.3,0.3,0.18,0.3,0.2,0.2,0.4,0.4,0.4,0.4,1.88,2.0,0.94,Complexity: Medium complexity due to moderate business logic or formatting. Details: Calculated measure with intermediate business logic; Moderate length expression (166 characters); Well-formatted with line breaks | Complexity Action: Formula follows measure complexity best practices
Account Planning,% of Priorities w/ Pipeline,"CALCULATE(DIVIDE([# of Priorities w/ Pipeline],[# of Priorities]),KEEPFILTERS(Opportunity[ParentingLevel Oppties]=""TopParentOppties""))",,good,No,,No,,Yes,"# of priorities, # of priorities w/ pipeline",Low,Low complexity due to simple structure and clear purpose. Details: Ratio or percentage calculation with clear business logic; Moderate length expression (134 characters); Single-line format reduces readability,ratio_percentage,"Format CALCULATE function: CALCULATE(\n    expression,\n    filter1,\n    filter2\n)",No,Not referenced by any other measures in the model,,The name '% of Priorities w/ Pipeline' is self-explanatory as it indicates it calculates the percentage of priorities associated with a pipeline.,"The name reflects the calculation, as the context shows it divides the count of priorities with a pipeline by the total count of priorities.","There are no problematic abbreviations in the name, making it clear and understandable.",0.2,0.2,0.2,0.2,0.0,0.3,0.3,0.3,0.2,0.2,0.4,0.4,0.4,0.4,1.6999999999999997,2.0,0.8499999999999999,Pattern Usage: Not referenced by any other measures in the model
Account Planning,# of Account Plans,"CALCULATE (SUMX (VALUES ( 'Account'[AccountPlanID] ),1),Account[Account Plan Attached] = ""Yes"")",,good,No,,No,,No,,Medium,Medium complexity due to moderate business logic or formatting,,Formula follows measure complexity best practices,Yes,"Referenced by 16 measure(s): % Accounts w/ Active Plan, % Accounts w/ No Plan, % Accounts w/ Inactive Plan and 13 more",,The name '# of Account Plans' is self-explanatory as it indicates it calculates the count of account plans.,"The name reflects the calculation, as the context shows it counts account plans attached to accounts.","There are no problematic abbreviations in the name, making it clear and understandable.",0.2,0.2,0.2,0.2,0.3,0.3,0.15,0.3,0.2,0.2,0.4,0.4,0.4,0.4,1.85,2.0,0.925,Complexity: Medium complexity due to moderate business logic or formatting | Complexity Action: Formula follows measure complexity best practices
Account Planning,# of Priorities,"SUMX( VALUES( 'Account Planning'[AccountPlanPriorityID] ), 1 )
 ",,good,No,,No,,No,,Medium,Medium complexity due to moderate business logic or formatting,,Formula follows measure complexity best practices,Yes,"Referenced by 5 measure(s): # of Priorities w/ Pipeline, % of Priorities w/ Pipeline, Linked to Objectives and 2 more",,The name '# of Priorities' is self-explanatory as it indicates it calculates the count of priorities.,"The name reflects the calculation, as the context shows it counts priorities based on their IDs.","There are no problematic abbreviations in the name, making it clear and understandable.",0.2,0.2,0.2,0.2,0.3,0.3,0.15,0.3,0.2,0.2,0.4,0.4,0.4,0.4,1.85,2.0,0.925,Complexity: Medium complexity due to moderate business logic or formatting | Complexity Action: Formula follows measure complexity best practices
Account Planning,% Accounts w/ Active Plan,"VAR Numerator =
    CALCULATE (
        [# of Account Plans],
        KEEPFILTERS ( 'Account'[Plan Status] = ""Active Plan"" )
    )
RETURN
    DIVIDE( Numerator, [# of Account Plans] )",,good,No,,No,,Yes,# of account plans,Low,Low complexity due to simple structure and clear purpose. Details: Ratio or percentage calculation with clear business logic; Moderate length expression (183 characters); Well-formatted with line breaks,ratio_percentage,Formula follows measure complexity best practices,No,Not referenced by any other measures in the model,,The name '% Accounts w/ Active Plan' is self-explanatory as it indicates it calculates the percentage of accounts with an active plan.,"The name reflects the calculation, as the context shows it divides the count of accounts with an active plan by the total count of account plans.","There are no problematic abbreviations in the name, making it clear and understandable.",0.2,0.2,0.2,0.2,0.0,0.3,0.3,0.3,0.2,0.2,0.4,0.4,0.4,0.4,1.6999999999999997,2.0,0.8499999999999999,Pattern Usage: Not referenced by any other measures in the model
Account Planning,% Accounts w/ No Plan,"VAR Numerator =
    CALCULATE (
        [# of Account Plans],
        KEEPFILTERS ( 'Account'[Plan Status] = ""No Plan"" )
    )
RETURN
    DIVIDE ( Numerator, [# of Account Plans] )",,warning,No,,No,,Yes,# of account plans,Medium,Medium complexity due to moderate business logic or formatting. Details: Moderate length expression (180 characters); Well-formatted with line breaks,,Formula follows measure complexity best practices,No,Not referenced by any other measures in the model,,The name '% Accounts w/ No Plan' is self-explanatory as it indicates it calculates the percentage of accounts with no plan.,"The name reflects the calculation, as the context shows it divides the count of accounts with no plan by the total count of account plans.","There are no problematic abbreviations in the name, making it clear and understandable.",0.2,0.2,0.2,0.2,0.0,0.3,0.18,0.3,0.2,0.2,0.4,0.4,0.4,0.4,1.58,2.0,0.79,Complexity: Medium complexity due to moderate business logic or formatting. Details: Moderate length expression (180 characters); Well-formatted with line breaks | Complexity Action: Formula follows measure complexity best practices | Pattern Usage: Not referenced by any other measures in the model
Account Planning,% Accounts w/ Inactive Plan,"VAR Numerator =
    CALCULATE (
        [# of Account Plans],
        KEEPFILTERS ( 'Account'[Plan Status]  = ""Inactive Plan"" )
    )
RETURN
    DIVIDE ( Numerator, [# of Account Plans],"""" )",,warning,No,,No,,Yes,# of account plans,Medium,Medium complexity due to moderate business logic or formatting. Details: Moderate length expression (190 characters); Well-formatted with line breaks,,Formula follows measure complexity best practices,No,Not referenced by any other measures in the model,,The name '% Accounts w/ Inactive Plan' is self-explanatory as it indicates it calculates the percentage of accounts with an inactive plan.,"The name reflects the calculation, as the context shows it divides the count of accounts with an inactive plan by the total count of account plans.","There are no problematic abbreviations in the name, making it clear and understandable.",0.2,0.2,0.2,0.2,0.0,0.3,0.18,0.3,0.2,0.2,0.4,0.4,0.4,0.4,1.58,2.0,0.79,Complexity: Medium complexity due to moderate business logic or formatting. Details: Moderate length expression (190 characters); Well-formatted with line breaks | Complexity Action: Formula follows measure complexity best practices | Pattern Usage: Not referenced by any other measures in the model
Account Planning,% Accounts w/ Plan Close to Inactive,"VAR Numerator =
    CALCULATE (
        [# of Account Plans],
        KEEPFILTERS ( 'Account'[Plan Status] = ""Plan Close to Inactive"" )
    )
RETURN
    DIVIDE ( Numerator, [# of Account Plans],"""" )",,warning,No,,No,,Yes,# of account plans,Medium,Medium complexity due to moderate business logic or formatting. Details: Moderate length expression (198 characters); Well-formatted with line breaks,,Formula follows measure complexity best practices,No,Not referenced by any other measures in the model,,The name '% Accounts w/ Plan Close to Inactive' is self-explanatory as it indicates it calculates the percentage of accounts with a plan close to becoming inactive.,"The name reflects the calculation, as the context shows it divides the count of accounts with a plan close to inactive by the total count of account plans.","There are no problematic abbreviations in the name, making it clear and understandable.",0.2,0.2,0.2,0.2,0.0,0.3,0.18,0.3,0.2,0.2,0.4,0.4,0.4,0.4,1.58,2.0,0.79,Complexity: Medium complexity due to moderate business logic or formatting. Details: Moderate length expression (198 characters); Well-formatted with line breaks | Complexity Action: Formula follows measure complexity best practices | Pattern Usage: Not referenced by any other measures in the model
Account Planning,# Plans with Opportunities,"CALCULATE (
    [# of Account Plans],
    FILTER (
        VALUES ( 'Account'[AccountPlanID] ),
        [# of Priorities w/ Pipeline] > 0
    )
)",,good,No,,No,,Yes,"# of account plans, # of priorities w/ pipeline",Medium,Medium complexity due to moderate business logic or formatting. Details: Moderate length expression (145 characters); Well-formatted with line breaks,,Replace division operator (/) with DIVIDE() function for error handling,Yes,Referenced by 1 measure(s): % Accounts w/ Plan w/ Oppty,,The name '# Plans with Opportunities' is self-explanatory as it clearly indicates it counts plans associated with opportunities.,"The name reflects the calculation as the context shows it filters account plans where there are priorities with a pipeline, which aligns with the name.",There are no problematic abbreviations in the name. The use of '#' for 'number of' is standard and widely understood.,0.2,0.2,0.2,0.2,0.3,0.3,0.18,0.3,0.2,0.2,0.4,0.4,0.4,0.4,1.88,2.0,0.94,Complexity: Medium complexity due to moderate business logic or formatting. Details: Moderate length expression (145 characters); Well-formatted with line breaks | Complexity Action: Replace division operator (/) with DIVIDE() function for error handling
Account Planning,% Accounts w/ Plan w/ Oppty,"DIVIDE ( [# Plans with Opportunities], [# of Account Plans],"""" )",,warning,No,,No,,Yes,"# of account plans, # plans with opportunities",Medium,Medium complexity due to moderate business logic or formatting,,Formula follows measure complexity best practices,No,Not referenced by any other measures in the model,,The name '% Accounts w/ Plan w/ Oppty' is self-explanatory as it indicates it calculates the percentage of accounts with plans that have opportunities.,The name reflects the calculation as the context shows it divides the number of plans with opportunities by the total number of account plans.,There are no problematic abbreviations. 'w/' for 'with' and 'Oppty' for 'Opportunity' are common and widely understood.,0.2,0.2,0.2,0.2,0.0,0.3,0.15,0.3,0.2,0.2,0.4,0.4,0.4,0.4,1.5499999999999998,2.0,0.7749999999999999,Complexity: Medium complexity due to moderate business logic or formatting | Complexity Action: Formula follows measure complexity best practices | Pattern Usage: Not referenced by any other measures in the model
Account Planning,% Accounts w/ Strategic or Full Plan,"
    DIVIDE ( [# Accounts w/ Strategic or Full Plan], [# of Account Plans],"""")",,warning,No,,No,,Yes,"# accounts w/ strategic or full plan, # of account plans",Medium,Medium complexity due to moderate business logic or formatting,,Replace division operator (/) with DIVIDE() function for error handling,No,Not referenced by any other measures in the model,,The name '% Accounts w/ Strategic or Full Plan' is self-explanatory as it indicates it calculates the percentage of accounts with either a strategic or full plan.,The name reflects the calculation as the context shows it divides the number of accounts with strategic or full plans by the total number of account plans.,There are no problematic abbreviations. 'w/' for 'with' is common and widely understood.,0.2,0.2,0.2,0.2,0.0,0.3,0.15,0.3,0.2,0.2,0.4,0.4,0.4,0.4,1.5499999999999998,2.0,0.7749999999999999,Complexity: Medium complexity due to moderate business logic or formatting | Complexity Action: Replace division operator (/) with DIVIDE() function for error handling | Pattern Usage: Not referenced by any other measures in the model
Account Planning,# Accounts w/ Strategic or Full Plan,"
    CALCULATE (
        [# of Account Plans],
        KEEPFILTERS ( 'Account'[Plan Type] IN {""0-Strategic"",""1-Full""} )
    )",,good,No,,No,,Yes,# of account plans,Medium,Medium complexity due to moderate business logic or formatting. Details: Moderate length expression (125 characters); Well-formatted with line breaks,,Formula follows measure complexity best practices,Yes,Referenced by 1 measure(s): % Accounts w/ Strategic or Full Plan,,The name '# Accounts w/ Strategic or Full Plan' is self-explanatory as it indicates it counts accounts with either a strategic or full plan.,The name reflects the calculation as the context shows it filters account plans by plan type (strategic or full) and counts them.,There are no problematic abbreviations. The use of '#' for 'number of' and 'w/' for 'with' are standard and widely understood.,0.2,0.2,0.2,0.2,0.3,0.3,0.18,0.3,0.2,0.2,0.4,0.4,0.4,0.4,1.88,2.0,0.94,Complexity: Medium complexity due to moderate business logic or formatting. Details: Moderate length expression (125 characters); Well-formatted with line breaks | Complexity Action: Formula follows measure complexity best practices
Account Planning,# Plans Manager Reviewed (last 6 months),"CALCULATE (
  [# of Account Plans],
  FILTER( 'Account','Account'[Manager Reviewed Date] >= (TODAY()-180)))",,good,No,,No,,Yes,# of account plans,Medium,Medium complexity due to moderate business logic or formatting. Details: Calculated measure with intermediate business logic; Moderate length expression (107 characters); Moderate function nesting (4 nested functions); Well-formatted with line breaks,calculated_measure,Formula follows measure complexity best practices,Yes,Referenced by 1 measure(s): % Plans Manager Reviewed (last 6 months),,The name '# Plans Manager Reviewed (last 6 months)' is self-explanatory as it indicates it counts plans reviewed by managers in the last 6 months.,The name reflects the calculation as the context shows it filters account plans by manager-reviewed date within the last 6 months and counts them.,There are no problematic abbreviations. The use of '#' for 'number of' is standard and widely understood.,0.2,0.2,0.2,0.2,0.3,0.3,0.18,0.3,0.2,0.2,0.4,0.4,0.4,0.4,1.88,2.0,0.94,Complexity: Medium complexity due to moderate business logic or formatting. Details: Calculated measure with intermediate business logic; Moderate length expression (107 characters); Moderate function nesting (4 nested functions); Well-formatted with line breaks | Complexity Action: Formula follows measure complexity best practices
Account Planning,% Plans Manager Reviewed (last 6 months),"
    DIVIDE([# Plans Manager Reviewed (last 6 months)], [# of Account Plans],"""")",,good,No,,No,,Yes,"# of account plans, # plans manager reviewed (last 6 months)",Low,Low complexity due to simple structure and clear purpose. Details: Ratio or percentage calculation with clear business logic,ratio_percentage,Formula follows measure complexity best practices,No,Not referenced by any other measures in the model,,The name '% Plans Manager Reviewed (last 6 months)' is self-explanatory as it indicates it calculates the percentage of plans reviewed by managers in the last 6 months.,The name reflects the calculation as the context shows it divides the number of plans reviewed by managers in the last 6 months by the total number of account plans.,There are no problematic abbreviations. The name is clear and uses no cryptic terms.,0.2,0.2,0.2,0.2,0.0,0.3,0.3,0.3,0.2,0.2,0.4,0.4,0.4,0.4,1.6999999999999997,2.0,0.8499999999999999,Pattern Usage: Not referenced by any other measures in the model
Account Planning,# Accounts w/ Stakeholder Map,"CALCULATE (
        [# of Account Plans],
        KEEPFILTERS ( 'Account'[Has Stakeholder] = ""Yes"" )
    )",,good,No,,No,,Yes,# of account plans,Medium,Medium complexity due to moderate business logic or formatting. Details: Moderate length expression (106 characters); Well-formatted with line breaks,,Formula follows measure complexity best practices,Yes,Referenced by 1 measure(s): % Accounts w/ Stakeholder Map,,The name '# Accounts w/ Stakeholder Map' is self-explanatory as it indicates it counts accounts with a stakeholder map.,The name reflects the calculation as the context shows it filters account plans with stakeholder maps and counts them.,There are no problematic abbreviations. The use of '#' for 'number of' and 'w/' for 'with' are standard and widely understood.,0.2,0.2,0.2,0.2,0.3,0.3,0.18,0.3,0.2,0.2,0.4,0.4,0.4,0.4,1.88,2.0,0.94,Complexity: Medium complexity due to moderate business logic or formatting. Details: Moderate length expression (106 characters); Well-formatted with line breaks | Complexity Action: Formula follows measure complexity best practices
Account Planning,% Accounts w/ Stakeholder Map,"
    DIVIDE( [# Accounts w/ Stakeholder Map], [# of Account Plans],"""")",,good,No,,No,,Yes,"# accounts w/ stakeholder map, # of account plans",Low,Low complexity due to simple structure and clear purpose. Details: Ratio or percentage calculation with clear business logic,ratio_percentage,Formula follows measure complexity best practices,No,Not referenced by any other measures in the model,,The name '% Accounts w/ Stakeholder Map' is self-explanatory as it indicates it calculates the percentage of accounts with a stakeholder map.,The name reflects the calculation as the context shows it divides the number of accounts with stakeholder maps by the total number of account plans.,There are no problematic abbreviations. The name is clear and uses no cryptic terms.,0.2,0.2,0.2,0.2,0.0,0.3,0.3,0.3,0.2,0.2,0.4,0.4,0.4,0.4,1.6999999999999997,2.0,0.8499999999999999,Pattern Usage: Not referenced by any other measures in the model
Account Planning,% of Priorities w/ future Date,"
VAR Numerator = CALCULATE( [# of Active Priorities],
    KEEPFILTERS( 'Account Plan Priority'[Time Frame Date] > today() )
)        
                                                            
RETURN DIVIDE(Numerator,[# of Active Priorities],"""") ",,good,No,,No,,Yes,# of active priorities,Low,Low complexity due to simple structure and clear purpose. Details: Ratio or percentage calculation with clear business logic; Moderate length expression (248 characters); Moderate function nesting (4 nested functions); Well-formatted with line breaks,ratio_percentage,Formula follows measure complexity best practices,No,Not referenced by any other measures in the model,,The name '% of Priorities w/ future Date' is self-explanatory as it indicates it calculates the percentage of priorities with a future date.,The name reflects the calculation as the context shows it divides the number of active priorities with a future date by the total number of active priorities.,There are no problematic abbreviations. The use of 'w/' for 'with' is standard and widely understood.,0.2,0.2,0.2,0.2,0.0,0.3,0.3,0.3,0.2,0.2,0.4,0.4,0.4,0.4,1.6999999999999997,2.0,0.8499999999999999,Pattern Usage: Not referenced by any other measures in the model
Account Planning,Linked to Objectives,"var Num=CALCULATE([# of Priorities],'Account Planning'[CustomerObjectiveId] <> """",
    'Account'[Plan Type] IN {""0-Strategic"",""1-Full""},
    KEEPFILTERS('Account Plan Priority'[Priority Status] = ""Active"")
)
 Var Den=   CALCULATE([# of Priorities],'Account'[Plan Type] IN {""0-Strategic"",""1-Full""},
        KEEPFILTERS('Account Plan Priority'[Priority Status] = ""Active"")    )
 
RETURN DIVIDE(Num,Den)",,warning,No,,No,,Yes,# of priorities,Medium,Medium complexity due to moderate business logic or formatting. Details: Ratio or percentage calculation with clear business logic; Long expression (400 characters); Moderate function nesting (5 nested functions); Well-formatted with line breaks,ratio_percentage,Formula follows measure complexity best practices,No,Not referenced by any other measures in the model,,The name 'Linked to Objectives' is self-explanatory as it indicates it calculates the proportion of priorities linked to objectives.,The name reflects the calculation as the context shows it divides the number of priorities linked to objectives by the total number of priorities.,There are no problematic abbreviations. The name is clear and uses no cryptic terms.,0.2,0.2,0.2,0.2,0.0,0.3,0.15,0.3,0.2,0.2,0.4,0.4,0.4,0.4,1.5499999999999998,2.0,0.7749999999999999,Complexity: Medium complexity due to moderate business logic or formatting. Details: Ratio or percentage calculation with clear business logic; Long expression (400 characters); Moderate function nesting (5 nested functions); Well-formatted with line breaks | Complexity Action: Formula follows measure complexity best practices | Pattern Usage: Not referenced by any other measures in the model
Account Planning,Modified On,"IF(MAX('Account'[Days Since Modified])=BLANK(),BLANK(),IF(MAX('Account'[Days Since Modified])>30,0,1))",,issue,No,,No,,No,,High,"High complexity due to complex logic, poor structure, or unclear purpose. Details: Complex calculation with multiple operations and conditions; Moderate length expression (102 characters); Moderate function nesting (6 nested functions); Single-line format reduces readability",complex_calculation,CRITICAL - High complexity measure needs restructuring and simplification; CRITICAL - Break complex calculation into multiple simpler measures for better maintainability,No,Not referenced by any other measures in the model,,The name 'Modified On' is self-explanatory as it indicates it relates to the modification date of an account.,The name reflects the calculation as the context shows it checks if the account was modified within the last 30 days.,There are no problematic abbreviations. The name is clear and uses no cryptic terms.,0.2,0.2,0.2,0.2,0.0,0.3,0.0,0.3,0.2,0.2,0.4,0.4,0.4,0.4,1.4,2.0,0.7,"Complexity: High complexity due to complex logic, poor structure, or unclear purpose. Details: Complex calculation with multiple operations and conditions; Moderate length expression (102 characters); Moderate function nesting (6 nested functions); Single-line format reduces readability | Complexity Action: CRITICAL - High complexity measure needs restructuring and simplification; CRITICAL - Break complex calculation into multiple simpler measures for better maintainability | Pattern Usage: Not referenced by any other measures in the model"
Account Planning,Last Reviewed,"

SWITCH (

    TRUE,

    MAX ( 'Account'[Manager Reviewed Date] ) = BLANK (), BLANK (),

    MAX ( 'Account'[Manager Reviewed Flag] ) = ""Yes""

        && MAX ( 'Account'[Manager Reviewed Date] )

            > TODAY () - 90, 1,

    0

)",,issue,No,,No,,No,,High,"High complexity due to complex logic, poor structure, or unclear purpose. Details: Complex calculation with multiple operations and conditions; Moderate length expression (239 characters); Moderate function nesting (7 nested functions); Well-formatted with line breaks",complex_calculation,CRITICAL - High complexity measure needs restructuring and simplification; CRITICAL - Break complex calculation into multiple simpler measures for better maintainability,No,Not referenced by any other measures in the model,,The name 'Last Reviewed' is self-explanatory as it indicates it relates to the last review date of an account.,The name reflects the calculation as the context shows it checks if the account was reviewed within the last 90 days.,There are no problematic abbreviations. The name is clear and uses no cryptic terms.,0.2,0.2,0.2,0.2,0.0,0.3,0.0,0.3,0.2,0.2,0.4,0.4,0.4,0.4,1.4,2.0,0.7,"Complexity: High complexity due to complex logic, poor structure, or unclear purpose. Details: Complex calculation with multiple operations and conditions; Moderate length expression (239 characters); Moderate function nesting (7 nested functions); Well-formatted with line breaks | Complexity Action: CRITICAL - High complexity measure needs restructuring and simplification; CRITICAL - Break complex calculation into multiple simpler measures for better maintainability | Pattern Usage: Not referenced by any other measures in the model"
Account Planning,# of Plans w/ Priority,"SUMX( VALUES( 'Account Planning'[AccountPlanID] ), 1 )
                ",,warning,No,,No,,No,,Medium,Medium complexity due to moderate business logic or formatting,,Formula follows measure complexity best practices,No,Not referenced by any other measures in the model,,The name '# of Plans w/ Priority' is self-explanatory as it indicates it counts the number of plans with priorities.,The name reflects the calculation as the context shows it counts the number of account plans with priorities.,There are no problematic abbreviations. The use of '#' for 'number of' and 'w/' for 'with' are standard and widely understood.,0.2,0.2,0.2,0.2,0.0,0.3,0.15,0.3,0.2,0.2,0.4,0.4,0.4,0.4,1.5499999999999998,2.0,0.7749999999999999,Complexity: Medium complexity due to moderate business logic or formatting | Complexity Action: Formula follows measure complexity best practices | Pattern Usage: Not referenced by any other measures in the model
Account Planning,% of Priorities with Partner,"
VAR Numerator = CALCULATE([# of Priorities] ,
    KEEPFILTERS('Account Plan Partners'[AccountPartnerProfileId] <> """")
)
VAR Denominator = [# of Priorities]


RETURN DIVIDE(Numerator,Denominator, BLANK())",,good,No,,No,,Yes,# of priorities,Low,Low complexity due to simple structure and clear purpose. Details: Ratio or percentage calculation with clear business logic; Moderate length expression (204 characters); Moderate function nesting (4 nested functions); Well-formatted with line breaks,ratio_percentage,Formula follows measure complexity best practices,No,Not referenced by any other measures in the model,,The name '% of Priorities with Partner' is self-explanatory as it indicates it calculates the percentage of priorities associated with a partner.,The name reflects the calculation as the context shows it divides the number of priorities with a partner by the total number of priorities.,There are no problematic abbreviations. The name is clear and uses no cryptic terms.,0.2,0.2,0.2,0.2,0.0,0.3,0.3,0.3,0.2,0.2,0.4,0.4,0.4,0.4,1.6999999999999997,2.0,0.8499999999999999,Pattern Usage: Not referenced by any other measures in the model
Account Planning,% Plans Reviewed < 90 Days,"DIVIDE([# plans with manger reviewed date in last 90 days],[# of Account Plans],"""")",,good,No,,No,,Yes,"# of account plans, # plans with manger reviewed date in last 90 days",Low,Low complexity due to simple structure and clear purpose. Details: Ratio or percentage calculation with clear business logic,ratio_percentage,Formula follows measure complexity best practices,No,Not referenced by any other measures in the model,,The name '% Plans Reviewed < 90 Days' is self-explanatory as it indicates it calculates the percentage of plans reviewed within the last 90 days.,The name reflects the calculation as the context shows it divides the number of plans reviewed in the last 90 days by the total number of account plans.,There are no problematic abbreviations. The name is clear and uses no cryptic terms.,0.2,0.2,0.2,0.2,0.0,0.3,0.3,0.3,0.2,0.2,0.4,0.4,0.4,0.4,1.6999999999999997,2.0,0.8499999999999999,Pattern Usage: Not referenced by any other measures in the model
Account Planning,# plans with manger reviewed date in last 90 days,"CALCULATE (
  [# of Account Plans],
  FILTER( 'Account','Account'[Manager Reviewed Date] >= (TODAY()-90)))",,good,No,,No,,Yes,# of account plans,Medium,Medium complexity due to moderate business logic or formatting. Details: Calculated measure with intermediate business logic; Moderate length expression (106 characters); Moderate function nesting (4 nested functions); Well-formatted with line breaks,calculated_measure,Formula follows measure complexity best practices,Yes,Referenced by 1 measure(s): % Plans Reviewed < 90 Days,,The measure name clearly indicates that it calculates the number of plans with a manager-reviewed date within the last 90 days. The context confirms this purpose.,"The name accurately reflects the calculation in the context, which filters account plans based on the manager-reviewed date being within the last 90 days.",There are no cryptic abbreviations in the measure name. The name is clear and descriptive.,0.2,0.2,0.2,0.2,0.3,0.3,0.18,0.3,0.2,0.2,0.4,0.4,0.4,0.4,1.88,2.0,0.94,Complexity: Medium complexity due to moderate business logic or formatting. Details: Calculated measure with intermediate business logic; Moderate length expression (106 characters); Moderate function nesting (4 nested functions); Well-formatted with line breaks | Complexity Action: Formula follows measure complexity best practices
Account Planning,# plans with days since modified < 30 days,"CALCULATE (
  [# of Account Plans],
  FILTER( 'Account','Account'[Days Since Modified] < 30))",,good,No,,No,,Yes,# of account plans,Medium,Medium complexity due to moderate business logic or formatting. Details: Calculated measure with intermediate business logic,calculated_measure,Consider simplifying business logic or adding better documentation,Yes,Referenced by 1 measure(s): % Plans Modified < 30 Days,,The measure name clearly indicates that it calculates the number of plans where the days since modification are less than 30. The context confirms this purpose.,"The name reflects the calculation in the context, which filters account plans based on the days since modification being less than 30.",There are no cryptic abbreviations in the measure name. The name is clear and descriptive.,0.2,0.2,0.2,0.2,0.3,0.3,0.15,0.3,0.2,0.2,0.4,0.4,0.4,0.4,1.85,2.0,0.925,Complexity: Medium complexity due to moderate business logic or formatting. Details: Calculated measure with intermediate business logic | Complexity Action: Consider simplifying business logic or adding better documentation
Account Planning,% Plans Modified < 30 Days,"DIVIDE([# plans with days since modified < 30 days],[# of Account Plans],"""")",,good,No,,No,,Yes,"# of account plans, # plans with days since modified < 30 days",Low,Low complexity due to simple structure and clear purpose. Details: Ratio or percentage calculation with clear business logic,ratio_percentage,Formula follows measure complexity best practices,No,Not referenced by any other measures in the model,,The measure name clearly indicates that it calculates the percentage of plans modified within the last 30 days. The context confirms this purpose.,"The name reflects the calculation in the context, which divides the number of plans modified within 30 days by the total number of account plans.",There are no cryptic abbreviations in the measure name. The name is clear and descriptive.,0.2,0.2,0.2,0.2,0.0,0.3,0.3,0.3,0.2,0.2,0.4,0.4,0.4,0.4,1.6999999999999997,2.0,0.8499999999999999,Pattern Usage: Not referenced by any other measures in the model
Account Planning,% of Priorities with Top Priority,"DIVIDE( [# of Top Priorities], [# of Active Priorities],"""" )",,good,No,,No,,Yes,"# of active priorities, # of top priorities",Low,Low complexity due to simple structure and clear purpose. Details: Ratio or percentage calculation with clear business logic,ratio_percentage,Formula follows measure complexity best practices,No,Not referenced by any other measures in the model,,The measure name clearly indicates that it calculates the percentage of priorities that are marked as top priority. The context confirms this purpose.,"The name reflects the calculation in the context, which divides the number of top priorities by the number of active priorities.",There are no cryptic abbreviations in the measure name. The name is clear and descriptive.,0.2,0.2,0.2,0.2,0.0,0.3,0.3,0.3,0.2,0.2,0.4,0.4,0.4,0.4,1.6999999999999997,2.0,0.8499999999999999,Pattern Usage: Not referenced by any other measures in the model
Account Planning,% of Top Priorities with CSP,"DIVIDE([# of Top Priorities with CSP],[# of Top Priorities])",,good,No,,No,,Yes,"# of top priorities, # of top priorities with csp",Low,Low complexity due to simple structure and clear purpose. Details: Ratio or percentage calculation with clear business logic,ratio_percentage,Formula follows measure complexity best practices,No,Not referenced by any other measures in the model,,The measure name clearly indicates that it calculates the percentage of top priorities associated with CSP. The context confirms this purpose.,"The name reflects the calculation in the context, which divides the number of top priorities with CSP by the total number of top priorities.","The abbreviation 'CSP' is a standard Microsoft business term and is widely understood, so it is not considered cryptic.",0.2,0.2,0.2,0.2,0.0,0.3,0.3,0.3,0.2,0.2,0.4,0.4,0.4,0.4,1.6999999999999997,2.0,0.8499999999999999,Pattern Usage: Not referenced by any other measures in the model
Account Planning,# of Top Priorities with CSP,"CALCULATE([# of Top Priorities],KEEPFILTERS('Account Plan Priority'[Is Top Priority with CSP]= TRUE))",,good,No,,No,,Yes,# of top priorities,Medium,Medium complexity due to moderate business logic or formatting. Details: Calculated measure with intermediate business logic; Moderate length expression (101 characters); Single-line format reduces readability,calculated_measure,"Format CALCULATE function: CALCULATE(\n    expression,\n    filter1,\n    filter2\n); Consider simplifying business logic or adding better documentation",Yes,Referenced by 1 measure(s): % of Top Priorities with CSP,,The measure name clearly indicates that it calculates the number of top priorities associated with CSP. The context confirms this purpose.,"The name reflects the calculation in the context, which filters top priorities based on their association with CSP.","The abbreviation 'CSP' is a standard Microsoft business term and is widely understood, so it is not considered cryptic.",0.2,0.2,0.2,0.2,0.3,0.3,0.15,0.3,0.2,0.2,0.4,0.4,0.4,0.4,1.85,2.0,0.925,"Complexity: Medium complexity due to moderate business logic or formatting. Details: Calculated measure with intermediate business logic; Moderate length expression (101 characters); Single-line format reduces readability | Complexity Action: Format CALCULATE function: CALCULATE(\n    expression,\n    filter1,\n    filter2\n); Consider simplifying business logic or adding better documentation"
Account Planning,# of Top Priorities,"CALCULATE([# of Active Priorities]
    ,KEEPFILTERS('Account Plan Priority'[Is Top Priority Linked to Active Customer]= TRUE))",,good,No,,No,,Yes,# of active priorities,Medium,Medium complexity due to moderate business logic or formatting. Details: Calculated measure with intermediate business logic; Moderate length expression (126 characters); Well-formatted with line breaks,calculated_measure,Formula follows measure complexity best practices,Yes,"Referenced by 3 measure(s): % of Priorities with Top Priority, % of Top Priorities with CSP, # of Top Priorities with CSP",,The measure name clearly indicates that it calculates the number of top priorities. The context confirms this purpose.,"The name reflects the calculation in the context, which filters active priorities to identify those marked as top priority.",There are no cryptic abbreviations in the measure name. The name is clear and descriptive.,0.2,0.2,0.2,0.2,0.3,0.3,0.18,0.3,0.2,0.2,0.4,0.4,0.4,0.4,1.88,2.0,0.94,Complexity: Medium complexity due to moderate business logic or formatting. Details: Calculated measure with intermediate business logic; Moderate length expression (126 characters); Well-formatted with line breaks | Complexity Action: Formula follows measure complexity best practices
Account Planning,# Accounts with MACC,"CALCULATE([TPID Count],KEEPFILTERS(Account[Has MACC Pipeline]=""Yes""))",,good,No,,No,,Yes,tpid count,Medium,Medium complexity due to moderate business logic or formatting. Details: Calculated measure with intermediate business logic,calculated_measure,"Format CALCULATE function: CALCULATE(\n    expression,\n    filter1,\n    filter2\n); Consider simplifying business logic or adding better documentation",Yes,Referenced by 1 measure(s): % Accounts with MACC Consumption Plan,,The measure name clearly indicates that it calculates the number of accounts with MACC. The context confirms this purpose.,"The name reflects the calculation in the context, which filters accounts based on the 'Has MACC Pipeline' field.","The abbreviation 'MACC' is a standard Microsoft business term and is widely understood, so it is not considered cryptic.",0.2,0.2,0.2,0.2,0.3,0.3,0.15,0.3,0.2,0.2,0.4,0.4,0.4,0.4,1.85,2.0,0.925,"Complexity: Medium complexity due to moderate business logic or formatting. Details: Calculated measure with intermediate business logic | Complexity Action: Format CALCULATE function: CALCULATE(\n    expression,\n    filter1,\n    filter2\n); Consider simplifying business logic or adding better documentation"
Account Planning,% Accounts with MACC Consumption Plan,"VAR _Num=CALCULATE([# Accounts with MACC],KEEPFILTERS(Account[Consumption Flag]=""Yes""))

RETURN DIVIDE(_Num,[# Accounts with MACC],"""")

",,good,No,,No,,Yes,# accounts with macc,Low,Low complexity due to simple structure and clear purpose. Details: Ratio or percentage calculation with clear business logic; Moderate length expression (136 characters); Well-formatted with line breaks,ratio_percentage,Formula follows measure complexity best practices,No,Not referenced by any other measures in the model,,The measure name clearly indicates that it calculates the percentage of accounts with a MACC consumption plan. The context confirms this purpose.,"The name reflects the calculation in the context, which divides the number of accounts with a MACC consumption plan by the total number of accounts with MACC.","The abbreviation 'MACC' is a standard Microsoft business term and is widely understood, so it is not considered cryptic.",0.2,0.2,0.2,0.2,0.0,0.3,0.3,0.3,0.2,0.2,0.4,0.4,0.4,0.4,1.6999999999999997,2.0,0.8499999999999999,Pattern Usage: Not referenced by any other measures in the model
Account Planning,% of Accounts with QBR,"
var num=CALCULATE([TPID Count],KEEPFILTERS(Account[isqbr]=""yes""))

RETURN DIVIDE(num,[TPID Count],BLANK())
",,good,No,,No,,Yes,tpid count,Low,Low complexity due to simple structure and clear purpose. Details: Ratio or percentage calculation with clear business logic; Moderate length expression (108 characters); Moderate function nesting (4 nested functions); Well-formatted with line breaks,ratio_percentage,Formula follows measure complexity best practices,No,Not referenced by any other measures in the model,,The measure name clearly indicates that it calculates the percentage of accounts with QBR. The context confirms this purpose.,"The name reflects the calculation in the context, which divides the number of accounts with QBR by the total number of accounts.","The abbreviation 'QBR' is a standard Microsoft business term and is widely understood, so it is not considered cryptic.",0.2,0.2,0.2,0.2,0.0,0.3,0.3,0.3,0.2,0.2,0.4,0.4,0.4,0.4,1.6999999999999997,2.0,0.8499999999999999,Pattern Usage: Not referenced by any other measures in the model
Account Planning,% of Accounts with CSDR Within Last 30 Days,"
var den=CALCULATE( [TPID Count], KEEPFILTERS( Account[Has Premier Unified] = ""Yes"" ), KEEPFILTERS( Account[Has CSDR] = ""Yes"" ) )
var num=CALCULATE( [TPID Count], KEEPFILTERS( Account[Has Premier Unified] = ""Yes"" ), KEEPFILTERS( Account[Has CSDR within 30 Days] = ""Yes"" ) )

RETURN DIVIDE(num,den,"""")
",,warning,No,,No,,Yes,tpid count,Medium,Medium complexity due to moderate business logic or formatting. Details: Ratio or percentage calculation with clear business logic; Long expression (301 characters); Moderate function nesting (7 nested functions); Well-formatted with line breaks,ratio_percentage,Formula follows measure complexity best practices,No,Not referenced by any other measures in the model,,The measure name clearly indicates that it calculates the percentage of accounts with CSDR activity within the last 30 days. The context confirms this purpose.,"The name reflects the calculation in the context, which divides the number of accounts with CSDR within 30 days by the total number of accounts with CSDR.","The abbreviation 'CSDR' is a standard Microsoft business term and is widely understood, so it is not considered cryptic.",0.2,0.2,0.2,0.2,0.0,0.3,0.15,0.3,0.2,0.2,0.4,0.4,0.4,0.4,1.5499999999999998,2.0,0.7749999999999999,Complexity: Medium complexity due to moderate business logic or formatting. Details: Ratio or percentage calculation with clear business logic; Long expression (301 characters); Moderate function nesting (7 nested functions); Well-formatted with line breaks | Complexity Action: Formula follows measure complexity best practices | Pattern Usage: Not referenced by any other measures in the model
Account Planning,# of Active Priorities,"CALCULATE([# of Priorities],KEEPFILTERS('Account Plan Priority'[Priority Status]=""Active""))",,good,No,,No,,Yes,# of priorities,Medium,Medium complexity due to moderate business logic or formatting. Details: Calculated measure with intermediate business logic,calculated_measure,"Format CALCULATE function: CALCULATE(\n    expression,\n    filter1,\n    filter2\n); Consider simplifying business logic or adding better documentation",Yes,"Referenced by 3 measure(s): % of Priorities w/ future Date, % of Priorities with Top Priority, # of Top Priorities",,The measure name clearly indicates that it calculates the number of active priorities. The context confirms this purpose.,"The name reflects the calculation in the context, which filters priorities based on their active status.",There are no cryptic abbreviations in the measure name. The name is clear and descriptive.,0.2,0.2,0.2,0.2,0.3,0.3,0.15,0.3,0.2,0.2,0.4,0.4,0.4,0.4,1.85,2.0,0.925,"Complexity: Medium complexity due to moderate business logic or formatting. Details: Calculated measure with intermediate business logic | Complexity Action: Format CALCULATE function: CALCULATE(\n    expression,\n    filter1,\n    filter2\n); Consider simplifying business logic or adding better documentation"
Pipeline,% Billed Pipeline w/ Priority,"VAR X = CALCULATE([Billed Pipeline],KEEPFILTERS('Opportunity'[ParentingLevel Oppties]=""TopParentOppties""))

RETURN DIVIDE( [Billed Pipeline w/ Priority], X )",,good,No,,No,,Yes,"billed pipeline, billed pipeline w/ priority",Low,Low complexity due to simple structure and clear purpose. Details: Ratio or percentage calculation with clear business logic; Moderate length expression (157 characters); Well-formatted with line breaks,ratio_percentage,Formula follows measure complexity best practices,No,Not referenced by any other measures in the model,,The measure name clearly indicates that it calculates the percentage of billed pipeline with priority. The context confirms this purpose.,"The name reflects the calculation in the context, which divides the billed pipeline with priority by the total billed pipeline.",There are no cryptic abbreviations in the measure name. The name is clear and descriptive.,0.2,0.2,0.2,0.2,0.0,0.3,0.3,0.3,0.2,0.2,0.4,0.4,0.4,0.4,1.6999999999999997,2.0,0.8499999999999999,Pattern Usage: Not referenced by any other measures in the model
Pipeline,Billed Pipeline,[Billed Pipeline Base],,warning,Yes,Direct reference to: billed pipeline base,No,,Yes,billed pipeline base,Medium,Medium complexity due to moderate business logic or formatting,,Formula follows measure complexity best practices,Yes,"Referenced by 6 measure(s): % Billed Pipeline w/ Priority, Committed Pipeline, Committed at Risk Pipeline and 3 more",DIRECT REFERENCE: This measure is a simple reference to another measure (Direct reference to: billed pipeline base) - which will cause confusion to data agents. Please consider removing this measure.,The measure name clearly indicates that it calculates the billed pipeline. The context confirms this purpose.,"The name reflects the calculation in the context, which sums the pipeline amounts where the type is billed.",There are no cryptic abbreviations in the measure name. The name is clear and descriptive.,0.2,0.2,0.0,0.2,0.3,0.3,0.15,0.3,0.2,0.2,0.4,0.4,0.4,0.4,1.65,2.0,0.825,Complexity: Medium complexity due to moderate business logic or formatting | Complexity Action: Formula follows measure complexity best practices | DAX Improvement: DIRECT REFERENCE: This measure is a simple reference to another measure (Direct reference to: billed pipeline base) - which will cause confusion to data agents. Please consider removing this measure. | Technical: Remove duplicate measure - this calculation already exists elsewhere in the model
Pipeline,Billed Opportunity Count,"CALCULATE([Opportunity Count], KEEPFILTERS(Opportunity[Qualified Pipeline Flag] = 1))",,warning,No,,No,,Yes,opportunity count,Medium,Medium complexity due to moderate business logic or formatting. Details: Calculated measure with intermediate business logic,calculated_measure,"Format CALCULATE function: CALCULATE(\n    expression,\n    filter1,\n    filter2\n); Consider simplifying business logic or adding better documentation",No,Not referenced by any other measures in the model,,The measure name clearly indicates that it calculates the count of billed opportunities. The context confirms this purpose.,"The name reflects the calculation in the context, which counts opportunities where the qualified pipeline flag is set to 1.",There are no cryptic abbreviations in the measure name. The name is clear and descriptive.,0.2,0.2,0.2,0.2,0.0,0.3,0.15,0.3,0.2,0.2,0.4,0.4,0.4,0.4,1.5499999999999998,2.0,0.7749999999999999,"Complexity: Medium complexity due to moderate business logic or formatting. Details: Calculated measure with intermediate business logic | Complexity Action: Format CALCULATE function: CALCULATE(\n    expression,\n    filter1,\n    filter2\n); Consider simplifying business logic or adding better documentation | Pattern Usage: Not referenced by any other measures in the model"
Pipeline,Opportunity Count,"SUMX(VALUES('Pipeline'[dimopportunitykey]),1)",,good,No,,No,,No,,Medium,Medium complexity due to moderate business logic or formatting,,Formula follows measure complexity best practices,Yes,"Referenced by 5 measure(s): Billed Opportunity Count, # Billed Oppties, # Consumed Oppties and 2 more",,"The name 'Opportunity Count' is self-explanatory as it clearly indicates it counts opportunities, which aligns with the context showing it sums up unique opportunity keys.",The name reflects the calculation as it accurately describes the measure's purpose of counting opportunities using the provided logic.,There are no cryptic abbreviations in the name; it is clear and straightforward.,0.2,0.2,0.2,0.2,0.3,0.3,0.15,0.3,0.2,0.2,0.4,0.4,0.4,0.4,1.85,2.0,0.925,Complexity: Medium complexity due to moderate business logic or formatting | Complexity Action: Formula follows measure complexity best practices
Pipeline,Committed Pipeline,"CALCULATE([Billed Pipeline],KEEPFILTERS(Opportunity[Forecast Recommendation]=""Committed""))",,good,No,,No,,Yes,billed pipeline,Medium,Medium complexity due to moderate business logic or formatting. Details: Calculated measure with intermediate business logic,calculated_measure,"Format CALCULATE function: CALCULATE(\n    expression,\n    filter1,\n    filter2\n); Consider simplifying business logic or adding better documentation",Yes,Referenced by 1 measure(s): Committed + Risk Pipeline,,"The name 'Committed Pipeline' is self-explanatory as it indicates it calculates the pipeline for committed opportunities, which aligns with the context.",The name reflects the calculation as it matches the logic of filtering the pipeline for committed opportunities.,There are no cryptic abbreviations in the name; it is clear and uses standard terminology.,0.2,0.2,0.2,0.2,0.3,0.3,0.15,0.3,0.2,0.2,0.4,0.4,0.4,0.4,1.85,2.0,0.925,"Complexity: Medium complexity due to moderate business logic or formatting. Details: Calculated measure with intermediate business logic | Complexity Action: Format CALCULATE function: CALCULATE(\n    expression,\n    filter1,\n    filter2\n); Consider simplifying business logic or adding better documentation"
Pipeline,Committed at Risk Pipeline,"CALCULATE([Billed Pipeline],KEEPFILTERS('Opportunity'[Forecast Recommendation]=""Committed at Risk""))",,good,No,,No,,Yes,billed pipeline,Medium,Medium complexity due to moderate business logic or formatting. Details: Calculated measure with intermediate business logic,calculated_measure,"Format CALCULATE function: CALCULATE(\n    expression,\n    filter1,\n    filter2\n); Consider simplifying business logic or adding better documentation",Yes,Referenced by 1 measure(s): Committed + Risk Pipeline,,"The name 'Committed at Risk Pipeline' is self-explanatory as it indicates it calculates the pipeline for opportunities marked as 'Committed at Risk', which aligns with the context.",The name reflects the calculation as it matches the logic of filtering the pipeline for 'Committed at Risk' opportunities.,There are no cryptic abbreviations in the name; it is clear and uses standard terminology.,0.2,0.2,0.2,0.2,0.3,0.3,0.15,0.3,0.2,0.2,0.4,0.4,0.4,0.4,1.85,2.0,0.925,"Complexity: Medium complexity due to moderate business logic or formatting. Details: Calculated measure with intermediate business logic | Complexity Action: Format CALCULATE function: CALCULATE(\n    expression,\n    filter1,\n    filter2\n); Consider simplifying business logic or adding better documentation"
Pipeline,Committed + Risk Pipeline,[Committed Pipeline] + [Committed at Risk Pipeline],,warning,No,,No,,Yes,"committed at risk pipeline, committed pipeline",Medium,Medium complexity due to moderate business logic or formatting,,Formula follows measure complexity best practices,No,Not referenced by any other measures in the model,,"The name 'Committed + Risk Pipeline' is self-explanatory as it indicates it combines the committed and at-risk pipelines, which aligns with the context.",The name reflects the calculation as it accurately describes the sum of 'Committed Pipeline' and 'Committed at Risk Pipeline'.,There are no cryptic abbreviations in the name; it is clear and uses standard terminology.,0.2,0.2,0.2,0.2,0.0,0.3,0.15,0.3,0.2,0.2,0.4,0.4,0.4,0.4,1.5499999999999998,2.0,0.7749999999999999,Complexity: Medium complexity due to moderate business logic or formatting | Complexity Action: Formula follows measure complexity best practices | Pattern Usage: Not referenced by any other measures in the model
Pipeline,Billed Pipeline w/ Priority,"CALCULATE (SUM('Priority Pipeline'[PipelineUSD])
        ,KEEPFILTERS('Priority Pipeline'[PipelineType] = ""Billed""))",,good,No,,No,,No,,Medium,Medium complexity due to moderate business logic or formatting. Details: Moderate length expression (116 characters); Well-formatted with line breaks,,Formula follows measure complexity best practices,Yes,"Referenced by 3 measure(s): % Billed Pipeline w/ Priority, Future Year Billed Pipeline, % Total Pipeline w/ Priority",,"The name 'Billed Pipeline w/ Priority' is self-explanatory as it indicates it calculates the billed pipeline with priority filtering, which aligns with the context.",The name reflects the calculation as it matches the logic of summing billed pipeline values with a priority filter.,"The abbreviation 'w/' is a common and well-understood shorthand for 'with', so it is acceptable.",0.2,0.2,0.2,0.2,0.3,0.3,0.18,0.3,0.2,0.2,0.4,0.4,0.4,0.4,1.88,2.0,0.94,Complexity: Medium complexity due to moderate business logic or formatting. Details: Moderate length expression (116 characters); Well-formatted with line breaks | Complexity Action: Formula follows measure complexity best practices
Pipeline,ACR Pipeline,[ACR Pipeline Base],,warning,Yes,Direct reference to: acr pipeline base,No,,Yes,acr pipeline base,Medium,Medium complexity due to moderate business logic or formatting,,Formula follows measure complexity best practices,Yes,"Referenced by 3 measure(s): % Total Pipeline w/ Priority, Total Pipeline, % ACR Pipeline w/ Priority",DIRECT REFERENCE: This measure is a simple reference to another measure (Direct reference to: acr pipeline base) - which will cause confusion to data agents. Please consider removing this measure.,"The name 'ACR Pipeline' is self-explanatory as it indicates it calculates the Azure Consumed Revenue (ACR) pipeline, which aligns with the context.",The name reflects the calculation as it matches the logic of calculating the ACR pipeline.,"The abbreviation 'ACR' is a standard Microsoft term for Azure Consumed Revenue, so it is acceptable.",0.2,0.2,0.0,0.2,0.3,0.3,0.15,0.3,0.2,0.2,0.4,0.4,0.4,0.4,1.65,2.0,0.825,Complexity: Medium complexity due to moderate business logic or formatting | Complexity Action: Formula follows measure complexity best practices | DAX Improvement: DIRECT REFERENCE: This measure is a simple reference to another measure (Direct reference to: acr pipeline base) - which will cause confusion to data agents. Please consider removing this measure. | Technical: Remove duplicate measure - this calculation already exists elsewhere in the model
Pipeline,Future year ACR Pipeline,"CALCULATE (
    [ACR Pipeline w/ Priority],
    KEEPFILTERS ( 'Calendar'[Relative Year] = ""CY+1"" ),
    ALL ( 'Calendar' )
)",,warning,No,,No,,Yes,acr pipeline w/ priority,Medium,Medium complexity due to moderate business logic or formatting. Details: Moderate length expression (124 characters); Well-formatted with line breaks,,Replace division operator (/) with DIVIDE() function for error handling,No,Not referenced by any other measures in the model,,"The name 'Future year ACR Pipeline' is self-explanatory as it indicates it calculates the ACR pipeline for the next year, which aligns with the context.",The name reflects the calculation as it matches the logic of filtering the ACR pipeline for the next calendar year.,"The abbreviation 'ACR' is a standard Microsoft term for Azure Consumed Revenue, so it is acceptable.",0.2,0.2,0.2,0.2,0.0,0.3,0.18,0.3,0.2,0.2,0.4,0.4,0.4,0.4,1.58,2.0,0.79,Complexity: Medium complexity due to moderate business logic or formatting. Details: Moderate length expression (124 characters); Well-formatted with line breaks | Complexity Action: Replace division operator (/) with DIVIDE() function for error handling | Pattern Usage: Not referenced by any other measures in the model
Pipeline,ACR Pipeline w/ Priority,"CALCULATE (SUM('Priority Pipeline'[ACRPipelineUSD])
        ,KEEPFILTERS('Priority Pipeline'[PipelineType] = ""Consumption""))",,good,No,,No,,No,,Medium,Medium complexity due to moderate business logic or formatting. Details: Moderate length expression (124 characters); Well-formatted with line breaks,,Formula follows measure complexity best practices,Yes,"Referenced by 3 measure(s): Future year ACR Pipeline, % Total Pipeline w/ Priority, % ACR Pipeline w/ Priority",,"The name 'ACR Pipeline w/ Priority' is self-explanatory as it indicates it calculates the ACR pipeline with priority filtering, which aligns with the context.",The name reflects the calculation as it matches the logic of summing ACR pipeline values with a priority filter.,"The abbreviation 'w/' is a common and well-understood shorthand for 'with', and 'ACR' is a standard Microsoft term, so both are acceptable.",0.2,0.2,0.2,0.2,0.3,0.3,0.18,0.3,0.2,0.2,0.4,0.4,0.4,0.4,1.88,2.0,0.94,Complexity: Medium complexity due to moderate business logic or formatting. Details: Moderate length expression (124 characters); Well-formatted with line breaks | Complexity Action: Formula follows measure complexity best practices
Pipeline,Future Year Billed Pipeline,"CALCULATE (
    [Billed Pipeline w/ Priority],
    KEEPFILTERS ( 'Calendar'[Relative Year] = ""CY+1"" ), ALL('Calendar')
)",,warning,No,,No,,Yes,billed pipeline w/ priority,Medium,Medium complexity due to moderate business logic or formatting. Details: Moderate length expression (120 characters); Well-formatted with line breaks,,Replace division operator (/) with DIVIDE() function for error handling,No,Not referenced by any other measures in the model,,"The name 'Future Year Billed Pipeline' is self-explanatory as it indicates it calculates the billed pipeline for the next year, which aligns with the context.",The name reflects the calculation as it matches the logic of filtering the billed pipeline for the next calendar year.,There are no cryptic abbreviations in the name; it is clear and uses standard terminology.,0.2,0.2,0.2,0.2,0.0,0.3,0.18,0.3,0.2,0.2,0.4,0.4,0.4,0.4,1.58,2.0,0.79,Complexity: Medium complexity due to moderate business logic or formatting. Details: Moderate length expression (120 characters); Well-formatted with line breaks | Complexity Action: Replace division operator (/) with DIVIDE() function for error handling | Pattern Usage: Not referenced by any other measures in the model
Pipeline,# Opportunities w/ Priority,"SUMX( VALUES( 'Priority Pipeline'[dimopportunitykey] ), 1 )
            
    ",,good,No,,No,,No,,Medium,Medium complexity due to moderate business logic or formatting,,Formula follows measure complexity best practices,Yes,"Referenced by 3 measure(s): # Billed Oppties w/ Priority, # Consumed Oppties w/ Priority, # Open Opportunities w/ Priority",,"The name '# Opportunities w/ Priority' is self-explanatory as it indicates it counts opportunities with priority filtering, which aligns with the context.",The name reflects the calculation as it matches the logic of counting opportunities with priority filtering.,"The abbreviation '#' is a common shorthand for 'number of', and 'w/' is a well-understood shorthand for 'with', so both are acceptable.",0.2,0.2,0.2,0.2,0.3,0.3,0.15,0.3,0.2,0.2,0.4,0.4,0.4,0.4,1.85,2.0,0.925,Complexity: Medium complexity due to moderate business logic or formatting | Complexity Action: Formula follows measure complexity best practices
Pipeline,# Billed Oppties w/ Priority,"CALCULATE([# Opportunities w/ Priority],KEEPFILTERS('Priority Pipeline'[PipelineType]=""Billed""))",,good,No,,No,,Yes,# opportunities w/ priority,Medium,Medium complexity due to moderate business logic or formatting. Details: Calculated measure with intermediate business logic,calculated_measure,"Format CALCULATE function: CALCULATE(\n    expression,\n    filter1,\n    filter2\n); Replace division operator (/) with DIVIDE() function for error handling; Consider simplifying business logic or adding better documentation",Yes,Referenced by 1 measure(s): % of Billed Opties w/ future date,,"The name '# Billed Oppties w/ Priority' is self-explanatory as it indicates it counts billed opportunities with priority filtering, which aligns with the context.",The name reflects the calculation as it matches the logic of counting billed opportunities with priority filtering.,"The abbreviations '#' and 'w/' are common and well-understood, and 'Oppties' is a reasonable shorthand for 'Opportunities', so all are acceptable.",0.2,0.2,0.2,0.2,0.3,0.3,0.15,0.3,0.2,0.2,0.4,0.4,0.4,0.4,1.85,2.0,0.925,"Complexity: Medium complexity due to moderate business logic or formatting. Details: Calculated measure with intermediate business logic | Complexity Action: Format CALCULATE function: CALCULATE(\n    expression,\n    filter1,\n    filter2\n); Replace division operator (/) with DIVIDE() function for error handling; Consider simplifying business logic or adding better documentation"
Pipeline,# Consumed Oppties w/ Priority,"CALCULATE([# Opportunities w/ Priority],KEEPFILTERS('Priority Pipeline'[PipelineType]=""Consumption""))",,good,No,,No,,Yes,# opportunities w/ priority,Medium,Medium complexity due to moderate business logic or formatting. Details: Calculated measure with intermediate business logic; Moderate length expression (101 characters); Single-line format reduces readability,calculated_measure,"Format CALCULATE function: CALCULATE(\n    expression,\n    filter1,\n    filter2\n); Replace division operator (/) with DIVIDE() function for error handling; Consider simplifying business logic or adding better documentation",Yes,Referenced by 1 measure(s): % of Consumption Opties w/ future date,,"The name '# Consumed Oppties w/ Priority' is self-explanatory as it indicates it counts consumed opportunities with priority filtering, which aligns with the context.",The name reflects the calculation as it matches the logic of counting consumed opportunities with priority filtering.,"The abbreviations '#' and 'w/' are common and well-understood, and 'Oppties' is a reasonable shorthand for 'Opportunities', so all are acceptable.",0.2,0.2,0.2,0.2,0.3,0.3,0.15,0.3,0.2,0.2,0.4,0.4,0.4,0.4,1.85,2.0,0.925,"Complexity: Medium complexity due to moderate business logic or formatting. Details: Calculated measure with intermediate business logic; Moderate length expression (101 characters); Single-line format reduces readability | Complexity Action: Format CALCULATE function: CALCULATE(\n    expression,\n    filter1,\n    filter2\n); Replace division operator (/) with DIVIDE() function for error handling; Consider simplifying business logic or adding better documentation"
Pipeline,% of Billed Opties w/ future date,"
VAR Numerator = CALCULATE([# Billed Oppties w/ Priority]
               ,KEEPFILTERS('Opportunity'[Open Opportunity Flag] =1)
               ,KEEPFILTERS(Opportunity[Opportunity Due Date] > today())
) 
VAR Denominator = CALCULATE([# Billed Oppties w/ Priority]
                  ,KEEPFILTERS('Opportunity'[Open Opportunity Flag] =1)
)                                                         

RETURN DIVIDE(Numerator,Denominator) ",,warning,No,,No,,Yes,# billed oppties w/ priority,Medium,Medium complexity due to moderate business logic or formatting. Details: Ratio or percentage calculation with clear business logic; Long expression (431 characters); Moderate function nesting (7 nested functions); Well-formatted with line breaks,ratio_percentage,Formula follows measure complexity best practices,No,Not referenced by any other measures in the model,,"The name '% of Billed Opties w/ future date' is self-explanatory as it indicates it calculates the percentage of billed opportunities with a future date, which aligns with the context.",The name reflects the calculation as it matches the logic of dividing billed opportunities with a future date by total billed opportunities.,"The abbreviations '%' and 'w/' are common and well-understood, and 'Opties' is a reasonable shorthand for 'Opportunities', so all are acceptable.",0.2,0.2,0.2,0.2,0.0,0.3,0.15,0.3,0.2,0.2,0.4,0.4,0.4,0.4,1.5499999999999998,2.0,0.7749999999999999,Complexity: Medium complexity due to moderate business logic or formatting. Details: Ratio or percentage calculation with clear business logic; Long expression (431 characters); Moderate function nesting (7 nested functions); Well-formatted with line breaks | Complexity Action: Formula follows measure complexity best practices | Pattern Usage: Not referenced by any other measures in the model
Pipeline,% of Consumption Opties w/ future date,"
VAR Numerator = CALCULATE([# Consumed Oppties w/ Priority]
               ,KEEPFILTERS('Opportunity'[Open Opportunity Flag] =1)
               ,KEEPFILTERS(Opportunity[Estimated Completion Date] > today())
) 
VAR Denominator = CALCULATE([# Consumed Oppties w/ Priority]
                  ,KEEPFILTERS('Opportunity'[Open Opportunity Flag] =1 )
)                                                         

RETURN DIVIDE(Numerator,Denominator) ",,warning,No,,No,,Yes,# consumed oppties w/ priority,Medium,Medium complexity due to moderate business logic or formatting. Details: Ratio or percentage calculation with clear business logic; Long expression (441 characters); Moderate function nesting (7 nested functions); Well-formatted with line breaks,ratio_percentage,Formula follows measure complexity best practices,No,Not referenced by any other measures in the model,,"The name '% of Consumption Opties w/ future date' is self-explanatory as it indicates it calculates the percentage of consumed opportunities with a future date, which aligns with the context.",The name reflects the calculation as it matches the logic of dividing consumed opportunities with a future date by total consumed opportunities.,"The abbreviations '%' and 'w/' are common and well-understood, and 'Opties' is a reasonable shorthand for 'Opportunities', so all are acceptable.",0.2,0.2,0.2,0.2,0.0,0.3,0.15,0.3,0.2,0.2,0.4,0.4,0.4,0.4,1.5499999999999998,2.0,0.7749999999999999,Complexity: Medium complexity due to moderate business logic or formatting. Details: Ratio or percentage calculation with clear business logic; Long expression (441 characters); Moderate function nesting (7 nested functions); Well-formatted with line breaks | Complexity Action: Formula follows measure complexity best practices | Pattern Usage: Not referenced by any other measures in the model
Pipeline,% Total Pipeline w/ Priority," VAR Num = CALCULATE( [Billed Pipeline w/ Priority] + [ACR Pipeline w/ Priority], KEEPFILTERS( 'Priority Pipeline'[OpenOpportunityFlag] = 1 ) )
 VAR Den = CALCULATE( [Billed Pipeline] + [ACR Pipeline],KEEPFILTERS('Pipeline'[TopParentOpenOpptyFlag] = 1) ) 
 RETURN DIVIDE(Num, Den)        
        
        
       ",,good,No,,No,,Yes,"acr pipeline, acr pipeline w/ priority, billed pipeline, billed pipeline w/ priority",Medium,Medium complexity due to moderate business logic or formatting. Details: Ratio or percentage calculation with clear business logic; Long expression (314 characters); Moderate function nesting (5 nested functions); Well-formatted with line breaks,ratio_percentage,Formula follows measure complexity best practices,Yes,Referenced by 1 measure(s): % Total Stage 1 pipeline w/ priority,,"The name '% Total Pipeline w/ Priority' is self-explanatory as it indicates it calculates the percentage of the total pipeline with priority filtering, which aligns with the context.",The name reflects the calculation as it matches the logic of dividing the prioritized pipeline by the total pipeline.,"The abbreviations '%' and 'w/' are common and well-understood, so they are acceptable.",0.2,0.2,0.2,0.2,0.3,0.3,0.15,0.3,0.2,0.2,0.4,0.4,0.4,0.4,1.85,2.0,0.925,Complexity: Medium complexity due to moderate business logic or formatting. Details: Ratio or percentage calculation with clear business logic; Long expression (314 characters); Moderate function nesting (5 nested functions); Well-formatted with line breaks | Complexity Action: Formula follows measure complexity best practices
Pipeline,% Billed opties w/ close plan,"
VAR X = CALCULATE( [Billed Pipeline], KEEPFILTERS( Opportunity[Close Plan Attached] = ""Yes"" ),KEEPFILTERS('Opportunity'[Open Opportunity Flag] = 1) )

VAR Y = CALCULATE( [Billed Pipeline],KEEPFILTERS('Opportunity'[Open Opportunity Flag] = 1) )

RETURN DIVIDE( X, Y ,"""")",,issue,No,,No,,Yes,billed pipeline,Low,Low complexity due to simple structure and clear purpose. Details: Ratio or percentage calculation with clear business logic; Moderate length expression (270 characters); Moderate function nesting (6 nested functions); Well-formatted with line breaks,ratio_percentage,Formula follows measure complexity best practices,No,Not referenced by any other measures in the model,,The name '% Billed opties w/ close plan' is self-explanatory as it indicates the measure calculates the percentage of billed opportunities with a close plan.,"The name accurately reflects the calculation in the context, which divides billed pipeline with a close plan by the total billed pipeline.","The abbreviation 'opties' is unclear and not a standard abbreviation, making the name cryptic.",0.2,0.2,0.2,0.2,0.0,0.3,0.3,0.3,0.2,0.2,0.4,0.4,0.0,0.4,1.2999999999999998,2.0,0.6499999999999999,"Pattern Usage: Not referenced by any other measures in the model | Abbreviations: The abbreviation 'opties' is unclear and not a standard abbreviation, making the name cryptic."
Pipeline,% of Total Opties w/ future date,"
VAR Numerator = CALCULATE([# Open Opportunities w/ Priority], OR(Opportunity[Opportunity Due Date] > today(),Opportunity[Estimated Completion Date] > today())) 
VAR Denominator = [# Open Opportunities w/ Priority]                                                

RETURN DIVIDE(Numerator,Denominator) ",,critical,No,,No,,Yes,# open opportunities w/ priority,Medium,Medium complexity due to moderate business logic or formatting. Details: Ratio or percentage calculation with clear business logic; Long expression (301 characters); Moderate function nesting (5 nested functions); Well-formatted with line breaks,ratio_percentage,Formula follows measure complexity best practices,No,Not referenced by any other measures in the model,,The name '% of Total Opties w/ future date' is self-explanatory as it suggests the measure calculates the percentage of total opportunities with a future date.,"The name reflects the calculation in the context, which divides the number of open opportunities with a future date by the total number of open opportunities with priority.","The abbreviation 'opties' is unclear and not a standard abbreviation, making the name cryptic.",0.2,0.2,0.2,0.2,0.0,0.3,0.15,0.3,0.2,0.2,0.4,0.4,0.0,0.4,1.15,2.0,0.575,"Complexity: Medium complexity due to moderate business logic or formatting. Details: Ratio or percentage calculation with clear business logic; Long expression (301 characters); Moderate function nesting (5 nested functions); Well-formatted with line breaks | Complexity Action: Formula follows measure complexity best practices | Pattern Usage: Not referenced by any other measures in the model | Abbreviations: The abbreviation 'opties' is unclear and not a standard abbreviation, making the name cryptic."
Pipeline,Total Pipeline,[Billed Pipeline]+[ACR Pipeline],,warning,No,,No,,Yes,"acr pipeline, billed pipeline",Medium,Medium complexity due to moderate business logic or formatting,,Formula follows measure complexity best practices,No,Not referenced by any other measures in the model,,The name 'Total Pipeline' is self-explanatory as it indicates the measure calculates the total pipeline.,"The name reflects the calculation in the context, which sums the billed pipeline and ACR pipeline.",There are no problematic abbreviations in the measure name.,0.2,0.2,0.2,0.2,0.0,0.3,0.15,0.3,0.2,0.2,0.4,0.4,0.4,0.4,1.5499999999999998,2.0,0.7749999999999999,Complexity: Medium complexity due to moderate business logic or formatting | Complexity Action: Formula follows measure complexity best practices | Pattern Usage: Not referenced by any other measures in the model
Pipeline,% ACR Pipeline w/ Priority,"VAR X = CALCULATE([ACR Pipeline],KEEPFILTERS('Opportunity'[ParentingLevel Oppties]=""TopParentOppties""))

RETURN DIVIDE( [ACR Pipeline w/ Priority], X )",,good,No,,No,,Yes,"acr pipeline, acr pipeline w/ priority",Low,Low complexity due to simple structure and clear purpose. Details: Ratio or percentage calculation with clear business logic; Moderate length expression (151 characters); Well-formatted with line breaks,ratio_percentage,Formula follows measure complexity best practices,No,Not referenced by any other measures in the model,,The name '% ACR Pipeline w/ Priority' is self-explanatory as it indicates the measure calculates the percentage of ACR pipeline with priority.,"The name reflects the calculation in the context, which divides the ACR pipeline with priority by the total ACR pipeline.",The abbreviation 'ACR' is a standard Microsoft abbreviation for Azure Consumed Revenue and is acceptable.,0.2,0.2,0.2,0.2,0.0,0.3,0.3,0.3,0.2,0.2,0.4,0.4,0.4,0.4,1.6999999999999997,2.0,0.8499999999999999,Pattern Usage: Not referenced by any other measures in the model
Pipeline,# Billed Oppties,"CALCULATE([Opportunity Count], KEEPFILTERS(Opportunity[Opportunity Type] IN {""Billed"",""Billed & Consumption""}))",,critical,No,,No,,Yes,opportunity count,Medium,Medium complexity due to moderate business logic or formatting. Details: Calculated measure with intermediate business logic; Moderate length expression (111 characters); Single-line format reduces readability,calculated_measure,"Format CALCULATE function: CALCULATE(\n    expression,\n    filter1,\n    filter2\n); Consider simplifying business logic or adding better documentation",No,Not referenced by any other measures in the model,,The name '# Billed Oppties' is self-explanatory as it indicates the measure calculates the count of billed opportunities.,"The name reflects the calculation in the context, which counts opportunities of type 'Billed' or 'Billed & Consumption'.","The abbreviation 'Oppties' is unclear and not a standard abbreviation, making the name cryptic.",0.2,0.2,0.2,0.2,0.0,0.3,0.15,0.3,0.2,0.2,0.4,0.4,0.0,0.4,1.15,2.0,0.575,"Complexity: Medium complexity due to moderate business logic or formatting. Details: Calculated measure with intermediate business logic; Moderate length expression (111 characters); Single-line format reduces readability | Complexity Action: Format CALCULATE function: CALCULATE(\n    expression,\n    filter1,\n    filter2\n); Consider simplifying business logic or adding better documentation | Pattern Usage: Not referenced by any other measures in the model | Abbreviations: The abbreviation 'Oppties' is unclear and not a standard abbreviation, making the name cryptic."
Pipeline,# Consumed Oppties,"CALCULATE([Opportunity Count], KEEPFILTERS(Opportunity[Opportunity Type] IN {""Consumption"",""Billed & Consumption""}))",,critical,No,,No,,Yes,opportunity count,Medium,Medium complexity due to moderate business logic or formatting. Details: Calculated measure with intermediate business logic; Moderate length expression (116 characters); Single-line format reduces readability,calculated_measure,"Format CALCULATE function: CALCULATE(\n    expression,\n    filter1,\n    filter2\n); Consider simplifying business logic or adding better documentation",No,Not referenced by any other measures in the model,,The name '# Consumed Oppties' is self-explanatory as it indicates the measure calculates the count of consumed opportunities.,"The name reflects the calculation in the context, which counts opportunities of type 'Consumption' or 'Billed & Consumption'.","The abbreviation 'Oppties' is unclear and not a standard abbreviation, making the name cryptic.",0.2,0.2,0.2,0.2,0.0,0.3,0.15,0.3,0.2,0.2,0.4,0.4,0.0,0.4,1.15,2.0,0.575,"Complexity: Medium complexity due to moderate business logic or formatting. Details: Calculated measure with intermediate business logic; Moderate length expression (116 characters); Single-line format reduces readability | Complexity Action: Format CALCULATE function: CALCULATE(\n    expression,\n    filter1,\n    filter2\n); Consider simplifying business logic or adding better documentation | Pattern Usage: Not referenced by any other measures in the model | Abbreviations: The abbreviation 'Oppties' is unclear and not a standard abbreviation, making the name cryptic."
Pipeline,% Total Opty count w/ priority,"VAR X = CALCULATE([Opportunity Count],KEEPFILTERS('Pipeline'[TopParentOpenOpptyFlag] = 1))

RETURN DIVIDE ([# Open Opportunities w/ Priority],X)",,issue,No,,No,,Yes,"# open opportunities w/ priority, opportunity count",Medium,Medium complexity due to moderate business logic or formatting. Details: Calculated measure with intermediate business logic; Moderate length expression (144 characters); Well-formatted with line breaks,calculated_measure,Replace division operator (/) with DIVIDE() function for error handling,Yes,Referenced by 1 measure(s): % Total Stage 1 Opty count w/ priority,,The name '% Total Opty count w/ priority' is self-explanatory as it indicates the measure calculates the percentage of total opportunity count with priority.,"The name reflects the calculation in the context, which divides the count of open opportunities with priority by the total opportunity count.","The abbreviation 'Opty' is unclear and not a standard abbreviation, making the name cryptic.",0.2,0.2,0.2,0.2,0.3,0.3,0.18,0.3,0.2,0.2,0.4,0.4,0.0,0.4,1.48,2.0,0.74,"Complexity: Medium complexity due to moderate business logic or formatting. Details: Calculated measure with intermediate business logic; Moderate length expression (144 characters); Well-formatted with line breaks | Complexity Action: Replace division operator (/) with DIVIDE() function for error handling | Abbreviations: The abbreviation 'Opty' is unclear and not a standard abbreviation, making the name cryptic."
Pipeline,% Total Stage 1 Opty count w/ priority,"CALCULATE([% Total Opty count w/ priority],KEEPFILTERS(Opportunity[Sales Stage Sort]=1))",,issue,No,,No,,Yes,% total opty count w/ priority,Low,Low complexity due to simple structure and clear purpose. Details: Ratio or percentage calculation with clear business logic,ratio_percentage,"Format CALCULATE function: CALCULATE(\n    expression,\n    filter1,\n    filter2\n); Replace division operator (/) with DIVIDE() function for error handling",No,Not referenced by any other measures in the model,,The name '% Total Stage 1 Opty count w/ priority' is self-explanatory as it indicates the measure calculates the percentage of Stage 1 opportunity count with priority.,"The name reflects the calculation in the context, which filters Stage 1 opportunities and calculates the percentage of those with priority.","The abbreviation 'Opty' is unclear and not a standard abbreviation, making the name cryptic.",0.2,0.2,0.2,0.2,0.0,0.3,0.3,0.3,0.2,0.2,0.4,0.4,0.0,0.4,1.2999999999999998,2.0,0.6499999999999999,"Pattern Usage: Not referenced by any other measures in the model | Abbreviations: The abbreviation 'Opty' is unclear and not a standard abbreviation, making the name cryptic."
Pipeline,% Total Stage 1 pipeline w/ priority,"CALCULATE([% Total Pipeline w/ Priority],KEEPFILTERS(Opportunity[Sales Stage Sort]=1))",,good,No,,No,,Yes,% total pipeline w/ priority,Low,Low complexity due to simple structure and clear purpose. Details: Ratio or percentage calculation with clear business logic,ratio_percentage,"Format CALCULATE function: CALCULATE(\n    expression,\n    filter1,\n    filter2\n); Replace division operator (/) with DIVIDE() function for error handling",No,Not referenced by any other measures in the model,,The name '% Total Stage 1 pipeline w/ priority' is self-explanatory as it indicates the measure calculates the percentage of Stage 1 pipeline with priority.,"The name reflects the calculation in the context, which filters Stage 1 pipeline and calculates the percentage of those with priority.",There are no problematic abbreviations in the measure name.,0.2,0.2,0.2,0.2,0.0,0.3,0.3,0.3,0.2,0.2,0.4,0.4,0.4,0.4,1.6999999999999997,2.0,0.8499999999999999,Pattern Usage: Not referenced by any other measures in the model
Pipeline,Billed Pipeline Base,"CALCULATE(SUM(Pipeline[PipelineUSD]),KEEPFILTERS(Pipeline[PipelineType]=""Billed""))",,good,No,,No,,No,,Low,"Low complexity due to simple structure and clear purpose. Details: Simple aggregation function (SUM, COUNT, AVERAGE, etc.)",simple_aggregation,"Format CALCULATE function: CALCULATE(\n    expression,\n    filter1,\n    filter2\n); Format SUM expressions with line breaks when part of complex calculations",Yes,Referenced by 1 measure(s): Billed Pipeline,,The name 'Billed Pipeline Base' is self-explanatory as it indicates the measure calculates the base value of the billed pipeline.,"The name reflects the calculation in the context, which sums the pipeline USD for billed pipeline type.",There are no problematic abbreviations in the measure name.,0.2,0.2,0.2,0.2,0.3,0.3,0.3,0.3,0.2,0.2,0.4,0.4,0.4,0.4,2.0,2.0,1.0,No specific recommendations
Pipeline,ACR Pipeline Base,"CALCULATE(SUM(Pipeline[ACRPipelineUSD]),KEEPFILTERS(Pipeline[PipelineType]=""Consumption""),ALL('Product'))",,good,No,,No,,No,,Medium,Medium complexity due to moderate business logic or formatting. Details: Calculated measure with intermediate business logic; Moderate length expression (105 characters); Moderate function nesting (4 nested functions); Single-line format reduces readability,calculated_measure,"Format CALCULATE function: CALCULATE(\n    expression,\n    filter1,\n    filter2\n); Format SUM expressions with line breaks when part of complex calculations; Consider simplifying business logic or adding better documentation",Yes,Referenced by 1 measure(s): ACR Pipeline,,The name 'ACR Pipeline Base' is self-explanatory as it indicates the measure calculates the base value of the ACR pipeline.,"The name reflects the calculation in the context, which sums the ACR pipeline USD for consumption pipeline type.",The abbreviation 'ACR' is a standard Microsoft abbreviation for Azure Consumed Revenue and is acceptable.,0.2,0.2,0.2,0.2,0.3,0.3,0.15,0.3,0.2,0.2,0.4,0.4,0.4,0.4,1.85,2.0,0.925,"Complexity: Medium complexity due to moderate business logic or formatting. Details: Calculated measure with intermediate business logic; Moderate length expression (105 characters); Moderate function nesting (4 nested functions); Single-line format reduces readability | Complexity Action: Format CALCULATE function: CALCULATE(\n    expression,\n    filter1,\n    filter2\n); Format SUM expressions with line breaks when part of complex calculations; Consider simplifying business logic or adding better documentation"
Pipeline,# Open Opportunities w/ Priority,"CALCULATE([# Opportunities w/ Priority]
        ,KEEPFILTERS('Priority Pipeline'[OpenOpportunityFlag] =1))",,good,No,,No,,Yes,# opportunities w/ priority,Medium,Medium complexity due to moderate business logic or formatting. Details: Calculated measure with intermediate business logic; Moderate length expression (106 characters); Well-formatted with line breaks,calculated_measure,Replace division operator (/) with DIVIDE() function for error handling,Yes,"Referenced by 2 measure(s): % of Total Opties w/ future date, % Total Opty count w/ priority",,The name '# Open Opportunities w/ Priority' is self-explanatory as it indicates the measure calculates the count of open opportunities with priority.,"The name reflects the calculation in the context, which counts open opportunities with priority.",There are no problematic abbreviations in the measure name.,0.2,0.2,0.2,0.2,0.3,0.3,0.18,0.3,0.2,0.2,0.4,0.4,0.4,0.4,1.88,2.0,0.94,Complexity: Medium complexity due to moderate business logic or formatting. Details: Calculated measure with intermediate business logic; Moderate length expression (106 characters); Well-formatted with line breaks | Complexity Action: Replace division operator (/) with DIVIDE() function for error handling
Pipeline,# Open Opportunities w/o Priority," CALCULATE([Opportunity Count]
 ,KEEPFILTERS('Opportunity'[Account Priority Attached]=""No"")
,KEEPFILTERS('Pipeline'[TopParentOpenOpptyFlag]=1))
",,warning,No,,No,,Yes,opportunity count,Medium,Medium complexity due to moderate business logic or formatting. Details: Calculated measure with intermediate business logic; Moderate length expression (144 characters); Well-formatted with line breaks,calculated_measure,Formula follows measure complexity best practices,No,Not referenced by any other measures in the model,,The name '# Open Opportunities w/o Priority' is self-explanatory as it indicates the measure calculates the count of open opportunities without priority.,"The name reflects the calculation in the context, which counts open opportunities without priority.",There are no problematic abbreviations in the measure name.,0.2,0.2,0.2,0.2,0.0,0.3,0.18,0.3,0.2,0.2,0.4,0.4,0.4,0.4,1.58,2.0,0.79,Complexity: Medium complexity due to moderate business logic or formatting. Details: Calculated measure with intermediate business logic; Moderate length expression (144 characters); Well-formatted with line breaks | Complexity Action: Formula follows measure complexity best practices | Pattern Usage: Not referenced by any other measures in the model
Pipeline,Qualified Pipeline,"CALCULATE(
    SUM( 'Pipeline'[QualifiedPipeline] )
    , KEEPFILTERS( Pipeline[PipelineType] = ""Billed"" )
)
",,warning,No,,No,,No,,Medium,Medium complexity due to moderate business logic or formatting. Details: Calculated measure with intermediate business logic; Moderate length expression (109 characters); Well-formatted with line breaks,calculated_measure,Formula follows measure complexity best practices,No,Not referenced by any other measures in the model,,The name 'Qualified Pipeline' is self-explanatory as it indicates the measure calculates the qualified pipeline.,"The name reflects the calculation in the context, which sums the qualified pipeline for billed pipeline type.",There are no problematic abbreviations in the measure name.,0.2,0.2,0.2,0.2,0.0,0.3,0.18,0.3,0.2,0.2,0.4,0.4,0.4,0.4,1.58,2.0,0.79,Complexity: Medium complexity due to moderate business logic or formatting. Details: Calculated measure with intermediate business logic; Moderate length expression (109 characters); Well-formatted with line breaks | Complexity Action: Formula follows measure complexity best practices | Pattern Usage: Not referenced by any other measures in the model
Pipeline,Azure Qualified Pipeline,"CALCULATE(
    SUM('Pipeline'[QualifiedPipeline])
    ,KEEPFILTERS(Pipeline[PipelineType] = ""Consumption"")
    ,USERELATIONSHIP(Account[dimaccountgeographyhierarchykey],Pipeline[dimaccountgeographyhierarchykey]))",,issue,No,,No,,No,,High,"High complexity due to complex logic, poor structure, or unclear purpose. Details: Complex calculation with multiple operations and conditions; Moderate length expression (212 characters); Moderate function nesting (4 nested functions); Well-formatted with line breaks",complex_calculation,CRITICAL - High complexity measure needs restructuring and simplification; CRITICAL - Break complex calculation into multiple simpler measures for better maintainability,No,Not referenced by any other measures in the model,,The name 'Azure Qualified Pipeline' is self-explanatory as it indicates the measure calculates the Azure qualified pipeline.,"The name reflects the calculation in the context, which sums the qualified pipeline for consumption pipeline type with a specific relationship.",There are no problematic abbreviations in the measure name.,0.2,0.2,0.2,0.2,0.0,0.3,0.0,0.3,0.2,0.2,0.4,0.4,0.4,0.4,1.4,2.0,0.7,"Complexity: High complexity due to complex logic, poor structure, or unclear purpose. Details: Complex calculation with multiple operations and conditions; Moderate length expression (212 characters); Moderate function nesting (4 nested functions); Well-formatted with line breaks | Complexity Action: CRITICAL - High complexity measure needs restructuring and simplification; CRITICAL - Break complex calculation into multiple simpler measures for better maintainability | Pattern Usage: Not referenced by any other measures in the model"
User Seller,CURRENT_USER,"LEFT(USERPRINCIPALNAME(),FIND(""@"",USERPRINCIPALNAME())-1)",,warning,No,,No,,No,,Medium,Medium complexity due to moderate business logic or formatting. Details: Moderate function nesting (4 nested functions),,Formula follows measure complexity best practices,No,Not referenced by any other measures in the model,,The name 'CURRENT_USER' is self-explanatory as it clearly indicates that the measure is related to identifying the current user. The context confirms this by showing it extracts the username from the USERPRINCIPALNAME function.,The name 'CURRENT_USER' reflects the calculation as the context shows it extracts the current user's alias from their email address using the USERPRINCIPALNAME function. The name aligns with the business purpose of identifying the current user.,There are no cryptic or problematic abbreviations in the measure name 'CURRENT_USER'. The name is clear and uses standard terminology.,0.2,0.2,0.2,0.2,0.0,0.3,0.15,0.3,0.2,0.2,0.4,0.4,0.4,0.4,1.5499999999999998,2.0,0.7749999999999999,Complexity: Medium complexity due to moderate business logic or formatting. Details: Moderate function nesting (4 nested functions) | Complexity Action: Formula follows measure complexity best practices | Pattern Usage: Not referenced by any other measures in the model
