Table Name,Issue_Severity,Measure Name,Measure Formula,Calculation Type,AI Analyzed,Unique Measure Definition,Is Standard Measure,Self Explanatory Calculation Logic,Complexity Level,Meets Naming Convention Standards,Has Descriptions,Proper DAX References,Unique Measure Definition Score,Unique Measure Definition Max Score,Standard Measure Score,Standard Measure Max Score,Business Documentation Score,Business Documentation Max Score,Complexity Classification Score,Complexity Classification Max Score,Definition Based Naming Score,Definition Based Naming Max Score,Business Focused Naming Score,Business Focused Naming Max Score,DAX Reference Score,DAX Reference Max Score,Overall Score,Calculation Logic Score,Naming Score,Business Purpose,Standardized Calculation Logic Recommendations,Naming Conventions Recommendations
Account,Good,TPID Count,COUNT( Account[TPID] ),Simple Aggregation,Yes,Yes - CRITICAL LOGIC: The formula is unique and does not duplicate other measures.,Yes - This measure aligns with enterprise standards as it represents a simple aggregation (COUNT) commonly used in business reporting.,Yes - The calculation logic is straightforward and easy to understand as it counts the TPID column.,"Low - The measure uses a simple COUNT function without nested logic, making it low complexity.",Yes - The name clearly reflects the calculation (counting TPIDs) and follows naming conventions.,"No - The measure lacks a description, which would improve clarity for business users.","Yes - The formula uses fully qualified column references (Account[TPID]), adhering to DAX standards.",0.200,0.200,0.300,0.300,0.000,0.200,0.300,0.300,0.400,0.400,0.400,0.400,0.200,0.200,0.900,0.800,1.000,"Counts the number of TPIDs in the Account table, providing a fundamental metric for analysis.",Ensure all measures have a description to improve business user accessibility and understanding.,No changes needed as the naming convention is already clear and descriptive.
Account,Warning,# Accounts w/ Unified or Premier,"CALCULATE([TPID Count],KEEPFILTERS(Account[Has Premier Unified] = ""Yes""))",Calculated Measure,Yes,Yes - CRITICAL LOGIC: The formula is unique and does not duplicate other measures.,No - This measure is specific to the business context and does not align with standard enterprise measures like Total Sales Value or Gross Margin.,No - The calculation logic is not immediately clear without a description explaining the purpose of filtering for 'Has Premier Unified'.,"Medium - The measure uses CALCULATE with KEEPFILTERS, which adds moderate complexity to the formula.",No - The name uses abbreviations ('#' and 'w/') which are not business-friendly or self-explanatory.,"No - The measure lacks a description, which would improve clarity for business users.","Yes - The formula uses fully qualified column references (Account[Has Premier Unified]), adhering to DAX standards.",0.200,0.200,0.000,0.300,0.000,0.200,0.200,0.300,0.200,0.400,0.000,0.400,0.200,0.200,0.400,0.400,0.400,"Counts accounts with Premier or Unified status, providing insights into account segmentation.",Add a description to explain the business purpose of filtering for 'Has Premier Unified'.,"Rename the measure to avoid abbreviations and make it more descriptive, e.g., 'Accounts_With_Premier_Or_Unified'."
Account,Issue,ATQ Latest,AVERAGE(Account[ATQ]),Simple Aggregation,Yes,Yes - CRITICAL LOGIC: The formula is unique and does not duplicate other measures.,No - This measure does not align with standard enterprise measures and appears to be specific to the business context.,No - The calculation logic is not self-explanatory without a description explaining the purpose of averaging the ATQ column.,"Low - The measure uses a simple AVERAGE function without nested logic, making it low complexity.",No - The name does not clearly describe the calculation or business purpose. 'Latest' is ambiguous and does not align with the formula.,"No - The measure lacks a description, which would improve clarity for business users.","Yes - The formula uses fully qualified column references (Account[ATQ]), adhering to DAX standards.",0.200,0.200,0.000,0.300,0.000,0.200,0.300,0.300,0.000,0.400,0.000,0.400,0.200,0.200,0.350,0.500,0.200,"Calculates the average value of the ATQ column, which may represent a metric specific to the business.",Add a description to explain the business purpose of averaging the ATQ column.,"Rename the measure to better reflect the calculation and business purpose, e.g., 'Average_ATQ'."
Account,Issue,Understands Strategic Priorities Latest,AVERAGE(Account[UnderstandsStrategicPriorities]),Simple Aggregation,Yes,Yes - CRITICAL LOGIC: Answer 'Yes' because the formula is unique and does not duplicate other measures.,No - This measure does not align with standard enterprise measures like Total Sales Value or Gross Margin.,"No - The measure lacks a description, making it unclear to business users what 'Understands Strategic Priorities' represents.",Low - The formula uses a simple AVERAGE function without nested logic or complexity.,No - The name is descriptive but overly verbose and does not follow concise naming conventions.,"No - The measure lacks a description, which reduces its clarity and usability for business users.","Yes - The formula uses fully qualified column references (e.g., Account[UnderstandsStrategicPriorities]).",0.200,0.200,0.000,0.300,0.000,0.200,0.300,0.300,0.200,0.400,0.200,0.400,0.200,0.200,0.550,0.500,0.600,Evaluates the average understanding of strategic priorities for accounts.,Add a clear description to explain the business purpose of this measure. Consider aligning it with enterprise standards if applicable.,"Simplify the name to make it concise while retaining its business meaning, e.g., 'Strategic_Priorities_Avg'."
Account,Issue,Identify Right Solutions Based on Needs Latest,AVERAGE(Account[IdentifyRightSolutionsBasedonNeeds]),Simple Aggregation,Yes,Yes - CRITICAL LOGIC: Answer 'Yes' because the formula is unique and does not duplicate other measures.,No - This measure does not align with standard enterprise measures like Total Sales Value or Gross Margin.,"No - The measure lacks a description, making it unclear to business users what 'Identify Right Solutions Based on Needs' represents.",Low - The formula uses a simple AVERAGE function without nested logic or complexity.,No - The name is descriptive but overly verbose and does not follow concise naming conventions.,"No - The measure lacks a description, which reduces its clarity and usability for business users.","Yes - The formula uses fully qualified column references (e.g., Account[IdentifyRightSolutionsBasedonNeeds]).",0.200,0.200,0.000,0.300,0.000,0.200,0.300,0.300,0.200,0.400,0.200,0.400,0.200,0.200,0.550,0.500,0.600,Evaluates the average identification of right solutions based on account needs.,Add a clear description to explain the business purpose of this measure. Consider aligning it with enterprise standards if applicable.,"Simplify the name to make it concise while retaining its business meaning, e.g., 'Solutions_Needs_Avg'."
Account,Warning,Delta ATQ,"IF(AVERAGE(Account[ATQ])=0,"""",AVERAGE(Account[delta_ATQ]))",Calculated Measure,Yes,Yes - CRITICAL LOGIC: Answer 'Yes' because the formula is unique and does not duplicate other measures.,No - This measure does not align with standard enterprise measures like Total Sales Value or Gross Margin.,"No - The measure lacks a description, and the use of nested functions makes the logic harder to understand.","Medium - The formula uses nested functions, including IF and AVERAGE, which increases complexity slightly.",No - The name is not descriptive enough and uses abbreviations ('ATQ') that may not be clear to business users.,"No - The measure lacks a description, which reduces its clarity and usability for business users.","Yes - The formula uses fully qualified column references (e.g., Account[ATQ]).",0.200,0.200,0.000,0.300,0.000,0.200,0.200,0.300,0.200,0.400,0.000,0.400,0.200,0.200,0.400,0.400,0.400,Calculates the delta of average ATQ values for accounts.,Add a clear description to explain the business purpose of this measure. Simplify the formula if possible to reduce complexity.,"Rename the measure to avoid abbreviations and make it more descriptive, e.g., 'Delta_Average_ATQ'."
Account,Issue,Delta Understands Strategic Priorities,"IF(AVERAGE(Account[UnderstandsStrategicPriorities])=0,"""",AVERAGE(Account[delta_UnderstandsStrategicPriorities]))",Calculated Measure,Yes,No - The formula is unique and does not duplicate other measures.,No - This measure does not align with standard enterprise measures like Total Sales Value or Gross Margin.,No - The calculation logic is not self-explanatory due to the use of nested IF and AVERAGE functions without clear documentation or description.,"Medium - The measure uses nested functions but is not overly complex. However, the logic could be simplified for better readability.",No - The name does not clearly reflect the calculation logic or business purpose. It is somewhat cryptic and lacks clarity.,"No - The measure lacks a description, making it difficult for business users to understand its purpose.","Yes - The formula uses fully qualified column references, which adhere to DAX standards.",0.200,0.200,0.000,0.300,0.000,0.200,0.200,0.300,0.200,0.400,0.000,0.400,0.200,0.200,0.400,0.400,0.400,Evaluate the average delta for understanding strategic priorities across accounts.,Simplify the calculation logic and provide a clear description to make the measure more accessible to business users.,"Rename the measure to better reflect its calculation logic and business purpose, such as 'Average Delta Strategic Priorities'."
Account,Issue,Delta Identify Right Solutions Based on Needs,"IF(AVERAGE(Account[IdentifyRightSolutionsBasedonNeeds])=0,"""",AVERAGE(Account[delta_IdentifyRightSolutionsBasedonNeeds]))",Calculated Measure,Yes,No - The formula is unique and does not duplicate other measures.,No - This measure does not align with standard enterprise measures like Total Sales Value or Gross Margin.,No - The calculation logic is not self-explanatory due to the use of nested IF and AVERAGE functions without clear documentation or description.,"Medium - The measure uses nested functions but is not overly complex. However, the logic could be simplified for better readability.",No - The name does not clearly reflect the calculation logic or business purpose. It is somewhat cryptic and lacks clarity.,"No - The measure lacks a description, making it difficult for business users to understand its purpose.","Yes - The formula uses fully qualified column references, which adhere to DAX standards.",0.200,0.200,0.000,0.300,0.000,0.200,0.200,0.300,0.200,0.400,0.000,0.400,0.200,0.200,0.400,0.400,0.400,Evaluate the average delta for identifying the right solutions based on needs across accounts.,Simplify the calculation logic and provide a clear description to make the measure more accessible to business users.,"Rename the measure to better reflect its calculation logic and business purpose, such as 'Average Delta Right Solutions'."
Account,Critical,% of Accounts with Exec Sponsor,"var num= CALCULATE(SUMX(VALUES('Account Plan Priority'[AccountPlanPriorityID]),1),
    KEEPFILTERS(Account[executivesponsorid] <> blank())
)
var den= SUMX( VALUES( 'Account Plan Priority'[AccountPlanPriorityID] ), 1 ) 


return DIVIDE(num,den)",Ratio Percentage,Yes,No - The formula is unique and does not duplicate other measures.,No - This measure does not align with standard enterprise measures like Total Sales Value or Gross Margin.,No - The calculation logic is overly complex with nested functions and lacks a description to explain its purpose.,"High - The measure uses multiple nested functions and complex logic, making it difficult to understand and maintain.","Yes - The name is clear and descriptive, reflecting the calculation logic and business purpose.","No - The measure lacks a description, making it difficult for business users to understand its purpose.","Yes - The formula uses fully qualified column references, which adhere to DAX standards.",0.200,0.200,0.000,0.300,0.000,0.200,0.000,0.300,0.400,0.400,0.400,0.400,0.200,0.200,0.600,0.200,1.000,Calculate the percentage of accounts with an executive sponsor.,Simplify the calculation logic to reduce complexity and improve readability. Provide a clear description to explain the measure's purpose.,"The name is clear and descriptive, but ensure it aligns with enterprise standards for naming conventions."
Account,Issue,Helps Maximize Solutions Latest,AVERAGE(Account[HelpsMaximizeSolutions]),Simple Aggregation,Yes,Yes - CRITICAL LOGIC: Answer 'Yes' because the formula is unique and does not duplicate other measures.,No - The measure does not align with standard enterprise measures like Total Sales Value or Gross Margin.,No - The calculation logic is not self-explanatory as the measure name does not clearly indicate it is an average calculation.,"Low - The formula is simple, using a single AVERAGE function without nested logic.",No - The name does not clearly reflect the calculation logic (average) and includes ambiguous terms like 'Latest'.,"No - The measure lacks a description, making it unclear for business users.",Yes - The formula uses fully qualified column references (Account[HelpsMaximizeSolutions]).,0.200,0.200,0.000,0.300,0.000,0.200,0.300,0.300,0.000,0.400,0.000,0.400,0.200,0.200,0.350,0.500,0.200,Provides the average value of HelpsMaximizeSolutions for accounts.,Consider adding a description to explain the business purpose of the measure and clarify its calculation logic. Ensure the measure aligns with enterprise standards.,Rename the measure to 'Average_Helps_Maximize_Solutions' to clearly reflect the calculation logic and avoid ambiguous terms like 'Latest'.
Account,Critical,Delta Helps Maximize Solutions Value,"IF(AVERAGE(Account[HelpsMaximizeSolutions])=0,"""",AVERAGE(Account[delta_HelpsMaximizeSolutions]))",Complex Calculation,Yes,Yes - CRITICAL LOGIC: Answer 'Yes' because the formula is unique and does not duplicate other measures.,No - The measure does not align with standard enterprise measures like Total Sales Value or Gross Margin.,No - The calculation logic is not self-explanatory due to the use of nested IF and AVERAGE functions without clear explanation.,"Medium - The formula uses nested functions (IF and AVERAGE), which increases complexity but is not overly complicated.",No - The name is ambiguous and does not clearly reflect the calculation logic or business purpose.,"No - The measure lacks a description, making it unclear for business users.",Yes - The formula uses fully qualified column references (Account[HelpsMaximizeSolutions] and Account[delta_HelpsMaximizeSolutions]).,0.200,0.200,0.000,0.300,0.000,0.200,0.200,0.300,0.000,0.400,0.000,0.400,0.200,0.200,0.300,0.400,0.200,"Calculates the delta average value for HelpsMaximizeSolutions, excluding zero values.",Simplify the formula by reducing nested functions and provide a clear description of the measure's purpose.,Rename the measure to 'Delta_Average_Helps_Maximize_Solutions' to clearly reflect the calculation logic and avoid ambiguous terms.
Account,Critical,Delta Joint Planning Addresses Needs,"IF(AVERAGE(Account[JointPlanningAddressesNeeds])=0,"""",AVERAGE(Account[delta_JointPlanningAddressesNeeds]))",Complex Calculation,Yes,Yes - CRITICAL LOGIC: Answer 'Yes' because the formula is unique and does not duplicate other measures.,No - The measure does not align with standard enterprise measures like Total Sales Value or Gross Margin.,No - The calculation logic is not self-explanatory due to the use of nested IF and AVERAGE functions without clear explanation.,"Medium - The formula uses nested functions (IF and AVERAGE), which increases complexity but is not overly complicated.",No - The name is ambiguous and does not clearly reflect the calculation logic or business purpose.,"No - The measure lacks a description, making it unclear for business users.",Yes - The formula uses fully qualified column references (Account[JointPlanningAddressesNeeds] and Account[delta_JointPlanningAddressesNeeds]).,0.200,0.200,0.000,0.300,0.000,0.200,0.200,0.300,0.000,0.400,0.000,0.400,0.200,0.200,0.300,0.400,0.200,"Calculates the delta average value for JointPlanningAddressesNeeds, excluding zero values.",Simplify the formula by reducing nested functions and provide a clear description of the measure's purpose.,Rename the measure to 'Delta_Average_Joint_Planning_Addresses_Needs' to clearly reflect the calculation logic and avoid ambiguous terms.
Account,Issue,Joint Planning Addresses Needs,AVERAGE(Account[JointPlanningAddressesNeeds]),Simple Aggregation,Yes,No - CRITICAL LOGIC: The formula is unique and does not duplicate other measures.,No - This measure does not align with standard enterprise measures like Total Sales Value or Gross Margin.,"No - The measure lacks a description, making it difficult to understand its business purpose.","Low - The formula is straightforward, using a simple AVERAGE function without nested logic.",Yes - The name is descriptive and aligns with the calculation logic.,"No - The measure lacks a description, which reduces clarity for business users.","Yes - The formula uses fully qualified column references, adhering to DAX standards.",0.200,0.200,0.000,0.300,0.000,0.200,0.300,0.300,0.400,0.400,0.400,0.400,0.200,0.200,0.750,0.500,1.000,Evaluate the average value of 'JointPlanningAddressesNeeds' for accounts.,Add a description to explain the business purpose of the measure. Consider aligning the measure with enterprise standards if applicable.,No changes needed; the naming convention is clear and descriptive.
Account,Critical,Delta Continuous Relationship Building,"IF(AVERAGE(Account[ContinuousRelationshipBuilding])=0,"""",AVERAGE(Account[delta_ContinuousRelationshipBuilding]))",Complex Calculation,Yes,No - CRITICAL LOGIC: The formula is unique and does not duplicate other measures.,No - This measure does not align with standard enterprise measures like Total Sales Value or Gross Margin.,"No - The measure lacks a description, and the formula is unnecessarily complex for its business purpose.","High - The formula uses nested IF and AVERAGE functions, making it unnecessarily complex for the intended calculation.",Yes - The name is descriptive and aligns with the calculation logic.,"No - The measure lacks a description, which reduces clarity for business users.","Yes - The formula uses fully qualified column references, adhering to DAX standards.",0.200,0.200,0.000,0.300,0.000,0.200,0.000,0.300,0.400,0.400,0.400,0.400,0.200,0.200,0.600,0.200,1.000,Calculate the delta for 'ContinuousRelationshipBuilding' based on specific conditions.,Simplify the formula to reduce complexity. Add a description to explain the business purpose of the measure.,No changes needed; the naming convention is clear and descriptive.
Account,Issue,Continuous Relationship Building,AVERAGE(Account[ContinuousRelationshipBuilding]),Simple Aggregation,Yes,No - CRITICAL LOGIC: The formula is unique and does not duplicate other measures.,No - This measure does not align with standard enterprise measures like Total Sales Value or Gross Margin.,"No - The measure lacks a description, making it difficult to understand its business purpose.","Low - The formula is straightforward, using a simple AVERAGE function without nested logic.",Yes - The name is descriptive and aligns with the calculation logic.,"No - The measure lacks a description, which reduces clarity for business users.","Yes - The formula uses fully qualified column references, adhering to DAX standards.",0.200,0.200,0.000,0.300,0.000,0.200,0.300,0.300,0.400,0.400,0.400,0.400,0.200,0.200,0.750,0.500,1.000,Evaluate the average value of 'ContinuousRelationshipBuilding' for accounts.,Add a description to explain the business purpose of the measure. Consider aligning the measure with enterprise standards if applicable.,No changes needed; the naming convention is clear and descriptive.
Account,Issue,% of Accounts with sep,"var den=[TPID Count]
var num=CALCULATE([TPID Count],keepfilters(Account[issep]=""yes""))

RETURN DIVIDE(num,den)",Ratio Percentage,Yes,"No - CRITICAL LOGIC: Answer 'No' because the formula duplicates the structure of other measures (e.g., '% of Accounts with ACSP' and '% of Accounts with APT') but uses a different filter condition.","No - This measure is not part of the standard enterprise library (e.g., Total Sales Value, Total Quantity, Gross Margin). It is a specific ratio calculation for a niche business use case.",No - The calculation logic is not self-explanatory due to the lack of description and unclear business context for 'sep'.,"Medium - The measure uses nested functions (CALCULATE and KEEPFILTERS) and variable definitions, which add moderate complexity but are appropriate for the calculation.",No - The name 'Account.% of Accounts with sep' is cryptic and does not clearly describe the business purpose or calculation logic.,"No - The measure lacks a description, making it difficult for business users to understand its purpose.","Yes - The measure uses fully qualified column references (e.g., Account[issep]) and unqualified measure references (e.g., [TPID Count]), adhering to DAX standards.",0.000,0.200,0.000,0.300,0.000,0.200,0.200,0.300,0.000,0.400,0.000,0.400,0.200,0.200,0.200,0.200,0.200,Calculate the percentage of accounts with a specific status ('sep').,Consider adding a description to explain the business purpose of the measure. Ensure the calculation logic aligns with enterprise standards and avoids duplication.,"Rename the measure to something more descriptive, such as 'Percentage of Accounts with SEP Status', to improve clarity and business alignment."
Account,Issue,% of Accounts with ACSP,"var den=[TPID Count]
var num=CALCULATE([TPID Count],keepfilters(Account[isacsp]=""yes""))

RETURN DIVIDE(num,den)",Ratio Percentage,Yes,"No - CRITICAL LOGIC: Answer 'No' because the formula duplicates the structure of other measures (e.g., '% of Accounts with sep' and '% of Accounts with APT') but uses a different filter condition.","No - This measure is not part of the standard enterprise library (e.g., Total Sales Value, Total Quantity, Gross Margin). It is a specific ratio calculation for a niche business use case.",No - The calculation logic is not self-explanatory due to the lack of description and unclear business context for 'ACSP'.,"Medium - The measure uses nested functions (CALCULATE and KEEPFILTERS) and variable definitions, which add moderate complexity but are appropriate for the calculation.",No - The name 'Account.% of Accounts with ACSP' is cryptic and does not clearly describe the business purpose or calculation logic.,"No - The measure lacks a description, making it difficult for business users to understand its purpose.","Yes - The measure uses fully qualified column references (e.g., Account[isacsp]) and unqualified measure references (e.g., [TPID Count]), adhering to DAX standards.",0.000,0.200,0.000,0.300,0.000,0.200,0.200,0.300,0.000,0.400,0.000,0.400,0.200,0.200,0.200,0.200,0.200,Calculate the percentage of accounts with a specific status ('ACSP').,Consider adding a description to explain the business purpose of the measure. Ensure the calculation logic aligns with enterprise standards and avoids duplication.,"Rename the measure to something more descriptive, such as 'Percentage of Accounts with ACSP Status', to improve clarity and business alignment."
Account,Issue,% of Accounts with APT,"var den=[TPID Count]
var num=CALCULATE([TPID Count],keepfilters(Account[isapt]=""yes""))

RETURN DIVIDE(num,den)",Ratio Percentage,Yes,"No - CRITICAL LOGIC: Answer 'No' because the formula duplicates the structure of other measures (e.g., '% of Accounts with sep' and '% of Accounts with ACSP') but uses a different filter condition.","No - This measure is not part of the standard enterprise library (e.g., Total Sales Value, Total Quantity, Gross Margin). It is a specific ratio calculation for a niche business use case.",No - The calculation logic is not self-explanatory due to the lack of description and unclear business context for 'APT'.,"Medium - The measure uses nested functions (CALCULATE and KEEPFILTERS) and variable definitions, which add moderate complexity but are appropriate for the calculation.",No - The name 'Account.% of Accounts with APT' is cryptic and does not clearly describe the business purpose or calculation logic.,"No - The measure lacks a description, making it difficult for business users to understand its purpose.","Yes - The measure uses fully qualified column references (e.g., Account[isapt]) and unqualified measure references (e.g., [TPID Count]), adhering to DAX standards.",0.000,0.200,0.000,0.300,0.000,0.200,0.200,0.300,0.000,0.400,0.000,0.400,0.200,0.200,0.200,0.200,0.200,Calculate the percentage of accounts with a specific status ('APT').,Consider adding a description to explain the business purpose of the measure. Ensure the calculation logic aligns with enterprise standards and avoids duplication.,"Rename the measure to something more descriptive, such as 'Percentage of Accounts with APT Status', to improve clarity and business alignment."
Account,Warning,% of Accounts with CSAA,"var den=[TPID Count]
var num=CALCULATE([TPID Count],keepfilters(Account[iscsaa]=""yes""))

RETURN DIVIDE(num,den)",Ratio Percentage,Yes,Yes - CRITICAL LOGIC: The formula is unique and does not duplicate other measures.,No - This measure is specific to the business context and does not align with standard enterprise measures like Total Sales Value or Gross Margin.,"Yes - The calculation logic is clear, using a numerator and denominator to calculate a percentage.","Medium - The measure uses nested functions (CALCULATE and KEEPFILTERS) and a DIVIDE function, which adds moderate complexity but is appropriate for the business purpose.","Yes - The name clearly reflects the calculation and business purpose, indicating it calculates the percentage of accounts with CSAA.","No - The measure lacks a description, which would help explain its business purpose and calculation logic.","Yes - The measure uses fully qualified column references and unqualified measure references, adhering to DAX standards.",0.200,0.200,0.000,0.300,0.000,0.200,0.300,0.300,0.400,0.400,0.400,0.400,0.200,0.200,0.750,0.500,1.000,"Calculates the percentage of accounts with CSAA, providing insights into account segmentation.",Consider adding a description to explain the business purpose and calculation logic of the measure. Ensure it aligns with enterprise reporting standards if applicable.,The naming convention is appropriate and does not require changes.
Calendar,Critical,Last Refresh Icon,"""🕘""",Undocumented,Yes,Yes - CRITICAL LOGIC: The formula is unique and does not duplicate other measures.,No - This measure is ad-hoc and does not align with standard enterprise measures.,"No - The measure does not provide any calculation logic or business context, making it unclear.","Low - The measure uses a simple string assignment, which is not complex.",No - The name does not clearly reflect the purpose or calculation of the measure.,"No - The measure lacks a description, which would help explain its purpose.","Yes - The measure does not involve column or measure references, but the syntax is correct.",0.200,0.200,0.000,0.300,0.000,0.200,0.300,0.300,0.000,0.400,0.000,0.400,0.200,0.200,0.350,0.500,0.200,"Provides a static icon for last refresh, but lacks meaningful business context.",Consider removing or revising this measure to align with enterprise reporting standards and provide meaningful business insights.,Rename the measure to clearly reflect its purpose and avoid ambiguity.
Calendar,Critical,Information Icon,"""i""",Undocumented,Yes,Yes - CRITICAL LOGIC: The formula is unique and does not duplicate other measures.,No - This measure is ad-hoc and does not align with standard enterprise measures.,"No - The measure does not provide any calculation logic or business context, making it unclear.","Low - The measure uses a simple string assignment, which is not complex.",No - The name does not clearly reflect the purpose or calculation of the measure.,"No - The measure lacks a description, which would help explain its purpose.","Yes - The measure does not involve column or measure references, but the syntax is correct.",0.200,0.200,0.000,0.300,0.000,0.200,0.300,0.300,0.000,0.400,0.000,0.400,0.200,0.200,0.350,0.500,0.200,"Provides a static icon for information, but lacks meaningful business context.",Consider removing or revising this measure to align with enterprise reporting standards and provide meaningful business insights.,Rename the measure to clearly reflect its purpose and avoid ambiguity.
Calendar,Critical,Filters Applied Icon,"""🗸""",Undocumented,Yes,Yes - CRITICAL LOGIC: Answer 'Yes' because the formula is unique and does not duplicate other measures.,No - This measure does not align with standard enterprise reporting measures such as Total Sales Value or Gross Margin.,No - The formula '🗸' does not provide any meaningful calculation logic or business insight.,Low - The formula is extremely simple with no nested functions or complex logic.,No - The name 'Filters Applied Icon' does not clearly describe the measure's purpose or calculation.,No - No description is provided to explain the measure's purpose or business context.,"Yes - The formula does not involve any DAX references, so there are no issues with referencing.",0.200,0.200,0.000,0.300,0.000,0.200,0.300,0.300,0.000,0.400,0.000,0.400,0.200,0.200,0.350,0.500,0.200,No clear business purpose identified.,Consider removing this measure or replacing it with a meaningful calculation that provides business insights.,"Rename the measure to clearly describe its purpose or calculation logic, if it is retained."
Account Planning,Warning,# of Priorities w/ Pipeline,"CALCULATE([# of Priorities] 
,KEEPFILTERS('Account Planning'[Attached To Opportunity] = ""Yes"")
,KEEPFILTERS('Opportunity'[ParentingLevel Oppties]=""TopParentOppties""))",Calculated Measure,Yes,Yes - CRITICAL LOGIC: Answer 'Yes' because the formula is unique and does not duplicate other measures.,Yes - This measure aligns with enterprise reporting standards as it calculates a count relevant to business priorities.,Yes - The calculation logic is clear and uses filters to count priorities attached to opportunities.,"Medium - The formula involves multiple filters and nested functions, which are appropriate for the business purpose.",Yes - The name clearly describes the measure's purpose and calculation logic.,No - No description is provided to explain the measure's purpose or business context.,Yes - The formula uses proper DAX references with fully qualified column names and measure references.,0.200,0.200,0.300,0.300,0.000,0.200,0.300,0.300,0.400,0.400,0.400,0.400,0.200,0.200,0.900,0.800,1.000,To count the number of priorities attached to opportunities with specific conditions.,Consider adding a description to improve business documentation quality.,No changes needed; the naming convention is clear and business-focused.
Account Planning,Warning,% of Priorities w/ Pipeline,"CALCULATE(DIVIDE([# of Priorities w/ Pipeline],[# of Priorities]),KEEPFILTERS(Opportunity[ParentingLevel Oppties]=""TopParentOppties""))",Ratio Percentage,Yes,Yes - CRITICAL LOGIC: Answer 'Yes' because the formula is unique and does not duplicate other measures.,Yes - This measure aligns with enterprise reporting standards as it calculates a percentage relevant to business priorities.,Yes - The calculation logic is clear and uses division and filters to calculate the percentage of priorities with pipeline.,"Medium - The formula involves division and multiple filters, which are appropriate for the business purpose.",Yes - The name clearly describes the measure's purpose and calculation logic.,No - No description is provided to explain the measure's purpose or business context.,Yes - The formula uses proper DAX references with fully qualified column names and measure references.,0.200,0.200,0.300,0.300,0.000,0.200,0.300,0.300,0.400,0.400,0.400,0.400,0.200,0.200,0.900,0.800,1.000,To calculate the percentage of priorities attached to opportunities with specific conditions.,Consider adding a description to improve business documentation quality.,No changes needed; the naming convention is clear and business-focused.
Account Planning,Warning,# of Account Plans,"CALCULATE (SUMX (VALUES ( 'Account'[AccountPlanID] ),1),Account[Account Plan Attached] = ""Yes"")",Simple Aggregation,Yes,Yes - The formula is unique and does not duplicate other measures.,No - This measure is specific to the business context and does not align with standard enterprise measures like Total Sales Value or Gross Margin.,No - The calculation logic is not immediately clear without a description. The use of SUMX and VALUES with a filter condition requires explanation for business users.,"Medium - The measure uses nested functions (CALCULATE, SUMX, VALUES) and a filter condition, which adds moderate complexity.","Yes - The name is clear and descriptive, indicating the measure calculates the number of account plans.","No - The measure lacks a description, which makes it harder for business users to understand its purpose and calculation logic.","Yes - The formula uses fully qualified column references (e.g., 'Account'[AccountPlanID]), which is consistent with DAX reference standards.",0.200,0.200,0.000,0.300,0.000,0.200,0.200,0.300,0.400,0.400,0.400,0.400,0.200,0.200,0.700,0.400,1.000,Counts the number of account plans attached to accounts with a specific condition.,Add a description to explain the calculation logic in plain business terms. Consider simplifying the formula if possible to reduce complexity.,No changes needed for naming conventions as the measure name is clear and descriptive.
Account Planning,Issue,# of Priorities,"SUMX( VALUES( 'Account Planning'[AccountPlanPriorityID] ), 1 )
 ",Simple Aggregation,Yes,Yes - The formula is unique and does not duplicate other measures.,No - This measure is specific to the business context and does not align with standard enterprise measures.,No - The calculation logic is not self-explanatory due to the use of SUMX and VALUES without a description.,"Low - The formula is relatively simple, using SUMX and VALUES without additional nested functions or filters.","Yes - The name is clear and descriptive, indicating the measure calculates the number of priorities.","No - The measure lacks a description, which makes it harder for business users to understand its purpose and calculation logic.","Yes - The formula uses fully qualified column references (e.g., 'Account Planning'[AccountPlanPriorityID]), which is consistent with DAX reference standards.",0.200,0.200,0.000,0.300,0.000,0.200,0.300,0.300,0.400,0.400,0.400,0.400,0.200,0.200,0.750,0.500,1.000,Counts the number of priorities associated with account plans.,Add a description to explain the calculation logic in plain business terms.,No changes needed for naming conventions as the measure name is clear and descriptive.
Account Planning,Good,% Accounts w/ Active Plan,"VAR Numerator =
    CALCULATE (
        [# of Account Plans],
        KEEPFILTERS ( 'Account'[Plan Status] = ""Active Plan"" )
    )
RETURN
    DIVIDE( Numerator, [# of Account Plans] )",Ratio Percentage,Yes,Yes - The formula is unique and does not duplicate other measures.,"Yes - This measure aligns with enterprise standards as it calculates a ratio/percentage, which is commonly used in business reporting.","Yes - The calculation logic is clear, using a numerator and denominator with descriptive variable names.","Medium - The formula uses VAR, CALCULATE, KEEPFILTERS, and DIVIDE, which adds moderate complexity but is appropriate for the business purpose.","Yes - The name is clear and descriptive, indicating the measure calculates the percentage of accounts with an active plan.","No - The measure lacks a description, which makes it harder for business users to understand its purpose and calculation logic.","Yes - The formula uses proper DAX references, including fully qualified column references and unqualified measure references.",0.200,0.200,0.300,0.300,0.000,0.200,0.300,0.300,0.400,0.400,0.400,0.400,0.200,0.200,0.900,0.800,1.000,Calculates the percentage of accounts with an active plan.,Add a description to explain the calculation logic in plain business terms.,No changes needed for naming conventions as the measure name is clear and descriptive.
Account Planning,Warning,% Accounts w/ No Plan,"VAR Numerator =
    CALCULATE (
        [# of Account Plans],
        KEEPFILTERS ( 'Account'[Plan Status] = ""No Plan"" )
    )
RETURN
    DIVIDE ( Numerator, [# of Account Plans] )",Ratio Percentage,Yes,No - CRITICAL LOGIC: The formula is unique and does not duplicate other measures.,No - This measure is specific to account planning and does not align with standard enterprise measures like Total Sales Value or Gross Margin.,Yes - The calculation logic is straightforward and uses clear DAX functions to calculate the percentage of accounts with no plan.,"Medium - The measure uses nested functions (VAR, CALCULATE, KEEPFILTERS, DIVIDE), which adds moderate complexity but is appropriate for the business purpose.","Yes - The name clearly reflects the calculation and business purpose, avoiding abbreviations or cryptic labels.","No - No description is provided, which limits the ability for business users to understand the measure's purpose without inspecting the formula.","Yes - The measure uses fully qualified column references ('Account'[Plan Status]) and unqualified measure references ([# of Account Plans]), adhering to DAX standards.",0.200,0.200,0.000,0.300,0.000,0.200,0.300,0.300,0.400,0.400,0.400,0.400,0.200,0.200,0.750,0.500,1.000,Calculate the percentage of accounts with no plan for account planning insights.,Consider adding a description to explain the measure's purpose in plain business terms. Ensure the complexity remains manageable for business users.,The naming convention is appropriate; no changes are needed.
Account Planning,Warning,% Accounts w/ Inactive Plan,"VAR Numerator =
    CALCULATE (
        [# of Account Plans],
        KEEPFILTERS ( 'Account'[Plan Status]  = ""Inactive Plan"" )
    )
RETURN
    DIVIDE ( Numerator, [# of Account Plans],"""" )",Ratio Percentage,Yes,No - CRITICAL LOGIC: The formula is unique and does not duplicate other measures.,No - This measure is specific to account planning and does not align with standard enterprise measures like Total Sales Value or Gross Margin.,Yes - The calculation logic is straightforward and uses clear DAX functions to calculate the percentage of accounts with inactive plans.,"Medium - The measure uses nested functions (VAR, CALCULATE, KEEPFILTERS, DIVIDE), which adds moderate complexity but is appropriate for the business purpose.","Yes - The name clearly reflects the calculation and business purpose, avoiding abbreviations or cryptic labels.","No - No description is provided, which limits the ability for business users to understand the measure's purpose without inspecting the formula.","Yes - The measure uses fully qualified column references ('Account'[Plan Status]) and unqualified measure references ([# of Account Plans]), adhering to DAX standards.",0.200,0.200,0.000,0.300,0.000,0.200,0.300,0.300,0.400,0.400,0.400,0.400,0.200,0.200,0.750,0.500,1.000,Calculate the percentage of accounts with inactive plans for account planning insights.,Consider adding a description to explain the measure's purpose in plain business terms. Ensure the complexity remains manageable for business users.,The naming convention is appropriate; no changes are needed.
Account Planning,Warning,% Accounts w/ Plan Close to Inactive,"VAR Numerator =
    CALCULATE (
        [# of Account Plans],
        KEEPFILTERS ( 'Account'[Plan Status] = ""Plan Close to Inactive"" )
    )
RETURN
    DIVIDE ( Numerator, [# of Account Plans],"""" )",Ratio Percentage,Yes,No - CRITICAL LOGIC: The formula is unique and does not duplicate other measures.,No - This measure is specific to account planning and does not align with standard enterprise measures like Total Sales Value or Gross Margin.,Yes - The calculation logic is straightforward and uses clear DAX functions to calculate the percentage of accounts with plans close to inactive.,"Medium - The measure uses nested functions (VAR, CALCULATE, KEEPFILTERS, DIVIDE), which adds moderate complexity but is appropriate for the business purpose.","Yes - The name clearly reflects the calculation and business purpose, avoiding abbreviations or cryptic labels.","No - No description is provided, which limits the ability for business users to understand the measure's purpose without inspecting the formula.","Yes - The measure uses fully qualified column references ('Account'[Plan Status]) and unqualified measure references ([# of Account Plans]), adhering to DAX standards.",0.200,0.200,0.000,0.300,0.000,0.200,0.300,0.300,0.400,0.400,0.400,0.400,0.200,0.200,0.750,0.500,1.000,Calculate the percentage of accounts with plans close to inactive for account planning insights.,Consider adding a description to explain the measure's purpose in plain business terms. Ensure the complexity remains manageable for business users.,The naming convention is appropriate; no changes are needed.
Account Planning,Warning,# Plans with Opportunities,"CALCULATE (
    [# of Account Plans],
    FILTER (
        VALUES ( 'Account'[AccountPlanID] ),
        [# of Priorities w/ Pipeline] > 0
    )
)",Calculated Measure,Yes,Yes - CRITICAL LOGIC: The formula is unique and does not duplicate other measures.,No - The measure is not part of a predefined standard library like Total Sales Value or Gross Margin.,"No - The calculation logic is not immediately clear without a description, as it involves filtering and nested functions.","Medium - The measure uses nested functions and filtering, which adds moderate complexity but is manageable.",Yes - The name clearly reflects the calculation and business purpose.,"No - The measure lacks a description, which makes it harder for business users to understand its purpose.",Yes - The formula uses fully qualified column references and measure references correctly.,0.200,0.200,0.000,0.300,0.000,0.200,0.200,0.300,0.400,0.400,0.400,0.400,0.200,0.200,0.700,0.400,1.000,"Counts the number of account plans with opportunities, supporting pipeline analysis.",Add a description to explain the business logic behind filtering AccountPlanID and Priorities w/ Pipeline. Consider simplifying the formula if possible.,The naming convention is appropriate; no changes are needed.
Account Planning,Good,% Accounts w/ Plan w/ Oppty,"DIVIDE ( [# Plans with Opportunities], [# of Account Plans],"""" )",Ratio Percentage,Yes,Yes - CRITICAL LOGIC: The formula is unique and does not duplicate other measures.,Yes - The measure aligns with standard business reporting practices as it calculates a percentage.,Yes - The calculation logic is straightforward and easy to understand.,Low - The measure uses a simple DIVIDE function with no nested logic.,Yes - The name clearly reflects the calculation and business purpose.,"No - The measure lacks a description, which would improve its clarity for business users.",Yes - The formula uses proper measure references and adheres to DAX standards.,0.200,0.200,0.300,0.300,0.000,0.200,0.300,0.300,0.400,0.400,0.400,0.400,0.200,0.200,0.900,0.800,1.000,"Calculates the percentage of accounts with plans that have opportunities, supporting strategic planning.",Add a description to explain the business logic behind the percentage calculation.,The naming convention is appropriate; no changes are needed.
Account Planning,Good,% Accounts w/ Strategic or Full Plan,"
    DIVIDE ( [# Accounts w/ Strategic or Full Plan], [# of Account Plans],"""")",Ratio Percentage,Yes,Yes - CRITICAL LOGIC: The formula is unique and does not duplicate other measures.,Yes - The measure aligns with standard business reporting practices as it calculates a percentage.,Yes - The calculation logic is straightforward and easy to understand.,Low - The measure uses a simple DIVIDE function with no nested logic.,Yes - The name clearly reflects the calculation and business purpose.,"No - The measure lacks a description, which would improve its clarity for business users.",Yes - The formula uses proper measure references and adheres to DAX standards.,0.200,0.200,0.300,0.300,0.000,0.200,0.300,0.300,0.400,0.400,0.400,0.400,0.200,0.200,0.900,0.800,1.000,"Calculates the percentage of accounts with strategic or full plans, supporting strategic planning.",Add a description to explain the business logic behind the percentage calculation.,The naming convention is appropriate; no changes are needed.
Account Planning,Warning,# Accounts w/ Strategic or Full Plan,"
    CALCULATE (
        [# of Account Plans],
        KEEPFILTERS ( 'Account'[Plan Type] IN {""0-Strategic"",""1-Full""} )
    )",Simple Aggregation,Yes,Yes - CRITICAL LOGIC: The formula is unique and does not duplicate other measures.,No - This measure is specific to the business context and does not align with standard enterprise measures like Total Sales Value or Gross Margin.,No - The calculation logic is not immediately clear without a description explaining the purpose of filtering 'Account'[Plan Type] values.,Medium - The measure uses nested functions (CALCULATE and KEEPFILTERS) but is not overly complex for its purpose.,Yes - The name clearly reflects the calculation and business purpose.,"No - The measure lacks a description, which makes it harder for business users to understand its purpose.",Yes - The formula uses proper DAX syntax with fully qualified column references and measure references.,0.200,0.200,0.000,0.300,0.000,0.200,0.200,0.300,0.400,0.400,0.400,0.400,0.200,0.200,0.700,0.400,1.000,Counts accounts with specific plan types for strategic or full planning purposes.,Add a description to explain the business purpose of filtering 'Account'[Plan Type] values. Ensure the measure aligns with enterprise standards if applicable.,No changes needed for naming conventions as the name is clear and descriptive.
Account Planning,Issue,# Plans Manager Reviewed (last 6 months),"CALCULATE (
  [# of Account Plans],
  FILTER( 'Account','Account'[Manager Reviewed Date] >= (TODAY()-180)))",Time Intelligence,Yes,Yes - CRITICAL LOGIC: The formula is unique and does not duplicate other measures.,No - This measure is specific to the business context and does not align with standard enterprise measures like Total Sales Value or Gross Margin.,No - The calculation logic is not immediately clear without a description explaining the purpose of filtering 'Account'[Manager Reviewed Date].,"High - The measure uses nested functions (CALCULATE and FILTER) and includes a date calculation, which increases complexity.",Yes - The name clearly reflects the calculation and business purpose.,"No - The measure lacks a description, which makes it harder for business users to understand its purpose.",Yes - The formula uses proper DAX syntax with fully qualified column references and measure references.,0.200,0.200,0.000,0.300,0.000,0.200,0.100,0.300,0.400,0.400,0.400,0.400,0.200,0.200,0.650,0.300,1.000,Counts plans reviewed by managers within the last six months.,Add a description to explain the business purpose of filtering 'Account'[Manager Reviewed Date]. Consider simplifying the logic if possible.,No changes needed for naming conventions as the name is clear and descriptive.
Account Planning,Warning,% Plans Manager Reviewed (last 6 months),"
    DIVIDE([# Plans Manager Reviewed (last 6 months)], [# of Account Plans],"""")",Ratio Percentage,Yes,Yes - CRITICAL LOGIC: The formula is unique and does not duplicate other measures.,No - This measure is specific to the business context and does not align with standard enterprise measures like Total Sales Value or Gross Margin.,Yes - The calculation logic is straightforward and uses the DIVIDE function to calculate a percentage.,"Low - The measure uses a simple DIVIDE function, which is appropriate for calculating percentages.",Yes - The name clearly reflects the calculation and business purpose.,"No - The measure lacks a description, which makes it harder for business users to understand its purpose.",Yes - The formula uses proper DAX syntax with measure references.,0.200,0.200,0.000,0.300,0.000,0.200,0.300,0.300,0.400,0.400,0.400,0.400,0.200,0.200,0.750,0.500,1.000,Calculates the percentage of plans reviewed by managers within the last six months.,Add a description to explain the business purpose of calculating the percentage of plans reviewed.,No changes needed for naming conventions as the name is clear and descriptive.
Account Planning,Warning,# Accounts w/ Stakeholder Map,"CALCULATE (
        [# of Account Plans],
        KEEPFILTERS ( 'Account'[Has Stakeholder] = ""Yes"" )
    )",Simple Aggregation,Yes,Yes - CRITICAL LOGIC: The formula is unique and does not duplicate other measures.,No - The measure is specific to the business context and does not align with standard enterprise measures like Total Sales Value or Gross Margin.,Yes - The calculation logic is straightforward and uses clear DAX functions like CALCULATE and KEEPFILTERS.,"Low - The formula is simple with only two nested functions, making it easy to understand and maintain.","Yes - The name clearly reflects the calculation and business purpose, avoiding abbreviations or cryptic labels.","No - The measure lacks a description, which reduces its clarity for business users.",Yes - The formula uses fully qualified column references and consistent measure referencing.,0.200,0.200,0.000,0.300,0.000,0.200,0.300,0.300,0.400,0.400,0.400,0.400,0.200,0.200,0.750,0.500,1.000,"Counts the number of account plans with stakeholder maps, providing insights into stakeholder engagement.",Consider adding a description to explain the business purpose of the measure for better documentation quality.,No changes needed as the naming convention is already clear and descriptive.
Account Planning,Good,% Accounts w/ Stakeholder Map,"
    DIVIDE( [# Accounts w/ Stakeholder Map], [# of Account Plans],"""")",Ratio Percentage,Yes,Yes - CRITICAL LOGIC: The formula is unique and does not duplicate other measures.,Yes - The measure aligns with standard enterprise reporting practices for percentage calculations.,"Yes - The calculation logic is simple and uses the DIVIDE function for percentage calculation, which is clear and intuitive.","Low - The formula is straightforward with only one nested function, making it easy to understand and maintain.","Yes - The name clearly reflects the calculation and business purpose, avoiding abbreviations or cryptic labels.","No - The measure lacks a description, which reduces its clarity for business users.","Yes - The formula uses consistent measure referencing and avoids column references, adhering to DAX standards.",0.200,0.200,0.300,0.300,0.000,0.200,0.300,0.300,0.400,0.400,0.400,0.400,0.200,0.200,0.900,0.800,1.000,"Calculates the percentage of accounts with stakeholder maps, providing insights into stakeholder engagement.",Consider adding a description to explain the business purpose of the measure for better documentation quality.,No changes needed as the naming convention is already clear and descriptive.
Account Planning,Issue,% of Priorities w/ future Date,"
VAR Numerator = CALCULATE( [# of Active Priorities],
    KEEPFILTERS( 'Account Plan Priority'[Time Frame Date] > today() )
)        
                                                            
RETURN DIVIDE(Numerator,[# of Active Priorities],"""") ",Complex Calculation,Yes,Yes - CRITICAL LOGIC: The formula is unique and does not duplicate other measures.,No - The measure is specific to the business context and does not align with standard enterprise measures like Total Sales Value or Gross Margin.,"No - The calculation logic is complex due to the use of a variable and multiple nested functions, which may confuse business users.","High - The formula uses a variable and four nested functions, making it harder to understand and maintain.","Yes - The name clearly reflects the calculation and business purpose, avoiding abbreviations or cryptic labels.","No - The measure lacks a description, which reduces its clarity for business users.",Yes - The formula uses fully qualified column references and consistent measure referencing.,0.200,0.200,0.000,0.300,0.000,0.200,0.000,0.300,0.400,0.400,0.400,0.400,0.200,0.200,0.600,0.200,1.000,"Calculates the percentage of priorities with future dates, providing insights into planning and scheduling.",Simplify the calculation logic to reduce complexity and improve user understanding. Add a description to explain the business purpose of the measure.,No changes needed as the naming convention is already clear and descriptive.
Account Planning,Issue,Linked to Objectives,"var Num=CALCULATE([# of Priorities],'Account Planning'[CustomerObjectiveId] <> """",
    'Account'[Plan Type] IN {""0-Strategic"",""1-Full""},
    KEEPFILTERS('Account Plan Priority'[Priority Status] = ""Active"")
)
 Var Den=   CALCULATE([# of Priorities],'Account'[Plan Type] IN {""0-Strategic"",""1-Full""},
        KEEPFILTERS('Account Plan Priority'[Priority Status] = ""Active"")    )
 
RETURN DIVIDE(Num,Den)",Complex Calculation,Yes,Yes - CRITICAL LOGIC: Answer 'Yes' because the formula is unique and does not duplicate other measures.,No - The measure does not align with standard enterprise measures like Total Sales Value or Gross Margin. It is specific to account planning objectives.,"No - The calculation logic is complex and uses nested functions, making it difficult for business users to understand without documentation.","High - The measure has a formula length of 400 characters and uses 5 nested functions, which increases complexity unnecessarily.",No - The name does not clearly reflect the calculation logic or purpose. It is vague and does not describe the measure's output.,"No - The measure lacks a description, which makes it harder for users to understand its purpose and calculation logic.","Yes - The formula uses fully qualified column references, adhering to DAX reference standards.",0.200,0.200,0.000,0.300,0.000,0.200,0.000,0.300,0.000,0.400,0.000,0.400,0.200,0.200,0.200,0.200,0.200,Tracks the number of priorities linked to customer objectives for strategic and full account plans.,Simplify the calculation logic by reducing the number of nested functions and providing a clear explanation of the formula in the description.,"Rename the measure to clearly reflect its purpose and calculation logic, such as 'Linked_Objectives_Count'."
Account Planning,Issue,Modified On,"IF(MAX('Account'[Days Since Modified])=BLANK(),BLANK(),IF(MAX('Account'[Days Since Modified])>30,0,1))",Calculated Measure,Yes,Yes - CRITICAL LOGIC: Answer 'Yes' because the formula is unique and does not duplicate other measures.,No - The measure does not align with standard enterprise measures. It is specific to tracking modification dates.,No - The calculation logic is not self-explanatory due to nested IF statements and lack of documentation.,"Medium - The formula uses 6 nested functions, which adds moderate complexity but is manageable.",Yes - The name reflects the measure's purpose and calculation logic adequately.,"No - The measure lacks a description, which makes it harder for users to understand its purpose and calculation logic.","Yes - The formula uses fully qualified column references, adhering to DAX reference standards.",0.200,0.200,0.000,0.300,0.000,0.200,0.200,0.300,0.400,0.400,0.400,0.400,0.200,0.200,0.700,0.400,1.000,Tracks whether an account was modified within the last 30 days.,Provide a description to explain the calculation logic and simplify nested IF statements where possible.,"The name is appropriate, but ensure consistency across similar measures."
Account Planning,Critical,Last Reviewed,"

SWITCH (

    TRUE,

    MAX ( 'Account'[Manager Reviewed Date] ) = BLANK (), BLANK (),

    MAX ( 'Account'[Manager Reviewed Flag] ) = ""Yes""

        && MAX ( 'Account'[Manager Reviewed Date] )

            > TODAY () - 90, 1,

    0

)",Complex Calculation,Yes,Yes - CRITICAL LOGIC: Answer 'Yes' because the formula is unique and does not duplicate other measures.,No - The measure does not align with standard enterprise measures. It is specific to tracking review dates.,No - The calculation logic is overly complex with 7 nested functions and lacks documentation.,"High - The formula uses 7 nested functions, making it unnecessarily complex and difficult to understand.",No - The name does not clearly reflect the calculation logic or purpose. It is vague and does not describe the measure's output.,"No - The measure lacks a description, which makes it harder for users to understand its purpose and calculation logic.","Yes - The formula uses fully qualified column references, adhering to DAX reference standards.",0.200,0.200,0.000,0.300,0.000,0.200,0.000,0.300,0.000,0.400,0.000,0.400,0.200,0.200,0.200,0.200,0.200,Tracks the last review status and date for account managers.,Simplify the calculation logic by reducing the number of nested functions and providing a clear explanation of the formula in the description.,"Rename the measure to clearly reflect its purpose and calculation logic, such as 'Last_Manager_Review_Status'."
Account Planning,Issue,# of Plans w/ Priority,"SUMX( VALUES( 'Account Planning'[AccountPlanID] ), 1 )
                ",Simple Aggregation,Yes,Yes - CRITICAL LOGIC: The formula is unique and does not duplicate other measures.,No - The measure does not align with standard enterprise measures like Total Sales Value or Gross Margin.,"No - The calculation logic is not intuitive or clearly explained, as the description is missing.",Low - The formula uses basic DAX functions (SUMX and VALUES) and is straightforward.,No - The name includes abbreviations ('w/') and lacks clarity about the calculation purpose.,"No - The measure lacks a description, making it harder for business users to understand its purpose.",Yes - The formula uses fully qualified column references ('Account Planning'[AccountPlanID]).,0.200,0.200,0.000,0.300,0.000,0.200,0.300,0.300,0.000,0.400,0.000,0.400,0.200,0.200,0.350,0.500,0.200,Counts the number of account plans with a priority assigned.,Add a clear description explaining the business purpose of the measure. Consider aligning the measure with enterprise standards if applicable.,Rename the measure to 'Number_of_Plans_with_Priority' to improve clarity and remove abbreviations.
Account Planning,Warning,% of Priorities with Partner,"
VAR Numerator = CALCULATE([# of Priorities] ,
    KEEPFILTERS('Account Plan Partners'[AccountPartnerProfileId] <> """")
)
VAR Denominator = [# of Priorities]


RETURN DIVIDE(Numerator,Denominator, BLANK())",Ratio Percentage,Yes,Yes - CRITICAL LOGIC: The formula is unique and does not duplicate other measures.,No - The measure is not part of standard enterprise measures but addresses a specific business need.,"No - The description is missing, and the calculation logic is moderately complex, making it harder to understand.","Medium - The formula uses multiple variables and nested functions, which adds moderate complexity.",Yes - The name clearly reflects the calculation purpose and avoids abbreviations.,"No - The measure lacks a description, which reduces its accessibility for business users.","Yes - The formula uses proper DAX references, including fully qualified column references and unqualified measure references.",0.200,0.200,0.000,0.300,0.000,0.200,0.200,0.300,0.400,0.400,0.400,0.400,0.200,0.200,0.700,0.400,1.000,Calculates the percentage of priorities associated with a partner.,Provide a clear description explaining the measure's business purpose and calculation logic.,No changes needed; the name is clear and descriptive.
Account Planning,Warning,% Plans Reviewed < 90 Days,"DIVIDE([# plans with manger reviewed date in last 90 days],[# of Account Plans],"""")",Ratio Percentage,Yes,Yes - CRITICAL LOGIC: The formula is unique and does not duplicate other measures.,No - The measure is not part of standard enterprise measures but addresses a specific business need.,Yes - The calculation logic is straightforward and easy to understand.,Low - The formula uses basic DAX functions (DIVIDE) and is simple to interpret.,Yes - The name clearly reflects the calculation purpose and avoids abbreviations.,"No - The measure lacks a description, which reduces its accessibility for business users.","Yes - The formula uses proper DAX references, including unqualified measure references.",0.200,0.200,0.000,0.300,0.000,0.200,0.300,0.300,0.400,0.400,0.400,0.400,0.200,0.200,0.750,0.500,1.000,Calculates the percentage of plans reviewed within the last 90 days.,Provide a clear description explaining the measure's business purpose.,No changes needed; the name is clear and descriptive.
Account Planning,Not Analyzed,# plans with manger reviewed date in last 90 days,"CALCULATE (
  [# of Account Plans],
  FILTER( 'Account','Account'[Manager Reviewed Date] >= (TODAY()-90)))",Calculated Measure,No,Not Analyzed - ,Not Analyzed - ,Not Analyzed - ,Not Analyzed - ,Not Analyzed - ,Not Analyzed - ,Not Analyzed - ,0.000,0.200,0.000,0.300,0.000,0.200,0.000,0.300,0.000,0.400,0.000,0.400,0.000,0.200,0.000,0.000,0.000,Not analyzed by AI,,
Account Planning,Warning,# plans with days since modified < 30 days,"CALCULATE (
  [# of Account Plans],
  FILTER( 'Account','Account'[Days Since Modified] < 30))",Time Intelligence,Yes,Yes - CRITICAL LOGIC: The formula is unique and does not duplicate other measures.,No - This measure is specific to the business context and does not align with standard enterprise measures like Total Sales Value or Gross Margin.,No - The calculation logic is not immediately clear without a description. The measure lacks a description explaining its purpose in business terms.,Low - The measure uses simple logic with CALCULATE and FILTER functions. The complexity is appropriate for the business requirement.,Yes - The name clearly reflects the calculation logic and business purpose.,"No - The measure lacks a description, which reduces its clarity for business users.","Yes - The formula uses fully qualified column references (e.g., 'Account'[Days Since Modified]), which adhere to DAX standards.",0.200,0.200,0.000,0.300,0.000,0.200,0.300,0.300,0.400,0.400,0.400,0.400,0.200,0.200,0.750,0.500,1.000,Tracks the number of account plans modified within the last 30 days.,Add a description to explain the business purpose of the measure. Ensure the logic is self-explanatory for business users.,No changes needed for naming conventions as the name is clear and descriptive.
Account Planning,Good,% Plans Modified < 30 Days,"DIVIDE([# plans with days since modified < 30 days],[# of Account Plans],"""")",Ratio Percentage,Yes,Yes - CRITICAL LOGIC: The formula is unique and does not duplicate other measures.,No - This measure is specific to the business context and does not align with standard enterprise measures like Total Sales Value or Gross Margin.,"Yes - The calculation logic is straightforward and self-explanatory, even without a description.",Low - The measure uses simple logic with a DIVIDE function. The complexity is appropriate for the business requirement.,Yes - The name clearly reflects the calculation logic and business purpose.,"No - The measure lacks a description, which reduces its clarity for business users.","Yes - The formula uses unqualified measure references (e.g., [# plans with days since modified < 30 days]), which adhere to DAX standards.",0.200,0.200,0.000,0.300,0.000,0.200,0.300,0.300,0.400,0.400,0.400,0.400,0.200,0.200,0.750,0.500,1.000,Calculates the percentage of account plans modified within the last 30 days.,Add a description to explain the business purpose of the measure.,No changes needed for naming conventions as the name is clear and descriptive.
Account Planning,Warning,% of Priorities with Top Priority,"DIVIDE( [# of Top Priorities], [# of Active Priorities],"""" )",Ratio Percentage,Yes,Yes - CRITICAL LOGIC: The formula is unique and does not duplicate other measures.,No - This measure is specific to the business context and does not align with standard enterprise measures like Total Sales Value or Gross Margin.,No - The calculation logic is not self-explanatory due to the lack of description and unclear business context.,Low - The formula uses a simple DIVIDE function with no unnecessary complexity.,Yes - The name is descriptive and aligns with the calculation logic.,"No - The measure lacks a description, which makes it harder for business users to understand its purpose.",Yes - The formula uses proper DAX references with fully qualified column names and unqualified measure references.,0.200,0.200,0.000,0.300,0.000,0.200,0.300,0.300,0.400,0.400,0.400,0.400,0.200,0.200,0.750,0.500,1.000,Calculate the percentage of active priorities that are top priorities.,Add a clear description to explain the business purpose of the measure. Consider aligning the measure with standard enterprise metrics if applicable.,No changes needed for naming conventions as the measure name is clear and descriptive.
Account Planning,Warning,% of Top Priorities with CSP,"DIVIDE([# of Top Priorities with CSP],[# of Top Priorities])",Ratio Percentage,Yes,Yes - CRITICAL LOGIC: The formula is unique and does not duplicate other measures.,No - This measure is specific to the business context and does not align with standard enterprise measures like Total Sales Value or Gross Margin.,No - The calculation logic is not self-explanatory due to the lack of description and unclear business context.,Low - The formula uses a simple DIVIDE function with no unnecessary complexity.,Yes - The name is descriptive and aligns with the calculation logic.,"No - The measure lacks a description, which makes it harder for business users to understand its purpose.",Yes - The formula uses proper DAX references with fully qualified column names and unqualified measure references.,0.200,0.200,0.000,0.300,0.000,0.200,0.300,0.300,0.400,0.400,0.400,0.400,0.200,0.200,0.750,0.500,1.000,Calculate the percentage of top priorities that have CSP.,Add a clear description to explain the business purpose of the measure. Consider aligning the measure with standard enterprise metrics if applicable.,No changes needed for naming conventions as the measure name is clear and descriptive.
Account Planning,Warning,# of Top Priorities with CSP,"CALCULATE([# of Top Priorities],KEEPFILTERS('Account Plan Priority'[Is Top Priority with CSP]= TRUE))",Calculated Measure,Yes,Yes - CRITICAL LOGIC: The formula is unique and does not duplicate other measures.,No - This measure is specific to the business context and does not align with standard enterprise measures like Total Sales Value or Gross Margin.,No - The calculation logic is not self-explanatory due to the lack of description and unclear business context.,"Medium - The formula uses CALCULATE with KEEPFILTERS, which adds moderate complexity but is appropriate for the business purpose.",Yes - The name is descriptive and aligns with the calculation logic.,"No - The measure lacks a description, which makes it harder for business users to understand its purpose.",Yes - The formula uses proper DAX references with fully qualified column names and unqualified measure references.,0.200,0.200,0.000,0.300,0.000,0.200,0.200,0.300,0.400,0.400,0.400,0.400,0.200,0.200,0.700,0.400,1.000,Calculate the number of top priorities that have CSP.,Add a clear description to explain the business purpose of the measure. Consider simplifying the logic if possible without losing business relevance.,No changes needed for naming conventions as the measure name is clear and descriptive.
Account Planning,Warning,# of Top Priorities,"CALCULATE([# of Active Priorities]
    ,KEEPFILTERS('Account Plan Priority'[Is Top Priority Linked to Active Customer]= TRUE))",Calculated Measure,Yes,Yes - The formula is unique and does not duplicate other measures.,No - This measure is specific to the business context of Account Planning and does not align with standard enterprise measures like Total Sales Value or Gross Margin.,No - The calculation logic is not self-explanatory due to the lack of description and the use of technical terms like 'KEEPFILTERS'.,"Medium - The measure uses nested functions (CALCULATE and KEEPFILTERS), which adds moderate complexity but is appropriate for the business purpose.",Yes - The name clearly reflects the calculation and business purpose of identifying top priorities.,"No - The measure lacks a description, which reduces its clarity and usability for business users.","Yes - The measure uses fully qualified column references, ensuring proper DAX syntax.",0.200,0.200,0.000,0.300,0.000,0.200,0.300,0.300,0.400,0.400,0.400,0.400,0.200,0.200,0.750,0.500,1.000,Identifies the number of top priorities linked to active customers for account planning purposes.,Add a clear description to explain the business purpose and calculation logic in plain language. Ensure the measure supports broader enterprise reporting standards.,No changes needed for naming conventions as the measure name is clear and descriptive.
Account Planning,Warning,# Accounts with MACC,"CALCULATE([TPID Count],KEEPFILTERS(Account[Has MACC Pipeline]=""Yes""))",Calculated Measure,Yes,Yes - The formula is unique and does not duplicate other measures.,No - This measure is specific to the business context of Account Planning and does not align with standard enterprise measures like Total Sales Value or Gross Margin.,No - The calculation logic is not self-explanatory due to the lack of description and the use of technical terms like 'KEEPFILTERS'.,"Low - The measure uses simple nested functions (CALCULATE and KEEPFILTERS), making it straightforward and appropriate for the business purpose.",Yes - The name clearly reflects the calculation and business purpose of identifying accounts with MACC.,"No - The measure lacks a description, which reduces its clarity and usability for business users.","Yes - The measure uses fully qualified column references, ensuring proper DAX syntax.",0.200,0.200,0.000,0.300,0.000,0.200,0.300,0.300,0.400,0.400,0.400,0.400,0.200,0.200,0.750,0.500,1.000,Identifies the number of accounts with MACC pipeline for account planning purposes.,Add a clear description to explain the business purpose and calculation logic in plain language. Ensure the measure supports broader enterprise reporting standards.,No changes needed for naming conventions as the measure name is clear and descriptive.
Account Planning,Issue,% Accounts with MACC Consumption Plan,"VAR _Num=CALCULATE([# Accounts with MACC],KEEPFILTERS(Account[Consumption Flag]=""Yes""))

RETURN DIVIDE(_Num,[# Accounts with MACC],"""")

",Ratio Percentage,Yes,Yes - The formula is unique and does not duplicate other measures.,No - This measure is specific to the business context of Account Planning and does not align with standard enterprise measures like Total Sales Value or Gross Margin.,No - The calculation logic is not self-explanatory due to the lack of description and the use of technical terms like 'DIVIDE' and 'KEEPFILTERS'.,"Medium - The measure uses nested functions (VAR, CALCULATE, DIVIDE), which adds moderate complexity but is appropriate for the business purpose.",Yes - The name clearly reflects the calculation and business purpose of identifying the percentage of accounts with MACC consumption plans.,"No - The measure lacks a description, which reduces its clarity and usability for business users.","Yes - The measure uses fully qualified column references, ensuring proper DAX syntax.",0.200,0.200,0.000,0.300,0.000,0.200,0.200,0.300,0.400,0.400,0.400,0.400,0.200,0.200,0.700,0.400,1.000,Calculates the percentage of accounts with MACC consumption plans for account planning purposes.,Add a clear description to explain the business purpose and calculation logic in plain language. Simplify the logic if possible to improve user accessibility.,No changes needed for naming conventions as the measure name is clear and descriptive.
Account Planning,Warning,% of Accounts with QBR,"
var num=CALCULATE([TPID Count],KEEPFILTERS(Account[isqbr]=""yes""))

RETURN DIVIDE(num,[TPID Count],BLANK())
",Ratio Percentage,Yes,Yes - CRITICAL LOGIC: The formula is unique and does not duplicate other measures.,No - This measure is specific to the business context and does not align with standard enterprise measures like Total Sales Value or Gross Margin.,No - The calculation logic is not immediately clear due to the use of variables and nested functions without a description.,"Medium - The measure uses nested functions and variables, which adds moderate complexity but is manageable for its purpose.",Yes - The name clearly reflects the calculation and business purpose.,"No - The measure lacks a description, which reduces its clarity for business users.",Yes - The formula uses proper DAX references with fully qualified column names and measure references.,0.200,0.200,0.000,0.300,0.000,0.200,0.200,0.300,0.400,0.400,0.400,0.400,0.200,0.200,0.700,0.400,1.000,Calculate the percentage of accounts with QBR for business performance tracking.,Add a description to explain the business purpose and calculation logic. Consider simplifying the formula if possible.,No changes needed; the naming convention is appropriate.
Account Planning,Issue,% of Accounts with CSDR Within Last 30 Days,"
var den=CALCULATE( [TPID Count], KEEPFILTERS( Account[Has Premier Unified] = ""Yes"" ), KEEPFILTERS( Account[Has CSDR] = ""Yes"" ) )
var num=CALCULATE( [TPID Count], KEEPFILTERS( Account[Has Premier Unified] = ""Yes"" ), KEEPFILTERS( Account[Has CSDR within 30 Days] = ""Yes"" ) )

RETURN DIVIDE(num,den,"""")
",Ratio Percentage,Yes,Yes - CRITICAL LOGIC: The formula is unique and does not duplicate other measures.,No - This measure is specific to the business context and does not align with standard enterprise measures like Total Sales Value or Gross Margin.,"No - The calculation logic is complex due to the use of multiple variables and nested functions, making it difficult to understand without documentation.","High - The measure uses multiple nested functions and variables, which increases complexity significantly.",Yes - The name clearly reflects the calculation and business purpose.,"No - The measure lacks a description, which reduces its clarity for business users.",Yes - The formula uses proper DAX references with fully qualified column names and measure references.,0.200,0.200,0.000,0.300,0.000,0.200,0.000,0.300,0.400,0.400,0.400,0.400,0.200,0.200,0.600,0.200,1.000,Calculate the percentage of accounts with CSDR within the last 30 days for business performance tracking.,Simplify the formula to reduce complexity and improve readability. Add a description to explain the business purpose and calculation logic.,No changes needed; the naming convention is appropriate.
Account Planning,Good,# of Active Priorities,"CALCULATE([# of Priorities],KEEPFILTERS('Account Plan Priority'[Priority Status]=""Active""))",Simple Aggregation,Yes,Yes - CRITICAL LOGIC: The formula is unique and does not duplicate other measures.,"Yes - This measure aligns with standard enterprise reporting as it provides a count of active priorities, which is a common business metric.",Yes - The calculation logic is straightforward and easy to understand.,Low - The measure uses a simple calculation with minimal complexity.,Yes - The name clearly reflects the calculation and business purpose.,"No - The measure lacks a description, which reduces its clarity for business users.",Yes - The formula uses proper DAX references with fully qualified column names and measure references.,0.200,0.200,0.300,0.300,0.000,0.200,0.300,0.300,0.400,0.400,0.400,0.400,0.200,0.200,0.900,0.800,1.000,Count the number of active priorities for business performance tracking.,Add a description to explain the business purpose and calculation logic.,No changes needed; the naming convention is appropriate.
Pipeline,Issue,% Billed Pipeline w/ Priority,"VAR X = CALCULATE([Billed Pipeline],KEEPFILTERS('Opportunity'[ParentingLevel Oppties]=""TopParentOppties""))

RETURN DIVIDE( [Billed Pipeline w/ Priority], X )",Ratio Percentage,Yes,Yes - The formula is unique and does not duplicate other measures.,No - This measure is not a standard enterprise measure like Total Sales Value or Gross Margin. It is specific to the dataset and business context.,No - The calculation logic is not self-explanatory due to the use of nested functions and lack of description.,"Medium - The measure uses nested functions (VAR, CALCULATE, KEEPFILTERS, DIVIDE), which adds moderate complexity but is manageable.","No - The name is somewhat descriptive but includes abbreviations ('w/'), which are not recommended for enterprise standards.","No - The measure lacks a description, making it harder for business users to understand its purpose.",Yes - The measure uses proper DAX references with fully qualified column references and unqualified measure references.,0.200,0.200,0.000,0.300,0.000,0.200,0.200,0.300,0.200,0.400,0.200,0.400,0.200,0.200,0.500,0.400,0.600,Calculate the percentage of billed pipeline with priority opportunities.,Add a clear description to explain the business purpose of the measure. Consider simplifying the calculation logic if possible.,Avoid abbreviations like 'w/' in the measure name. Use a more descriptive name such as 'Percentage_Billed_Pipeline_With_Priority'.
Pipeline,Warning,Billed Pipeline,[Billed Pipeline Base],Simple Aggregation,Yes,Yes - The formula is unique and does not duplicate other measures.,Yes - This measure aligns with standard enterprise measures as it represents a key metric (Billed Pipeline).,Yes - The calculation logic is straightforward and self-explanatory.,Low - The measure uses a simple reference to another measure without any additional complexity.,"Yes - The name is clear, descriptive, and aligns with enterprise naming standards.","No - The measure lacks a description, which would improve its clarity for business users.",Yes - The measure uses proper DAX references with unqualified measure references.,0.200,0.200,0.300,0.300,0.000,0.200,0.300,0.300,0.400,0.400,0.400,0.400,0.200,0.200,0.900,0.800,1.000,Represents the total billed pipeline value.,Add a description to explain the business purpose of the measure.,No changes needed as the name meets enterprise standards.
Pipeline,Warning,Billed Opportunity Count,"CALCULATE([Opportunity Count], KEEPFILTERS(Opportunity[Qualified Pipeline Flag] = 1))",Calculated Measure,Yes,Yes - The formula is unique and does not duplicate other measures.,No - This measure is not a standard enterprise measure but is relevant to the business context.,Yes - The calculation logic is clear and uses straightforward DAX functions.,"Medium - The measure uses CALCULATE and KEEPFILTERS, which adds moderate complexity but is appropriate for the business purpose.","Yes - The name is clear, descriptive, and aligns with enterprise naming standards.","No - The measure lacks a description, which would improve its clarity for business users.",Yes - The measure uses proper DAX references with fully qualified column references and unqualified measure references.,0.200,0.200,0.000,0.300,0.000,0.200,0.200,0.300,0.400,0.400,0.400,0.400,0.200,0.200,0.700,0.400,1.000,Counts billed opportunities based on specific filters.,Add a description to explain the business purpose of the measure.,No changes needed as the name meets enterprise standards.
Pipeline,Issue,Opportunity Count,"SUMX(VALUES('Pipeline'[dimopportunitykey]),1)",Simple Aggregation,Yes,Yes - CRITICAL LOGIC: Answer 'Yes' because the formula is unique and does not duplicate other measures.,No - The measure does not align with standard enterprise measures like Total Sales Value or Gross Margin.,No - The formula lacks clarity for business users as it uses SUMX with VALUES without a clear explanation of its purpose.,Low - The formula is simple with only two nested functions and straightforward logic.,Yes - The name accurately reflects the calculation and is descriptive.,"No - The measure lacks a description, which reduces its usability for business users.","Yes - The formula uses fully qualified column references, adhering to DAX standards.",0.200,0.200,0.000,0.300,0.000,0.200,0.300,0.300,0.400,0.400,0.400,0.400,0.200,0.200,0.750,0.500,1.000,Counts the number of opportunities in the pipeline.,Consider adding a description to explain the purpose of the measure and its calculation logic in plain business terms. Evaluate whether this measure aligns with enterprise standards or if it can be modified to do so.,"The naming convention is appropriate, but ensure that all measures have descriptions to improve user understanding."
Pipeline,Warning,Committed Pipeline,"CALCULATE([Billed Pipeline],KEEPFILTERS(Opportunity[Forecast Recommendation]=""Committed""))",Calculated Measure,Yes,Yes - CRITICAL LOGIC: Answer 'Yes' because the formula is unique and does not duplicate other measures.,Yes - The measure aligns with enterprise standards as it calculates a specific pipeline metric based on forecast recommendations.,Yes - The formula is clear and uses CALCULATE with KEEPFILTERS to filter the pipeline based on 'Committed' forecast recommendations.,"Medium - The formula uses CALCULATE and KEEPFILTERS, which adds moderate complexity but is appropriate for the business purpose.",Yes - The name is descriptive and aligns with the calculation logic.,"No - The measure lacks a description, which reduces its usability for business users.","Yes - The formula uses fully qualified column references, adhering to DAX standards.",0.200,0.200,0.300,0.300,0.000,0.200,0.300,0.300,0.400,0.400,0.400,0.400,0.200,0.200,0.900,0.800,1.000,Calculates the committed pipeline based on forecast recommendations.,Add a description to explain the measure's purpose and calculation logic in plain business terms.,"The naming convention is appropriate, but ensure all measures have descriptions to improve user understanding."
Pipeline,Warning,Committed at Risk Pipeline,"CALCULATE([Billed Pipeline],KEEPFILTERS('Opportunity'[Forecast Recommendation]=""Committed at Risk""))",Calculated Measure,Yes,Yes - CRITICAL LOGIC: Answer 'Yes' because the formula is unique and does not duplicate other measures.,Yes - The measure aligns with enterprise standards as it calculates a specific pipeline metric based on forecast recommendations.,Yes - The formula is clear and uses CALCULATE with KEEPFILTERS to filter the pipeline based on 'Committed at Risk' forecast recommendations.,"Medium - The formula uses CALCULATE and KEEPFILTERS, which adds moderate complexity but is appropriate for the business purpose.",Yes - The name is descriptive and aligns with the calculation logic.,"No - The measure lacks a description, which reduces its usability for business users.","Yes - The formula uses fully qualified column references, adhering to DAX standards.",0.200,0.200,0.300,0.300,0.000,0.200,0.300,0.300,0.400,0.400,0.400,0.400,0.200,0.200,0.900,0.800,1.000,Calculates the committed at risk pipeline based on forecast recommendations.,Add a description to explain the measure's purpose and calculation logic in plain business terms.,"The naming convention is appropriate, but ensure all measures have descriptions to improve user understanding."
Pipeline,Issue,Committed + Risk Pipeline,[Committed Pipeline] + [Committed at Risk Pipeline],Simple Aggregation,Yes,No - CRITICAL LOGIC: The formula is unique and does not duplicate other measures.,No - The measure does not align with predefined enterprise standards like Total Sales Value or Gross Margin.,No - The calculation logic is not self-explanatory due to lack of description and unclear naming.,Low - The formula is simple with no nested functions or complex logic.,No - The name does not clearly reflect the calculation logic or business purpose.,"No - The measure lacks a description, making it unclear for business users.",Yes - The formula uses proper measure references without any inconsistencies.,0.200,0.200,0.000,0.300,0.000,0.200,0.300,0.300,0.000,0.400,0.000,0.400,0.200,0.200,0.350,0.500,0.200,Combines committed pipeline and risk pipeline values for reporting purposes.,Add a clear description explaining the business purpose of the measure. Consider aligning the measure with enterprise standards or providing additional context for its use.,"Rename the measure to better reflect its calculation logic and business purpose, such as 'Total Committed and Risk Pipeline Value'."
Pipeline,Warning,Billed Pipeline w/ Priority,"CALCULATE (SUM('Priority Pipeline'[PipelineUSD])
        ,KEEPFILTERS('Priority Pipeline'[PipelineType] = ""Billed""))",Time Intelligence,Yes,No - CRITICAL LOGIC: The formula is unique and does not duplicate other measures.,Yes - The measure aligns with enterprise standards by providing a filtered pipeline value based on priority.,No - The calculation logic is moderately complex and lacks a description to clarify its purpose.,"Medium - The formula uses CALCULATE with nested functions, making it moderately complex but appropriate for the business purpose.",Yes - The name reflects the calculation logic and business purpose clearly.,"No - The measure lacks a description, which reduces clarity for business users.",Yes - The formula uses proper DAX references with fully qualified column names and consistent syntax.,0.200,0.200,0.300,0.300,0.000,0.200,0.300,0.300,0.400,0.400,0.400,0.400,0.200,0.200,0.900,0.800,1.000,Provides billed pipeline values filtered by priority for reporting and analysis.,Add a description to clarify the business purpose and calculation logic for better user understanding.,The naming convention is appropriate; no changes are needed.
Pipeline,Critical,ACR Pipeline,[ACR Pipeline Base],Simple Aggregation,Yes,No - CRITICAL LOGIC: The formula is unique and does not duplicate other measures.,No - The measure does not align with enterprise standards and appears ad-hoc.,No - The calculation logic is not self-explanatory due to lack of description and unclear naming.,Low - The formula is simple with no nested functions or complex logic.,No - The name does not clearly reflect the calculation logic or business purpose.,"No - The measure lacks a description, making it unclear for business users.",Yes - The formula uses proper measure references without any inconsistencies.,0.200,0.200,0.000,0.300,0.000,0.200,0.300,0.300,0.000,0.400,0.000,0.400,0.200,0.200,0.350,0.500,0.200,Represents ACR pipeline values for reporting purposes.,Add a clear description explaining the business purpose of the measure. Consider aligning the measure with enterprise standards or providing additional context for its use.,"Rename the measure to better reflect its calculation logic and business purpose, such as 'ACR Pipeline Value'."
Pipeline,Warning,Future year ACR Pipeline,"CALCULATE (
    [ACR Pipeline w/ Priority],
    KEEPFILTERS ( 'Calendar'[Relative Year] = ""CY+1"" ),
    ALL ( 'Calendar' )
)",Time Intelligence,Yes,No - The formula is unique and does not duplicate other measures.,No - This measure is specific to the business context and does not align with standard enterprise measures like Total Sales Value or Gross Margin.,No - The calculation logic is not self-explanatory due to the lack of description and the use of nested functions without clear business context.,"Medium - The measure uses nested functions (CALCULATE, KEEPFILTERS, ALL), which adds moderate complexity but is appropriate for filtering and aggregation.","Yes - The name clearly reflects the calculation logic and business purpose, indicating it is for future year ACR pipeline.","No - The measure lacks a description, which reduces its clarity and business documentation quality.",Yes - The measure uses fully qualified column references and consistent syntax.,0.200,0.200,0.000,0.300,0.000,0.200,0.300,0.300,0.400,0.400,0.400,0.400,0.200,0.200,0.750,0.500,1.000,Calculate the ACR pipeline for the next calendar year.,Add a clear description to explain the business purpose and calculation logic of the measure. Consider simplifying the nested functions if possible.,No changes needed as the naming convention is clear and business-focused.
Pipeline,Warning,ACR Pipeline w/ Priority,"CALCULATE (SUM('Priority Pipeline'[ACRPipelineUSD])
        ,KEEPFILTERS('Priority Pipeline'[PipelineType] = ""Consumption""))",Calculated Measure,Yes,No - The formula is unique and does not duplicate other measures.,No - This measure is specific to the business context and does not align with standard enterprise measures like Total Sales Value or Gross Margin.,No - The calculation logic is not self-explanatory due to the lack of description and the use of nested functions without clear business context.,"Medium - The measure uses nested functions (CALCULATE, KEEPFILTERS), which adds moderate complexity but is appropriate for filtering and aggregation.","Yes - The name clearly reflects the calculation logic and business purpose, indicating it is for ACR pipeline with priority.","No - The measure lacks a description, which reduces its clarity and business documentation quality.",Yes - The measure uses fully qualified column references and consistent syntax.,0.200,0.200,0.000,0.300,0.000,0.200,0.300,0.300,0.400,0.400,0.400,0.400,0.200,0.200,0.750,0.500,1.000,Calculate the ACR pipeline based on priority pipeline type.,Add a clear description to explain the business purpose and calculation logic of the measure. Consider simplifying the nested functions if possible.,No changes needed as the naming convention is clear and business-focused.
Pipeline,Warning,Future Year Billed Pipeline,"CALCULATE (
    [Billed Pipeline w/ Priority],
    KEEPFILTERS ( 'Calendar'[Relative Year] = ""CY+1"" ), ALL('Calendar')
)",Time Intelligence,Yes,No - The formula is unique and does not duplicate other measures.,No - This measure is specific to the business context and does not align with standard enterprise measures like Total Sales Value or Gross Margin.,No - The calculation logic is not self-explanatory due to the lack of description and the use of nested functions without clear business context.,"Medium - The measure uses nested functions (CALCULATE, KEEPFILTERS, ALL), which adds moderate complexity but is appropriate for filtering and aggregation.","Yes - The name clearly reflects the calculation logic and business purpose, indicating it is for future year billed pipeline.","No - The measure lacks a description, which reduces its clarity and business documentation quality.",Yes - The measure uses fully qualified column references and consistent syntax.,0.200,0.200,0.000,0.300,0.000,0.200,0.300,0.300,0.400,0.400,0.400,0.400,0.200,0.200,0.750,0.500,1.000,Calculate the billed pipeline for the next calendar year.,Add a clear description to explain the business purpose and calculation logic of the measure. Consider simplifying the nested functions if possible.,No changes needed as the naming convention is clear and business-focused.
Pipeline,Not Analyzed,# Opportunities w/ Priority,"SUMX( VALUES( 'Priority Pipeline'[dimopportunitykey] ), 1 )
            
    ",Undocumented,No,Not Analyzed - ,Not Analyzed - ,Not Analyzed - ,Not Analyzed - ,Not Analyzed - ,Not Analyzed - ,Not Analyzed - ,0.000,0.200,0.000,0.300,0.000,0.200,0.000,0.300,0.000,0.400,0.000,0.400,0.000,0.200,0.000,0.000,0.000,Not analyzed by AI,,
Pipeline,Not Analyzed,# Billed Oppties w/ Priority,"CALCULATE([# Opportunities w/ Priority],KEEPFILTERS('Priority Pipeline'[PipelineType]=""Billed""))",Calculated Measure,No,Not Analyzed - ,Not Analyzed - ,Not Analyzed - ,Not Analyzed - ,Not Analyzed - ,Not Analyzed - ,Not Analyzed - ,0.000,0.200,0.000,0.300,0.000,0.200,0.000,0.300,0.000,0.400,0.000,0.400,0.000,0.200,0.000,0.000,0.000,Not analyzed by AI,,
Pipeline,Not Analyzed,# Consumed Oppties w/ Priority,"CALCULATE([# Opportunities w/ Priority],KEEPFILTERS('Priority Pipeline'[PipelineType]=""Consumption""))",Calculated Measure,No,Not Analyzed - ,Not Analyzed - ,Not Analyzed - ,Not Analyzed - ,Not Analyzed - ,Not Analyzed - ,Not Analyzed - ,0.000,0.200,0.000,0.300,0.000,0.200,0.000,0.300,0.000,0.400,0.000,0.400,0.000,0.200,0.000,0.000,0.000,Not analyzed by AI,,
Pipeline,Issue,% of Billed Opties w/ future date,"
VAR Numerator = CALCULATE([# Billed Oppties w/ Priority]
               ,KEEPFILTERS('Opportunity'[Open Opportunity Flag] =1)
               ,KEEPFILTERS(Opportunity[Opportunity Due Date] > today())
) 
VAR Denominator = CALCULATE([# Billed Oppties w/ Priority]
                  ,KEEPFILTERS('Opportunity'[Open Opportunity Flag] =1)
)                                                         

RETURN DIVIDE(Numerator,Denominator) ",Ratio Percentage,Yes,No - CRITICAL LOGIC: The formula is unique and does not duplicate other measures.,No - This measure does not align with standard enterprise measures like Total Sales Value or Gross Margin.,No - The calculation logic is complex and lacks a description to explain its business purpose.,"High - The measure uses nested functions (7) and has a lengthy formula (431 characters), making it unnecessarily complex for its purpose.",No - The name is unclear and uses abbreviations ('Opties') which are not business-friendly.,"No - The measure lacks a description, making it difficult for users to understand its purpose.",Yes - The formula uses fully qualified column references and consistent measure referencing.,0.200,0.200,0.000,0.300,0.000,0.200,0.000,0.300,0.000,0.400,0.000,0.400,0.200,0.200,0.200,0.200,0.200,Calculate the percentage of billed opportunities with future dates for pipeline analysis.,Simplify the formula by reducing nested functions and provide a clear description to explain the business purpose.,"Rename the measure to a more descriptive and business-friendly name, such as 'Percentage of Billed Opportunities with Future Dates'."
Pipeline,Issue,% of Consumption Opties w/ future date,"
VAR Numerator = CALCULATE([# Consumed Oppties w/ Priority]
               ,KEEPFILTERS('Opportunity'[Open Opportunity Flag] =1)
               ,KEEPFILTERS(Opportunity[Estimated Completion Date] > today())
) 
VAR Denominator = CALCULATE([# Consumed Oppties w/ Priority]
                  ,KEEPFILTERS('Opportunity'[Open Opportunity Flag] =1 )
)                                                         

RETURN DIVIDE(Numerator,Denominator) ",Ratio Percentage,Yes,No - CRITICAL LOGIC: The formula is unique and does not duplicate other measures.,No - This measure does not align with standard enterprise measures like Total Sales Value or Gross Margin.,No - The calculation logic is complex and lacks a description to explain its business purpose.,"High - The measure uses nested functions (7) and has a lengthy formula (441 characters), making it unnecessarily complex for its purpose.",No - The name is unclear and uses abbreviations ('Opties') which are not business-friendly.,"No - The measure lacks a description, making it difficult for users to understand its purpose.",Yes - The formula uses fully qualified column references and consistent measure referencing.,0.200,0.200,0.000,0.300,0.000,0.200,0.000,0.300,0.000,0.400,0.000,0.400,0.200,0.200,0.200,0.200,0.200,Calculate the percentage of consumed opportunities with future dates for pipeline analysis.,Simplify the formula by reducing nested functions and provide a clear description to explain the business purpose.,"Rename the measure to a more descriptive and business-friendly name, such as 'Percentage of Consumed Opportunities with Future Dates'."
Pipeline,Warning,% Total Pipeline w/ Priority," VAR Num = CALCULATE( [Billed Pipeline w/ Priority] + [ACR Pipeline w/ Priority], KEEPFILTERS( 'Priority Pipeline'[OpenOpportunityFlag] = 1 ) )
 VAR Den = CALCULATE( [Billed Pipeline] + [ACR Pipeline],KEEPFILTERS('Pipeline'[TopParentOpenOpptyFlag] = 1) ) 
 RETURN DIVIDE(Num, Den)        
        
        
       ",Ratio Percentage,Yes,No - CRITICAL LOGIC: The formula is unique and does not duplicate other measures.,"Yes - This measure aligns with enterprise standards as it calculates a percentage of pipeline with priority, which is a common business metric.",Yes - The calculation logic is straightforward and aligns with the business purpose.,Medium - The measure uses nested functions (5) but is appropriately complex for its purpose.,"Yes - The name is clear, descriptive, and aligns with the calculation logic.","No - The measure lacks a description, which would improve its clarity for users.",Yes - The formula uses fully qualified column references and consistent measure referencing.,0.200,0.200,0.300,0.300,0.000,0.200,0.300,0.300,0.400,0.400,0.400,0.400,0.200,0.200,0.900,0.800,1.000,Calculate the percentage of total pipeline with priority for strategic analysis.,Consider adding a description to improve clarity for business users.,No changes needed as the name is already clear and descriptive.
Pipeline,Issue,% Billed opties w/ close plan,"
VAR X = CALCULATE( [Billed Pipeline], KEEPFILTERS( Opportunity[Close Plan Attached] = ""Yes"" ),KEEPFILTERS('Opportunity'[Open Opportunity Flag] = 1) )

VAR Y = CALCULATE( [Billed Pipeline],KEEPFILTERS('Opportunity'[Open Opportunity Flag] = 1) )

RETURN DIVIDE( X, Y ,"""")",Complex Calculation,Yes,Yes - CRITICAL LOGIC: Answer 'Yes' because the formula is unique and does not duplicate other measures.,No - This measure is not part of a standard enterprise measure library. It is specific to a particular business scenario.,No - The calculation logic is complex due to nested functions and lacks a description to explain its business purpose.,"High - The measure uses multiple nested functions (6) and has a lengthy formula (270 characters), making it unnecessarily complex for business users.",No - The name is unclear and uses abbreviations ('opties') that may confuse business users. It does not fully reflect the calculation logic.,"No - The measure lacks a description, which makes it difficult for users to understand its purpose and calculation logic.",Yes - The formula uses fully qualified column references and consistent measure referencing.,0.200,0.200,0.000,0.300,0.000,0.200,0.000,0.300,0.000,0.400,0.000,0.400,0.200,0.200,0.200,0.200,0.200,Tracks the percentage of billed pipeline opportunities with a close plan attached.,Simplify the formula by reducing nested functions and provide a clear description to explain the business purpose of the measure.,"Rename the measure to a more descriptive and business-friendly name, such as 'Percentage of Billed Pipeline with Close Plan'."
Pipeline,Issue,% of Total Opties w/ future date,"
VAR Numerator = CALCULATE([# Open Opportunities w/ Priority], OR(Opportunity[Opportunity Due Date] > today(),Opportunity[Estimated Completion Date] > today())) 
VAR Denominator = [# Open Opportunities w/ Priority]                                                

RETURN DIVIDE(Numerator,Denominator) ",Complex Calculation,Yes,Yes - CRITICAL LOGIC: Answer 'Yes' because the formula is unique and does not duplicate other measures.,No - This measure is not part of a standard enterprise measure library. It is specific to a particular business scenario.,No - The calculation logic is complex due to nested functions and lacks a description to explain its business purpose.,"High - The measure uses multiple nested functions (5) and has a lengthy formula (301 characters), making it unnecessarily complex for business users.",No - The name is unclear and uses abbreviations ('opties') that may confuse business users. It does not fully reflect the calculation logic.,"No - The measure lacks a description, which makes it difficult for users to understand its purpose and calculation logic.",Yes - The formula uses fully qualified column references and consistent measure referencing.,0.200,0.200,0.000,0.300,0.000,0.200,0.000,0.300,0.000,0.400,0.000,0.400,0.200,0.200,0.200,0.200,0.200,Tracks the percentage of total opportunities with a future due or estimated completion date.,Simplify the formula by reducing nested functions and provide a clear description to explain the business purpose of the measure.,"Rename the measure to a more descriptive and business-friendly name, such as 'Percentage of Total Opportunities with Future Date'."
Pipeline,Good,Total Pipeline,[Billed Pipeline]+[ACR Pipeline],Simple Aggregation,Yes,Yes - CRITICAL LOGIC: Answer 'Yes' because the formula is unique and does not duplicate other measures.,"Yes - This measure aligns with standard enterprise reporting measures, as 'Total Pipeline' is a common business metric.","Yes - The calculation logic is simple and straightforward, making it easy for business users to understand.","Low - The measure uses a simple formula with no nested functions, making it highly accessible.","Yes - The name is clear, descriptive, and accurately reflects the calculation logic.","No - The measure lacks a description, which could provide additional clarity for business users.",Yes - The formula uses consistent measure referencing without any issues.,0.200,0.200,0.300,0.300,0.000,0.200,0.300,0.300,0.400,0.400,0.400,0.400,0.200,0.200,0.900,0.800,1.000,Represents the total pipeline by summing billed and ACR pipeline values.,Add a description to further clarify the business purpose of the measure.,No changes needed as the name already meets enterprise standards.
Pipeline,Issue,% ACR Pipeline w/ Priority,"VAR X = CALCULATE([ACR Pipeline],KEEPFILTERS('Opportunity'[ParentingLevel Oppties]=""TopParentOppties""))

RETURN DIVIDE( [ACR Pipeline w/ Priority], X )",Ratio Percentage,Yes,Yes - CRITICAL LOGIC: Answer 'Yes' if formula is unique (reasoning: 'The formula is unique and does not duplicate other measures.').,"No - This measure does not align with standard enterprise measures like Total Sales Value, Total Quantity, or Gross Margin. It is a more specific calculation.",No - The calculation logic is not self-explanatory due to the use of nested functions and lack of description. Business users may struggle to understand its purpose.,"Medium - The measure uses nested functions (VAR, CALCULATE, KEEPFILTERS, DIVIDE), which increases complexity but is manageable for advanced users.",Yes - The name reflects the calculation purpose and includes business terminology ('ACR Pipeline w/ Priority').,"No - No description is provided, which reduces clarity for business users.",Yes - The measure uses fully qualified column references and proper DAX syntax.,0.200,0.200,0.000,0.300,0.000,0.200,0.200,0.300,0.400,0.400,0.400,0.400,0.200,0.200,0.700,0.400,1.000,Calculates the percentage of ACR Pipeline with priority opportunities.,Provide a clear description explaining the business purpose of this measure. Simplify the calculation logic if possible to improve user accessibility.,The naming convention is appropriate. No changes are needed.
Pipeline,Warning,# Billed Oppties,"CALCULATE([Opportunity Count], KEEPFILTERS(Opportunity[Opportunity Type] IN {""Billed"",""Billed & Consumption""}))",Simple Aggregation,Yes,Yes - CRITICAL LOGIC: Answer 'Yes' if formula is unique (reasoning: 'The formula is unique and does not duplicate other measures.').,"Yes - This measure aligns with standard enterprise reporting needs, as it calculates billed opportunities.",Yes - The calculation logic is straightforward and uses clear business terms ('Billed Oppties').,"Low - The measure uses simple DAX functions (CALCULATE, KEEPFILTERS) and is easy to understand.","Yes - The name is clear, descriptive, and uses business terminology ('Billed Oppties').","No - No description is provided, which reduces clarity for business users.",Yes - The measure uses fully qualified column references and proper DAX syntax.,0.200,0.200,0.300,0.300,0.000,0.200,0.300,0.300,0.400,0.400,0.400,0.400,0.200,0.200,0.900,0.800,1.000,Counts billed opportunities for pipeline analysis.,Add a description to improve clarity for business users.,The naming convention is appropriate. No changes are needed.
Pipeline,Warning,# Consumed Oppties,"CALCULATE([Opportunity Count], KEEPFILTERS(Opportunity[Opportunity Type] IN {""Consumption"",""Billed & Consumption""}))",Simple Aggregation,Yes,Yes - CRITICAL LOGIC: Answer 'Yes' if formula is unique (reasoning: 'The formula is unique and does not duplicate other measures.').,"Yes - This measure aligns with standard enterprise reporting needs, as it calculates consumed opportunities.",Yes - The calculation logic is straightforward and uses clear business terms ('Consumed Oppties').,"Low - The measure uses simple DAX functions (CALCULATE, KEEPFILTERS) and is easy to understand.","Yes - The name is clear, descriptive, and uses business terminology ('Consumed Oppties').","No - No description is provided, which reduces clarity for business users.",Yes - The measure uses fully qualified column references and proper DAX syntax.,0.200,0.200,0.300,0.300,0.000,0.200,0.300,0.300,0.400,0.400,0.400,0.400,0.200,0.200,0.900,0.800,1.000,Counts consumed opportunities for pipeline analysis.,Add a description to improve clarity for business users.,The naming convention is appropriate. No changes are needed.
Pipeline,Issue,% Total Opty count w/ priority,"VAR X = CALCULATE([Opportunity Count],KEEPFILTERS('Pipeline'[TopParentOpenOpptyFlag] = 1))

RETURN DIVIDE ([# Open Opportunities w/ Priority],X)",Ratio Percentage,Yes,No - CRITICAL LOGIC: The formula is unique and does not duplicate other measures.,"No - The measure does not align with standard enterprise measures like Total Sales Value, Total Quantity, or Gross Margin.",No - The calculation logic is not self-explanatory due to the use of nested variables and functions without a clear description.,"Medium - The measure uses a variable and nested functions, which adds moderate complexity but is manageable.",No - The name is descriptive but overly verbose and does not follow enterprise naming conventions for clarity and brevity.,"No - The measure lacks a description, making it difficult for business users to understand its purpose.",Yes - The DAX formula uses proper references for columns and measures.,0.200,0.200,0.000,0.300,0.000,0.200,0.200,0.300,0.200,0.400,0.200,0.400,0.200,0.200,0.500,0.400,0.600,Calculate the percentage of open opportunities with priority relative to the total opportunities.,Provide a clear description for the measure to explain its business purpose and calculation logic. Simplify the formula if possible to reduce complexity.,"Adopt a more concise and standardized naming convention, such as 'Percentage_Open_Opty_With_Priority'."
Pipeline,Issue,% Total Stage 1 Opty count w/ priority,"CALCULATE([% Total Opty count w/ priority],KEEPFILTERS(Opportunity[Sales Stage Sort]=1))",Ratio Percentage,Yes,No - CRITICAL LOGIC: The formula is unique and does not duplicate other measures.,"No - The measure does not align with standard enterprise measures like Total Sales Value, Total Quantity, or Gross Margin.",No - The calculation logic is not self-explanatory due to the lack of description and nested functions.,"Low - The measure uses a straightforward calculation with minimal nesting, making it less complex.",No - The name is descriptive but overly verbose and does not follow enterprise naming conventions for clarity and brevity.,"No - The measure lacks a description, making it difficult for business users to understand its purpose.",Yes - The DAX formula uses proper references for columns and measures.,0.200,0.200,0.000,0.300,0.000,0.200,0.300,0.300,0.200,0.400,0.200,0.400,0.200,0.200,0.550,0.500,0.600,Calculate the percentage of Stage 1 opportunities with priority relative to the total opportunities.,Provide a clear description for the measure to explain its business purpose and calculation logic.,"Adopt a more concise and standardized naming convention, such as 'Percentage_Stage1_Opty_With_Priority'."
Pipeline,Issue,% Total Stage 1 pipeline w/ priority,"CALCULATE([% Total Pipeline w/ Priority],KEEPFILTERS(Opportunity[Sales Stage Sort]=1))",Ratio Percentage,Yes,No - CRITICAL LOGIC: The formula is unique and does not duplicate other measures.,"No - The measure does not align with standard enterprise measures like Total Sales Value, Total Quantity, or Gross Margin.",No - The calculation logic is not self-explanatory due to the lack of description and nested functions.,"Low - The measure uses a straightforward calculation with minimal nesting, making it less complex.",No - The name is descriptive but overly verbose and does not follow enterprise naming conventions for clarity and brevity.,"No - The measure lacks a description, making it difficult for business users to understand its purpose.",Yes - The DAX formula uses proper references for columns and measures.,0.200,0.200,0.000,0.300,0.000,0.200,0.300,0.300,0.200,0.400,0.200,0.400,0.200,0.200,0.550,0.500,0.600,Calculate the percentage of Stage 1 pipeline with priority relative to the total pipeline.,Provide a clear description for the measure to explain its business purpose and calculation logic.,"Adopt a more concise and standardized naming convention, such as 'Percentage_Stage1_Pipeline_With_Priority'."
Pipeline,Issue,Billed Pipeline Base,"CALCULATE(SUM(Pipeline[PipelineUSD]),KEEPFILTERS(Pipeline[PipelineType]=""Billed""))",Simple Aggregation,Yes,Yes - CRITICAL LOGIC: Answer 'Yes' because the formula is unique and does not duplicate other measures.,No - The measure does not align with standard enterprise measures like Total Sales Value or Gross Margin.,No - The calculation logic is not self-explanatory due to the lack of description and unclear business context.,"Medium - The measure uses nested functions (CALCULATE, SUM, KEEPFILTERS) but is not overly complex.",No - The name does not clearly reflect the calculation logic or business purpose.,"No - The measure lacks a description, making it difficult to understand its business purpose.","Yes - The formula uses fully qualified column references (e.g., Pipeline[PipelineUSD]) and proper DAX syntax.",0.200,0.200,0.000,0.300,0.000,0.200,0.200,0.300,0.000,0.400,0.000,0.400,0.200,0.200,0.300,0.400,0.200,Calculate the total billed pipeline value in USD.,Add a clear description explaining the business purpose of the measure. Consider aligning the measure with enterprise standards or providing additional context for its use.,"Rename the measure to better reflect its calculation logic and business purpose, such as 'Total Billed Pipeline USD'."
Pipeline,Issue,ACR Pipeline Base,"CALCULATE(SUM(Pipeline[ACRPipelineUSD]),KEEPFILTERS(Pipeline[PipelineType]=""Consumption""),ALL('Product'))",Complex Calculation,Yes,Yes - CRITICAL LOGIC: Answer 'Yes' because the formula is unique and does not duplicate other measures.,No - The measure does not align with standard enterprise measures like Total Sales Value or Gross Margin.,No - The calculation logic is not self-explanatory due to the lack of description and unclear business context.,"High - The measure uses nested functions (CALCULATE, SUM, KEEPFILTERS, ALL) and has a relatively high complexity level.",No - The name does not clearly reflect the calculation logic or business purpose.,"No - The measure lacks a description, making it difficult to understand its business purpose.","Yes - The formula uses fully qualified column references (e.g., Pipeline[ACRPipelineUSD]) and proper DAX syntax.",0.200,0.200,0.000,0.300,0.000,0.200,0.100,0.300,0.000,0.400,0.000,0.400,0.200,0.200,0.250,0.300,0.200,"Calculate the ACR pipeline value in USD for consumption, excluding product filters.",Add a clear description explaining the business purpose of the measure. Simplify the formula if possible to reduce complexity.,"Rename the measure to better reflect its calculation logic and business purpose, such as 'ACR Pipeline Consumption USD'."
Pipeline,Warning,# Open Opportunities w/ Priority,"CALCULATE([# Opportunities w/ Priority]
        ,KEEPFILTERS('Priority Pipeline'[OpenOpportunityFlag] =1))",Simple Aggregation,Yes,Yes - CRITICAL LOGIC: Answer 'Yes' because the formula is unique and does not duplicate other measures.,Yes - The measure aligns with standard enterprise reporting needs for tracking opportunities.,Yes - The calculation logic is straightforward and aligns with the measure name.,"Low - The measure uses simple functions (CALCULATE, KEEPFILTERS) and is easy to understand.",Yes - The name clearly reflects the calculation logic and business purpose.,"No - The measure lacks a description, which could improve clarity.",Yes - The formula uses proper DAX syntax and references.,0.200,0.200,0.300,0.300,0.000,0.200,0.300,0.300,0.400,0.400,0.400,0.400,0.200,0.200,0.900,0.800,1.000,Track the number of open opportunities with priority.,Add a description to improve clarity and provide additional business context.,No changes needed; the naming convention is appropriate.
Pipeline,Issue,# Open Opportunities w/o Priority," CALCULATE([Opportunity Count]
 ,KEEPFILTERS('Opportunity'[Account Priority Attached]=""No"")
,KEEPFILTERS('Pipeline'[TopParentOpenOpptyFlag]=1))
",Calculated Measure,Yes,Yes - CRITICAL LOGIC: The formula is unique and does not duplicate other measures.,"No - This measure is specific to filtering opportunities without priority, which is not a standard enterprise measure like Total Sales or Gross Margin.",No - The calculation logic is not self-explanatory due to the use of multiple filters and nested functions without a clear description.,"Medium - The measure uses nested functions (CALCULATE, KEEPFILTERS) and multiple filters, which adds moderate complexity.",No - The name is descriptive but uses abbreviations ('w/o') that are not aligned with enterprise naming standards.,"No - The measure lacks a description, which reduces clarity for business users.",Yes - The measure uses fully qualified column references and consistent syntax.,0.200,0.200,0.000,0.300,0.000,0.200,0.200,0.300,0.200,0.400,0.200,0.400,0.200,0.200,0.500,0.400,0.600,Identifies the count of open opportunities without priority for pipeline analysis.,Add a description to explain the business purpose of filtering opportunities without priority. Simplify the logic if possible to reduce complexity.,"Rename the measure to avoid abbreviations (e.g., 'Pipeline.Open Opportunities Without Priority')."
Pipeline,Warning,Qualified Pipeline,"CALCULATE(
    SUM( 'Pipeline'[QualifiedPipeline] )
    , KEEPFILTERS( Pipeline[PipelineType] = ""Billed"" )
)
",Simple Aggregation,Yes,Yes - CRITICAL LOGIC: The formula is unique and does not duplicate other measures.,"Yes - This measure aligns with enterprise standards for pipeline analysis, focusing on qualified pipeline values.","Yes - The calculation logic is straightforward, summing qualified pipeline values with a filter applied.","Low - The measure uses simple aggregation (SUM) with a single filter, making it easy to understand.",Yes - The name clearly reflects the calculation and business purpose.,"No - The measure lacks a description, which could improve clarity for business users.",Yes - The measure uses fully qualified column references and consistent syntax.,0.200,0.200,0.300,0.300,0.000,0.200,0.300,0.300,0.400,0.400,0.400,0.400,0.200,0.200,0.900,0.800,1.000,Calculates the total qualified pipeline for billed opportunities.,Add a description to explain the business purpose of summing qualified pipeline values.,No changes needed; the name is clear and descriptive.
Pipeline,Issue,Azure Qualified Pipeline,"CALCULATE(
    SUM('Pipeline'[QualifiedPipeline])
    ,KEEPFILTERS(Pipeline[PipelineType] = ""Consumption"")
    ,USERELATIONSHIP(Account[dimaccountgeographyhierarchykey],Pipeline[dimaccountgeographyhierarchykey]))",Complex Calculation,Yes,Yes - CRITICAL LOGIC: The formula is unique and does not duplicate other measures.,"No - This measure is specific to Azure consumption pipeline analysis, which is not a standard enterprise measure.","No - The calculation logic is complex due to nested functions and the use of USERELATIONSHIP, making it harder to understand.","High - The measure uses multiple nested functions and USERELATIONSHIP, which increases complexity significantly.",Yes - The name clearly reflects the calculation and business purpose.,"No - The measure lacks a description, which reduces clarity for business users.",Yes - The measure uses fully qualified column references and consistent syntax.,0.200,0.200,0.000,0.300,0.000,0.200,0.100,0.300,0.400,0.400,0.400,0.400,0.200,0.200,0.650,0.300,1.000,Calculates the Azure consumption pipeline values for specific geography relationships.,Simplify the calculation logic if possible to reduce complexity. Add a description to explain the business purpose of Azure consumption pipeline analysis.,No changes needed; the name is clear and descriptive.
User Seller,Issue,CURRENT_USER,"LEFT(USERPRINCIPALNAME(),FIND(""@"",USERPRINCIPALNAME())-1)",Calculated Measure,Yes,"Yes - CRITICAL LOGIC: Answer 'Yes' because the formula is unique and does not duplicate other measures. The formula extracts the username from the USERPRINCIPALNAME() function, which is specific to this measure.","No - This measure does not align with standard enterprise measures like Total Sales Value, Gross Margin, or YoY Growth. It serves a specific technical purpose rather than a business-focused one.","No - The calculation logic is technical and not immediately understandable to business users. It uses nested functions (LEFT, FIND, USERPRINCIPALNAME) without a clear explanation of its purpose.","Medium - The measure uses nested functions (LEFT, FIND, USERPRINCIPALNAME) which add moderate complexity. While the logic is not overly complex, it requires technical understanding to interpret.",No - The name 'CURRENT_USER' is generic and does not clearly describe the calculation logic or purpose. A more descriptive name like 'Extracted_User_Name' would better align with naming standards.,"No - The measure lacks a description, which makes it harder for business users to understand its purpose and calculation logic.","Yes - The measure uses proper DAX syntax and references functions correctly. USERPRINCIPALNAME() is a valid DAX function, and the nested logic is syntactically correct.",0.200,0.200,0.000,0.300,0.000,0.200,0.200,0.300,0.000,0.400,0.000,0.400,0.200,0.200,0.300,0.400,0.200,Extracts the username from the USERPRINCIPALNAME() function for user-specific analytics or filtering.,Consider simplifying the calculation logic or providing a clear description to explain the purpose of the measure. Ensure the measure aligns with business-focused use cases to increase its value.,"Rename the measure to something more descriptive, such as 'Extracted_User_Name', to better reflect its calculation logic and purpose. Avoid generic names like 'CURRENT_USER'."
