Table,Measure,Expression,Description,Issue_Severity,Has_Duplicate,Duplicate_Measure_Names,Has_Qualified_Measure_References,Qualified_Referenced_Measures,Has_All_Measure_References,All_Referenced_Measures,Measure_Complexity_Level,Measure_Complexity_Explanation,Calculation_Type,Complexity_Recommendations,Has_Commonly_Used_Measure,Commonly_Used_Explanation,DAX_Recommendations,Self_Explanatory_Explanation,Name_Reflects_Explanation,Abbreviations_Explanation,Unqualified_Measures_Score,Unqualified_Measures_Max_Score,Unique_Measure_Calculation_Score,Unique_Measure_Calculation_Max_Score,Commonly_Used_Measure_Score,Commonly_Used_Measure_Max_Score,Measure_Complexity_Score,Measure_Complexity_Max_Score,Is_Self_Explanatory_Score,Is_Self_Explanatory_Max_Score,Name_Reflects_Expression_Score,Name_Reflects_Expression_Max_Score,Avoid_Abbreviations_Score,Avoid_Abbreviations_Max_Score,Overall_Score,Max_Overall_Score,Confidence_Score,Context
Account,TPID Count,COUNT( Account[TPID] ),,good,No,,No,,No,,Low,"Low complexity due to simple structure and clear purpose. Details: Simple aggregation function (SUM, COUNT, AVERAGE, etc.)",simple_aggregation,Formula follows measure complexity best practices,Yes,"Referenced by 8 measure(s): # Accounts w/ Unified or Premier, % of Accounts with sep, % of Accounts with ACSP and 5 more",,The name 'TPID Count' is self-explanatory as it clearly indicates that the measure counts the number of TPIDs in the Account table.,"The name 'TPID Count' accurately reflects the calculation, which is a count of the TPID field in the Account table.","The abbreviation 'TPID' is a standard Microsoft business term (Top Parent ID) and is widely understood, so it is acceptable.",0.2,0.2,0.2,0.2,0.3,0.3,0.3,0.3,0.2,0.2,0.4,0.4,0.4,0.4,2.0,2.0,1.0,TPID Count -> Account + COUNT( Account[TPID] )
Account,# Accounts w/ Unified or Premier,"CALCULATE([TPID Count],KEEPFILTERS(Account[Has Premier Unified] = ""Yes""))",,warning,No,,No,,Yes,tpid count,Medium,Medium complexity due to moderate business logic or formatting. Details: Calculated measure with intermediate business logic,calculated_measure,"Format CALCULATE function: CALCULATE(\n    expression,\n    filter1,\n    filter2\n); Consider simplifying business logic or adding better documentation",No,Not referenced by any other measures in the model,,The name '# Accounts w/ Unified or Premier' is self-explanatory as it indicates the measure counts accounts with Unified or Premier services.,"The name accurately reflects the calculation, which filters accounts with 'Has Premier Unified' set to 'Yes' and counts the TPIDs.","The use of '#' for 'Number of' and 'w/' for 'with' are common and widely understood abbreviations, so they are acceptable.",0.2,0.2,0.2,0.2,0.0,0.3,0.15,0.3,0.2,0.2,0.4,0.4,0.4,0.4,1.5499999999999998,2.0,0.7749999999999999,"# Accounts w/ Unified or Premier -> Account + CALCULATE([TPID Count],KEEPFILTERS(Account[Has Premier Unified] = ""Yes"")) | REFERENCES: TPID Count -> Account + COUNT( Account[TPID] )"
Account,ATQ Latest,AVERAGE(Account[ATQ]),,good,No,,No,,No,,Low,"Low complexity due to simple structure and clear purpose. Details: Simple aggregation function (SUM, COUNT, AVERAGE, etc.)",simple_aggregation,Formula follows measure complexity best practices,No,Not referenced by any other measures in the model,,The name 'ATQ Latest' is self-explanatory as it indicates the measure calculates the latest ATQ (Adjusted Time Quarter) value.,"The name reflects the calculation, which averages the ATQ field in the Account table.",The abbreviation 'ATQ' (Adjusted Time Quarter) is a standard Microsoft business term and is acceptable.,0.2,0.2,0.2,0.2,0.0,0.3,0.3,0.3,0.2,0.2,0.4,0.4,0.4,0.4,1.6999999999999997,2.0,0.8499999999999999,ATQ Latest -> Account + AVERAGE(Account[ATQ])
Account,Understands Strategic Priorities Latest,AVERAGE(Account[UnderstandsStrategicPriorities]),,good,No,,No,,No,,Low,"Low complexity due to simple structure and clear purpose. Details: Simple aggregation function (SUM, COUNT, AVERAGE, etc.)",simple_aggregation,Formula follows measure complexity best practices,No,Not referenced by any other measures in the model,,The name 'Understands Strategic Priorities Latest' is self-explanatory as it indicates the measure calculates the latest value for understanding strategic priorities.,"The name reflects the calculation, which averages the 'UnderstandsStrategicPriorities' field in the Account table.",There are no cryptic abbreviations in the name.,0.2,0.2,0.2,0.2,0.0,0.3,0.3,0.3,0.2,0.2,0.4,0.4,0.4,0.4,1.6999999999999997,2.0,0.8499999999999999,Understands Strategic Priorities Latest -> Account + AVERAGE(Account[UnderstandsStrategicPriorities])
Account,Identify Right Solutions Based on Needs Latest,AVERAGE(Account[IdentifyRightSolutionsBasedonNeeds]),,good,No,,No,,No,,Low,"Low complexity due to simple structure and clear purpose. Details: Simple aggregation function (SUM, COUNT, AVERAGE, etc.)",simple_aggregation,Formula follows measure complexity best practices,No,Not referenced by any other measures in the model,,The name 'Identify Right Solutions Based on Needs Latest' is self-explanatory as it indicates the measure calculates the latest value for identifying the right solutions based on needs.,"The name reflects the calculation, which averages the 'IdentifyRightSolutionsBasedonNeeds' field in the Account table.",There are no cryptic abbreviations in the name.,0.2,0.2,0.2,0.2,0.0,0.3,0.3,0.3,0.2,0.2,0.4,0.4,0.4,0.4,1.6999999999999997,2.0,0.8499999999999999,Identify Right Solutions Based on Needs Latest -> Account + AVERAGE(Account[IdentifyRightSolutionsBasedonNeeds])
Account,Delta ATQ,"IF(AVERAGE(Account[ATQ])=0,"""",AVERAGE(Account[delta_ATQ]))",,good,No,,No,,No,,Low,"Low complexity due to simple structure and clear purpose. Details: Simple aggregation function (SUM, COUNT, AVERAGE, etc.)",simple_aggregation,Formula follows measure complexity best practices,No,Not referenced by any other measures in the model,,The name 'Delta ATQ' is self-explanatory as it indicates the measure calculates the change (delta) in ATQ values.,"The name reflects the calculation, which computes the average delta of ATQ values, returning an empty string if the average is zero.",The abbreviation 'ATQ' (Adjusted Time Quarter) is a standard Microsoft business term and is acceptable.,0.2,0.2,0.2,0.2,0.0,0.3,0.3,0.3,0.2,0.2,0.4,0.4,0.4,0.4,1.6999999999999997,2.0,0.8499999999999999,"Delta ATQ -> Account + IF(AVERAGE(Account[ATQ])=0,"""",AVERAGE(Account[delta_ATQ]))"
Account,Delta Understands Strategic Priorities,"IF(AVERAGE(Account[UnderstandsStrategicPriorities])=0,"""",AVERAGE(Account[delta_UnderstandsStrategicPriorities]))",,warning,No,,No,,No,,Medium,Medium complexity due to moderate business logic or formatting. Details: Calculated measure with intermediate business logic; Moderate length expression (112 characters); Single-line format reduces readability,calculated_measure,Consider simplifying business logic or adding better documentation,No,Not referenced by any other measures in the model,,The name 'Delta Understands Strategic Priorities' is self-explanatory as it indicates the measure calculates the change (delta) in understanding strategic priorities.,"The name reflects the calculation, which computes the average delta of 'UnderstandsStrategicPriorities' values, returning an empty string if the average is zero.",There are no cryptic abbreviations in the name.,0.2,0.2,0.2,0.2,0.0,0.3,0.15,0.3,0.2,0.2,0.4,0.4,0.4,0.4,1.5499999999999998,2.0,0.7749999999999999,"Delta Understands Strategic Priorities -> Account + IF(AVERAGE(Account[UnderstandsStrategicPriorities])=0,"""",AVERAGE(Account[delta_UnderstandsStrategicPriorities]))"
Account,Delta Identify Right Solutions Based on Needs,"IF(AVERAGE(Account[IdentifyRightSolutionsBasedonNeeds])=0,"""",AVERAGE(Account[delta_IdentifyRightSolutionsBasedonNeeds]))",,warning,No,,No,,No,,Medium,Medium complexity due to moderate business logic or formatting. Details: Calculated measure with intermediate business logic; Moderate length expression (120 characters); Single-line format reduces readability,calculated_measure,Consider simplifying business logic or adding better documentation,No,Not referenced by any other measures in the model,,The name 'Delta Identify Right Solutions Based on Needs' is self-explanatory as it indicates the measure calculates the change (delta) in identifying the right solutions based on needs.,"The name reflects the calculation, which computes the average delta of 'IdentifyRightSolutionsBasedonNeeds' values, returning an empty string if the average is zero.",There are no cryptic abbreviations in the name.,0.2,0.2,0.2,0.2,0.0,0.3,0.15,0.3,0.2,0.2,0.4,0.4,0.4,0.4,1.5499999999999998,2.0,0.7749999999999999,"Delta Identify Right Solutions Based on Needs -> Account + IF(AVERAGE(Account[IdentifyRightSolutionsBasedonNeeds])=0,"""",AVERAGE(Account[delta_IdentifyRightSolutionsBasedonNeeds]))"
Account,% of Accounts with Exec Sponsor,"var num= CALCULATE(SUMX(VALUES('Account Plan Priority'[AccountPlanPriorityID]),1),
    KEEPFILTERS(Account[executivesponsorid] <> blank())
)
var den= SUMX( VALUES( 'Account Plan Priority'[AccountPlanPriorityID] ), 1 ) 


return DIVIDE(num,den)",,warning,No,,No,,No,,Medium,Medium complexity due to moderate business logic or formatting. Details: Ratio or percentage calculation with clear business logic; Moderate length expression (243 characters); High function nesting (8 nested functions); Well-formatted with line breaks,ratio_percentage,Formula follows measure complexity best practices,No,Not referenced by any other measures in the model,,The name '% of Accounts with Exec Sponsor' is self-explanatory as it indicates the measure calculates the percentage of accounts with an executive sponsor.,"The name reflects the calculation, which divides the number of accounts with an executive sponsor by the total number of accounts.",The abbreviation 'Exec' for 'Executive' is widely understood and acceptable.,0.2,0.2,0.2,0.2,0.0,0.3,0.15,0.3,0.2,0.2,0.4,0.4,0.4,0.4,1.5499999999999998,2.0,0.7749999999999999,"% of Accounts with Exec Sponsor -> Account + var num= CALCULATE(SUMX(VALUES('Account Plan Priority'[AccountPlanPriorityID]),1),
    KEEPFILTERS(Account[executivesponsorid] <> blank())
)
var den= SUMX( VALUES( 'Account Plan Priority'[AccountPlanPriorityID] ), 1 ) 


return DIVIDE(num,den)"
Account,Helps Maximize Solutions Latest,AVERAGE(Account[HelpsMaximizeSolutions]),,good,No,,No,,No,,Low,"Low complexity due to simple structure and clear purpose. Details: Simple aggregation function (SUM, COUNT, AVERAGE, etc.)",simple_aggregation,Formula follows measure complexity best practices,No,Not referenced by any other measures in the model,,The name 'Helps Maximize Solutions Latest' is self-explanatory as it indicates the measure calculates the latest value for helping to maximize solutions.,"The name reflects the calculation, which averages the 'HelpsMaximizeSolutions' field in the Account table.",There are no cryptic abbreviations in the name.,0.2,0.2,0.2,0.2,0.0,0.3,0.3,0.3,0.2,0.2,0.4,0.4,0.4,0.4,1.6999999999999997,2.0,0.8499999999999999,Helps Maximize Solutions Latest -> Account + AVERAGE(Account[HelpsMaximizeSolutions])
Account,Delta Helps Maximize Solutions Value,"IF(AVERAGE(Account[HelpsMaximizeSolutions])=0,"""",AVERAGE(Account[delta_HelpsMaximizeSolutions]))",,good,No,,No,,No,,Low,"Low complexity due to simple structure and clear purpose. Details: Simple aggregation function (SUM, COUNT, AVERAGE, etc.)",simple_aggregation,Formula follows measure complexity best practices,No,Not referenced by any other measures in the model,,The name 'Delta Helps Maximize Solutions Value' is self-explanatory as it indicates the measure calculates the change (delta) in helping to maximize solutions.,"The name reflects the calculation, which computes the average delta of 'HelpsMaximizeSolutions' values, returning an empty string if the average is zero.",There are no cryptic abbreviations in the name.,0.2,0.2,0.2,0.2,0.0,0.3,0.3,0.3,0.2,0.2,0.4,0.4,0.4,0.4,1.6999999999999997,2.0,0.8499999999999999,"Delta Helps Maximize Solutions Value -> Account + IF(AVERAGE(Account[HelpsMaximizeSolutions])=0,"""",AVERAGE(Account[delta_HelpsMaximizeSolutions]))"
Account,Delta Joint Planning Addresses Needs,"IF(AVERAGE(Account[JointPlanningAddressesNeeds])=0,"""",AVERAGE(Account[delta_JointPlanningAddressesNeeds]))",,warning,No,,No,,No,,Medium,Medium complexity due to moderate business logic or formatting. Details: Calculated measure with intermediate business logic; Moderate length expression (106 characters); Single-line format reduces readability,calculated_measure,Consider simplifying business logic or adding better documentation,No,Not referenced by any other measures in the model,,The name 'Delta Joint Planning Addresses Needs' is self-explanatory as it indicates the measure calculates the change (delta) in joint planning addressing needs.,"The name reflects the calculation, which computes the average delta of 'JointPlanningAddressesNeeds' values, returning an empty string if the average is zero.",There are no cryptic abbreviations in the name.,0.2,0.2,0.2,0.2,0.0,0.3,0.15,0.3,0.2,0.2,0.4,0.4,0.4,0.4,1.5499999999999998,2.0,0.7749999999999999,"Delta Joint Planning Addresses Needs -> Account + IF(AVERAGE(Account[JointPlanningAddressesNeeds])=0,"""",AVERAGE(Account[delta_JointPlanningAddressesNeeds]))"
Account,Joint Planning Addresses Needs,AVERAGE(Account[JointPlanningAddressesNeeds]),,good,No,,No,,No,,Low,"Low complexity due to simple structure and clear purpose. Details: Simple aggregation function (SUM, COUNT, AVERAGE, etc.)",simple_aggregation,Formula follows measure complexity best practices,No,Not referenced by any other measures in the model,,The name 'Joint Planning Addresses Needs' is self-explanatory as it indicates the measure calculates the latest value for joint planning addressing needs.,"The name reflects the calculation, which averages the 'JointPlanningAddressesNeeds' field in the Account table.",There are no cryptic abbreviations in the name.,0.2,0.2,0.2,0.2,0.0,0.3,0.3,0.3,0.2,0.2,0.4,0.4,0.4,0.4,1.6999999999999997,2.0,0.8499999999999999,Joint Planning Addresses Needs -> Account + AVERAGE(Account[JointPlanningAddressesNeeds])
Account,Delta Continuous Relationship Building,"IF(AVERAGE(Account[ContinuousRelationshipBuilding])=0,"""",AVERAGE(Account[delta_ContinuousRelationshipBuilding]))",,warning,No,,No,,No,,Medium,Medium complexity due to moderate business logic or formatting. Details: Calculated measure with intermediate business logic; Moderate length expression (112 characters); Single-line format reduces readability,calculated_measure,Consider simplifying business logic or adding better documentation,No,Not referenced by any other measures in the model,,The name 'Delta Continuous Relationship Building' is self-explanatory as it indicates the measure calculates the change (delta) in continuous relationship building.,"The name reflects the calculation, which computes the average delta of 'ContinuousRelationshipBuilding' values, returning an empty string if the average is zero.",There are no cryptic abbreviations in the name.,0.2,0.2,0.2,0.2,0.0,0.3,0.15,0.3,0.2,0.2,0.4,0.4,0.4,0.4,1.5499999999999998,2.0,0.7749999999999999,"Delta Continuous Relationship Building -> Account + IF(AVERAGE(Account[ContinuousRelationshipBuilding])=0,"""",AVERAGE(Account[delta_ContinuousRelationshipBuilding]))"
Account,Continuous Relationship Building,AVERAGE(Account[ContinuousRelationshipBuilding]),,good,No,,No,,No,,Low,"Low complexity due to simple structure and clear purpose. Details: Simple aggregation function (SUM, COUNT, AVERAGE, etc.)",simple_aggregation,Formula follows measure complexity best practices,No,Not referenced by any other measures in the model,,The name 'Continuous Relationship Building' is self-explanatory as it indicates the measure calculates the latest value for continuous relationship building.,"The name reflects the calculation, which averages the 'ContinuousRelationshipBuilding' field in the Account table.",There are no cryptic abbreviations in the name.,0.2,0.2,0.2,0.2,0.0,0.3,0.3,0.3,0.2,0.2,0.4,0.4,0.4,0.4,1.6999999999999997,2.0,0.8499999999999999,Continuous Relationship Building -> Account + AVERAGE(Account[ContinuousRelationshipBuilding])
Account,% of Accounts with sep,"var den=[TPID Count]
var num=CALCULATE([TPID Count],keepfilters(Account[issep]=""yes""))

RETURN DIVIDE(num,den)",,good,No,,No,,Yes,tpid count,Low,Low complexity due to simple structure and clear purpose. Details: Ratio or percentage calculation with clear business logic; Moderate length expression (110 characters); Well-formatted with line breaks,ratio_percentage,Formula follows measure complexity best practices,No,Not referenced by any other measures in the model,,"The measure name clearly indicates it calculates the percentage of accounts with 'sep', which is understandable in the given business context.",The name reflects the calculation as the context shows it divides the count of accounts with 'sep' by the total count of accounts.,There are no problematic abbreviations in the measure name. 'sep' is assumed to be a business term relevant to the context.,0.2,0.2,0.2,0.2,0.0,0.3,0.3,0.3,0.2,0.2,0.4,0.4,0.4,0.4,1.6999999999999997,2.0,0.8499999999999999,"% of Accounts with sep -> Account + var den=[TPID Count]
var num=CALCULATE([TPID Count],keepfilters(Account[issep]=""yes""))

RETURN DIVIDE(num,den) | REFERENCES: TPID Count -> Account + COUNT( Account[TPID] )"
Account,% of Accounts with ACSP,"var den=[TPID Count]
var num=CALCULATE([TPID Count],keepfilters(Account[isacsp]=""yes""))

RETURN DIVIDE(num,den)",,good,No,,No,,Yes,tpid count,Low,Low complexity due to simple structure and clear purpose. Details: Ratio or percentage calculation with clear business logic; Moderate length expression (111 characters); Well-formatted with line breaks,ratio_percentage,Formula follows measure complexity best practices,No,Not referenced by any other measures in the model,,"The measure name indicates it calculates the percentage of accounts with 'ACSP', which is understandable in the business context.",The name reflects the calculation as the context shows it divides the count of accounts with 'ACSP' by the total count of accounts.,There are no problematic abbreviations in the measure name. 'ACSP' is assumed to be a business term relevant to the context.,0.2,0.2,0.2,0.2,0.0,0.3,0.3,0.3,0.2,0.2,0.4,0.4,0.4,0.4,1.6999999999999997,2.0,0.8499999999999999,"% of Accounts with ACSP -> Account + var den=[TPID Count]
var num=CALCULATE([TPID Count],keepfilters(Account[isacsp]=""yes""))

RETURN DIVIDE(num,den) | REFERENCES: TPID Count -> Account + COUNT( Account[TPID] )"
Account,% of Accounts with APT,"var den=[TPID Count]
var num=CALCULATE([TPID Count],keepfilters(Account[isapt]=""yes""))

RETURN DIVIDE(num,den)",,good,No,,No,,Yes,tpid count,Low,Low complexity due to simple structure and clear purpose. Details: Ratio or percentage calculation with clear business logic; Moderate length expression (110 characters); Well-formatted with line breaks,ratio_percentage,Formula follows measure complexity best practices,No,Not referenced by any other measures in the model,,"The measure name indicates it calculates the percentage of accounts with 'APT', which is understandable in the business context.",The name reflects the calculation as the context shows it divides the count of accounts with 'APT' by the total count of accounts.,There are no problematic abbreviations in the measure name. 'APT' is assumed to be a business term relevant to the context.,0.2,0.2,0.2,0.2,0.0,0.3,0.3,0.3,0.2,0.2,0.4,0.4,0.4,0.4,1.6999999999999997,2.0,0.8499999999999999,"% of Accounts with APT -> Account + var den=[TPID Count]
var num=CALCULATE([TPID Count],keepfilters(Account[isapt]=""yes""))

RETURN DIVIDE(num,den) | REFERENCES: TPID Count -> Account + COUNT( Account[TPID] )"
Account,% of Accounts with CSAA,"var den=[TPID Count]
var num=CALCULATE([TPID Count],keepfilters(Account[iscsaa]=""yes""))

RETURN DIVIDE(num,den)",,good,No,,No,,Yes,tpid count,Low,Low complexity due to simple structure and clear purpose. Details: Ratio or percentage calculation with clear business logic; Moderate length expression (111 characters); Well-formatted with line breaks,ratio_percentage,Formula follows measure complexity best practices,No,Not referenced by any other measures in the model,,"The measure name indicates it calculates the percentage of accounts with 'CSAA', which is understandable in the business context.",The name reflects the calculation as the context shows it divides the count of accounts with 'CSAA' by the total count of accounts.,There are no problematic abbreviations in the measure name. 'CSAA' is assumed to be a business term relevant to the context.,0.2,0.2,0.2,0.2,0.0,0.3,0.3,0.3,0.2,0.2,0.4,0.4,0.4,0.4,1.6999999999999997,2.0,0.8499999999999999,"% of Accounts with CSAA -> Account + var den=[TPID Count]
var num=CALCULATE([TPID Count],keepfilters(Account[iscsaa]=""yes""))

RETURN DIVIDE(num,den) | REFERENCES: TPID Count -> Account + COUNT( Account[TPID] )"
Calendar,Last Refresh Icon,"""🕘""",,issue,No,,No,,No,,High,"High complexity due to complex logic, poor structure, or unclear purpose. Details: Undocumented or unclear calculation pattern",undocumented,CRITICAL - High complexity measure needs restructuring and simplification; CRITICAL - Add clear business documentation and consider simplifying unclear calculation pattern,No,Not referenced by any other measures in the model,,"The measure name clearly indicates it represents an icon for the last refresh, which is self-explanatory.","The name reflects the calculation as the context shows it returns a clock emoji, which aligns with the purpose of indicating the last refresh.",There are no abbreviations in the measure name.,0.2,0.2,0.2,0.2,0.0,0.3,0.0,0.3,0.2,0.2,0.4,0.4,0.4,0.4,1.4,2.0,0.7,"Last Refresh Icon -> Calendar + ""🕘"""
Calendar,Information Icon,"""i""",,issue,No,,No,,No,,High,"High complexity due to complex logic, poor structure, or unclear purpose. Details: Undocumented or unclear calculation pattern",undocumented,CRITICAL - High complexity measure needs restructuring and simplification; CRITICAL - Add clear business documentation and consider simplifying unclear calculation pattern,No,Not referenced by any other measures in the model,,"The measure name clearly indicates it represents an information icon, which is self-explanatory.","The name reflects the calculation as the context shows it returns the letter 'i', which aligns with the purpose of representing information.",There are no abbreviations in the measure name.,0.2,0.2,0.2,0.2,0.0,0.3,0.0,0.3,0.2,0.2,0.4,0.4,0.4,0.4,1.4,2.0,0.7,"Information Icon -> Calendar + ""i"""
Calendar,Filters Applied Icon,"""🗸""",,issue,No,,No,,No,,High,"High complexity due to complex logic, poor structure, or unclear purpose. Details: Undocumented or unclear calculation pattern",undocumented,CRITICAL - High complexity measure needs restructuring and simplification; CRITICAL - Add clear business documentation and consider simplifying unclear calculation pattern,No,Not referenced by any other measures in the model,,"The measure name clearly indicates it represents an icon for filters applied, which is self-explanatory.","The name reflects the calculation as the context shows it returns a filter emoji, which aligns with the purpose of indicating applied filters.",There are no abbreviations in the measure name.,0.2,0.2,0.2,0.2,0.0,0.3,0.0,0.3,0.2,0.2,0.4,0.4,0.4,0.4,1.4,2.0,0.7,"Filters Applied Icon -> Calendar + ""🗸"""
Account Planning,# of Priorities w/ Pipeline,"CALCULATE([# of Priorities] 
,KEEPFILTERS('Account Planning'[Attached To Opportunity] = ""Yes"")
,KEEPFILTERS('Opportunity'[ParentingLevel Oppties]=""TopParentOppties""))",,good,No,,No,,Yes,# of priorities,Medium,Medium complexity due to moderate business logic or formatting. Details: Calculated measure with intermediate business logic; Moderate length expression (166 characters); Well-formatted with line breaks,calculated_measure,Formula follows measure complexity best practices,Yes,"Referenced by 2 measure(s): % of Priorities w/ Pipeline, # Plans with Opportunities",,"The measure name indicates it calculates the number of priorities with a pipeline, which is understandable in the business context.",The name reflects the calculation as the context shows it counts priorities attached to opportunities with a specific parenting level.,There are no problematic abbreviations in the measure name. 'w/' is a common abbreviation for 'with'.,0.2,0.2,0.2,0.2,0.3,0.3,0.18,0.3,0.2,0.2,0.4,0.4,0.4,0.4,1.88,2.0,0.94,"# of Priorities w/ Pipeline -> Account Planning + CALCULATE([# of Priorities] 
,KEEPFILTERS('Account Planning'[Attached To Opportunity] = ""Yes"")
,KEEPFILTERS('Opportunity'[ParentingLevel Oppties]=""TopParentOppties"")) | REFERENCES: # of Priorities -> Account Planning + SUMX( VALUES( 'Account Planning'[AccountPlanPriorityID] ), 1 )
 "
Account Planning,% of Priorities w/ Pipeline,"CALCULATE(DIVIDE([# of Priorities w/ Pipeline],[# of Priorities]),KEEPFILTERS(Opportunity[ParentingLevel Oppties]=""TopParentOppties""))",,good,No,,No,,Yes,"# of priorities, # of priorities w/ pipeline",Low,Low complexity due to simple structure and clear purpose. Details: Ratio or percentage calculation with clear business logic; Moderate length expression (134 characters); Single-line format reduces readability,ratio_percentage,"Format CALCULATE function: CALCULATE(\n    expression,\n    filter1,\n    filter2\n)",No,Not referenced by any other measures in the model,,"The measure name indicates it calculates the percentage of priorities with a pipeline, which is understandable in the business context.",The name reflects the calculation as the context shows it divides the count of priorities with a pipeline by the total count of priorities.,There are no problematic abbreviations in the measure name. 'w/' is a common abbreviation for 'with'.,0.2,0.2,0.2,0.2,0.0,0.3,0.3,0.3,0.2,0.2,0.4,0.4,0.4,0.4,1.6999999999999997,2.0,0.8499999999999999,"% of Priorities w/ Pipeline -> Account Planning + CALCULATE(DIVIDE([# of Priorities w/ Pipeline],[# of Priorities]),KEEPFILTERS(Opportunity[ParentingLevel Oppties]=""TopParentOppties"")) | REFERENCES: # of Priorities -> Account Planning + SUMX( VALUES( 'Account Planning'[AccountPlanPriorityID] ), 1 )
 , # of Priorities w/ Pipeline -> Account Planning + CALCULATE([# of Priorities] 
,KEEPFILTERS('Account Planning'[Attached To Opportunity] = ""Yes"")
,KEEPFILTERS('Opportunity'[ParentingLevel Oppties]=""TopParentOppties""))"
Account Planning,# of Account Plans,"CALCULATE (SUMX (VALUES ( 'Account'[AccountPlanID] ),1),Account[Account Plan Attached] = ""Yes"")",,good,No,,No,,No,,High,"High complexity due to complex logic, poor structure, or unclear purpose. Details: Undocumented or unclear calculation pattern",undocumented,CRITICAL - High complexity measure needs restructuring and simplification; CRITICAL - Add clear business documentation and consider simplifying unclear calculation pattern,Yes,"Referenced by 16 measure(s): % Accounts w/ Active Plan, % Accounts w/ No Plan, % Accounts w/ Inactive Plan and 13 more",,"The measure name indicates it calculates the number of account plans, which is self-explanatory.",The name reflects the calculation as the context shows it counts account plans attached to accounts.,There are no problematic abbreviations in the measure name.,0.2,0.2,0.2,0.2,0.3,0.3,0.0,0.3,0.2,0.2,0.4,0.4,0.4,0.4,1.6999999999999997,2.0,0.8499999999999999,"# of Account Plans -> Account Planning + CALCULATE (SUMX (VALUES ( 'Account'[AccountPlanID] ),1),Account[Account Plan Attached] = ""Yes"")"
Account Planning,# of Priorities,"SUMX( VALUES( 'Account Planning'[AccountPlanPriorityID] ), 1 )
 ",,good,No,,No,,No,,High,"High complexity due to complex logic, poor structure, or unclear purpose. Details: Undocumented or unclear calculation pattern",undocumented,CRITICAL - High complexity measure needs restructuring and simplification; CRITICAL - Add clear business documentation and consider simplifying unclear calculation pattern,Yes,"Referenced by 5 measure(s): # of Priorities w/ Pipeline, % of Priorities w/ Pipeline, Linked to Objectives and 2 more",,"The measure name indicates it calculates the number of priorities, which is self-explanatory.",The name reflects the calculation as the context shows it counts priorities based on their IDs.,There are no problematic abbreviations in the measure name.,0.2,0.2,0.2,0.2,0.3,0.3,0.0,0.3,0.2,0.2,0.4,0.4,0.4,0.4,1.6999999999999997,2.0,0.8499999999999999,"# of Priorities -> Account Planning + SUMX( VALUES( 'Account Planning'[AccountPlanPriorityID] ), 1 )
 "
Account Planning,% Accounts w/ Active Plan,"VAR Numerator =
    CALCULATE (
        [# of Account Plans],
        KEEPFILTERS ( 'Account'[Plan Status] = ""Active Plan"" )
    )
RETURN
    DIVIDE( Numerator, [# of Account Plans] )",,good,No,,No,,Yes,# of account plans,Low,Low complexity due to simple structure and clear purpose. Details: Ratio or percentage calculation with clear business logic; Moderate length expression (183 characters); Well-formatted with line breaks,ratio_percentage,Formula follows measure complexity best practices,No,Not referenced by any other measures in the model,,"The measure name indicates it calculates the percentage of accounts with an active plan, which is understandable in the business context.",The name reflects the calculation as the context shows it divides the count of accounts with an active plan by the total count of account plans.,There are no problematic abbreviations in the measure name. 'w/' is a common abbreviation for 'with'.,0.2,0.2,0.2,0.2,0.0,0.3,0.3,0.3,0.2,0.2,0.4,0.4,0.4,0.4,1.6999999999999997,2.0,0.8499999999999999,"% Accounts w/ Active Plan -> Account Planning + VAR Numerator =
    CALCULATE (
        [# of Account Plans],
        KEEPFILTERS ( 'Account'[Plan Status] = ""Active Plan"" )
    )
RETURN
    DIVIDE( Numerator, [# of Account Plans] ) | REFERENCES: # of Account Plans -> Account Planning + CALCULATE (SUMX (VALUES ( 'Account'[AccountPlanID] ),1),Account[Account Plan Attached] = ""Yes"")"
Account Planning,% Accounts w/ No Plan,"VAR Numerator =
    CALCULATE (
        [# of Account Plans],
        KEEPFILTERS ( 'Account'[Plan Status] = ""No Plan"" )
    )
RETURN
    DIVIDE ( Numerator, [# of Account Plans] )",,issue,No,,No,,Yes,# of account plans,High,"High complexity due to complex logic, poor structure, or unclear purpose. Details: Undocumented or unclear calculation pattern; Moderate length expression (180 characters); Well-formatted with line breaks",undocumented,CRITICAL - High complexity measure needs restructuring and simplification; CRITICAL - Add clear business documentation and consider simplifying unclear calculation pattern,No,Not referenced by any other measures in the model,,"The measure name indicates it calculates the percentage of accounts with no plan, which is understandable in the business context.",The name reflects the calculation as the context shows it divides the count of accounts with no plan by the total count of account plans.,There are no problematic abbreviations in the measure name. 'w/' is a common abbreviation for 'with'.,0.2,0.2,0.2,0.2,0.0,0.3,0.0,0.3,0.2,0.2,0.4,0.4,0.4,0.4,1.4,2.0,0.7,"% Accounts w/ No Plan -> Account Planning + VAR Numerator =
    CALCULATE (
        [# of Account Plans],
        KEEPFILTERS ( 'Account'[Plan Status] = ""No Plan"" )
    )
RETURN
    DIVIDE ( Numerator, [# of Account Plans] ) | REFERENCES: # of Account Plans -> Account Planning + CALCULATE (SUMX (VALUES ( 'Account'[AccountPlanID] ),1),Account[Account Plan Attached] = ""Yes"")"
Account Planning,% Accounts w/ Inactive Plan,"VAR Numerator =
    CALCULATE (
        [# of Account Plans],
        KEEPFILTERS ( 'Account'[Plan Status]  = ""Inactive Plan"" )
    )
RETURN
    DIVIDE ( Numerator, [# of Account Plans],"""" )",,issue,No,,No,,Yes,# of account plans,High,"High complexity due to complex logic, poor structure, or unclear purpose. Details: Undocumented or unclear calculation pattern; Moderate length expression (190 characters); Well-formatted with line breaks",undocumented,CRITICAL - High complexity measure needs restructuring and simplification; CRITICAL - Add clear business documentation and consider simplifying unclear calculation pattern,No,Not referenced by any other measures in the model,,"The measure name indicates it calculates the percentage of accounts with an inactive plan, which is understandable in the business context.",The name reflects the calculation as the context shows it divides the count of accounts with an inactive plan by the total count of account plans.,There are no problematic abbreviations in the measure name. 'w/' is a common abbreviation for 'with'.,0.2,0.2,0.2,0.2,0.0,0.3,0.0,0.3,0.2,0.2,0.4,0.4,0.4,0.4,1.4,2.0,0.7,"% Accounts w/ Inactive Plan -> Account Planning + VAR Numerator =
    CALCULATE (
        [# of Account Plans],
        KEEPFILTERS ( 'Account'[Plan Status]  = ""Inactive Plan"" )
    )
RETURN
    DIVIDE ( Numerator, [# of Account Plans],"""" ) | REFERENCES: # of Account Plans -> Account Planning + CALCULATE (SUMX (VALUES ( 'Account'[AccountPlanID] ),1),Account[Account Plan Attached] = ""Yes"")"
Account Planning,% Accounts w/ Plan Close to Inactive,"VAR Numerator =
    CALCULATE (
        [# of Account Plans],
        KEEPFILTERS ( 'Account'[Plan Status] = ""Plan Close to Inactive"" )
    )
RETURN
    DIVIDE ( Numerator, [# of Account Plans],"""" )",,issue,No,,No,,Yes,# of account plans,High,"High complexity due to complex logic, poor structure, or unclear purpose. Details: Undocumented or unclear calculation pattern; Moderate length expression (198 characters); Well-formatted with line breaks",undocumented,CRITICAL - High complexity measure needs restructuring and simplification; CRITICAL - Add clear business documentation and consider simplifying unclear calculation pattern,No,Not referenced by any other measures in the model,,"The measure name indicates it calculates the percentage of accounts with a plan close to inactive, which is understandable in the business context.",The name reflects the calculation as the context shows it divides the count of accounts with a plan close to inactive by the total count of account plans.,There are no problematic abbreviations in the measure name. 'w/' is a common abbreviation for 'with'.,0.2,0.2,0.2,0.2,0.0,0.3,0.0,0.3,0.2,0.2,0.4,0.4,0.4,0.4,1.4,2.0,0.7,"% Accounts w/ Plan Close to Inactive -> Account Planning + VAR Numerator =
    CALCULATE (
        [# of Account Plans],
        KEEPFILTERS ( 'Account'[Plan Status] = ""Plan Close to Inactive"" )
    )
RETURN
    DIVIDE ( Numerator, [# of Account Plans],"""" ) | REFERENCES: # of Account Plans -> Account Planning + CALCULATE (SUMX (VALUES ( 'Account'[AccountPlanID] ),1),Account[Account Plan Attached] = ""Yes"")"
Account Planning,# Plans with Opportunities,"CALCULATE (
    [# of Account Plans],
    FILTER (
        VALUES ( 'Account'[AccountPlanID] ),
        [# of Priorities w/ Pipeline] > 0
    )
)",,good,No,,No,,Yes,"# of account plans, # of priorities w/ pipeline",High,"High complexity due to complex logic, poor structure, or unclear purpose. Details: Undocumented or unclear calculation pattern; Moderate length expression (145 characters); Well-formatted with line breaks",undocumented,CRITICAL - High complexity measure needs restructuring and simplification; Replace division operator (/) with DIVIDE() function for error handling; CRITICAL - Add clear business documentation and consider simplifying unclear calculation pattern,Yes,Referenced by 1 measure(s): % Accounts w/ Plan w/ Oppty,,The name '# Plans with Opportunities' is self-explanatory as it clearly indicates it counts plans associated with opportunities.,"The name reflects the calculation, which filters account plans where priorities have a pipeline, aligning with the description.",There are no problematic abbreviations in the name. The use of '#' is universally understood to mean 'number of'.,0.2,0.2,0.2,0.2,0.3,0.3,0.0,0.3,0.2,0.2,0.4,0.4,0.4,0.4,1.6999999999999997,2.0,0.8499999999999999,"# Plans with Opportunities -> Account Planning + CALCULATE (
    [# of Account Plans],
    FILTER (
        VALUES ( 'Account'[AccountPlanID] ),
        [# of Priorities w/ Pipeline] > 0
    )
) | REFERENCES: # of Account Plans -> Account Planning + CALCULATE (SUMX (VALUES ( 'Account'[AccountPlanID] ),1),Account[Account Plan Attached] = ""Yes""), # of Priorities w/ Pipeline -> Account Planning + CALCULATE([# of Priorities] 
,KEEPFILTERS('Account Planning'[Attached To Opportunity] = ""Yes"")
,KEEPFILTERS('Opportunity'[ParentingLevel Oppties]=""TopParentOppties""))"
Account Planning,% Accounts w/ Plan w/ Oppty,"DIVIDE ( [# Plans with Opportunities], [# of Account Plans],"""" )",,issue,No,,No,,Yes,"# of account plans, # plans with opportunities",High,"High complexity due to complex logic, poor structure, or unclear purpose. Details: Undocumented or unclear calculation pattern",undocumented,CRITICAL - High complexity measure needs restructuring and simplification; CRITICAL - Add clear business documentation and consider simplifying unclear calculation pattern,No,Not referenced by any other measures in the model,,The name '% Accounts w/ Plan w/ Oppty' is self-explanatory as it indicates it calculates the percentage of accounts with plans that have opportunities.,"The name reflects the calculation, which divides the number of plans with opportunities by the total number of account plans.",There are no problematic abbreviations. 'w/' and 'Oppty' are common and widely understood abbreviations.,0.2,0.2,0.2,0.2,0.0,0.3,0.0,0.3,0.2,0.2,0.4,0.4,0.4,0.4,1.4,2.0,0.7,"% Accounts w/ Plan w/ Oppty -> Account Planning + DIVIDE ( [# Plans with Opportunities], [# of Account Plans],"""" ) | REFERENCES: # of Account Plans -> Account Planning + CALCULATE (SUMX (VALUES ( 'Account'[AccountPlanID] ),1),Account[Account Plan Attached] = ""Yes""), # Plans with Opportunities -> Account Planning + CALCULATE (
    [# of Account Plans],
    FILTER (
        VALUES ( 'Account'[AccountPlanID] ),
        [# of Priorities w/ Pipeline] > 0
    )
)"
Account Planning,% Accounts w/ Strategic or Full Plan,"
    DIVIDE ( [# Accounts w/ Strategic or Full Plan], [# of Account Plans],"""")",,issue,No,,No,,Yes,"# accounts w/ strategic or full plan, # of account plans",High,"High complexity due to complex logic, poor structure, or unclear purpose. Details: Undocumented or unclear calculation pattern",undocumented,CRITICAL - High complexity measure needs restructuring and simplification; Replace division operator (/) with DIVIDE() function for error handling; CRITICAL - Add clear business documentation and consider simplifying unclear calculation pattern,No,Not referenced by any other measures in the model,,The name '% Accounts w/ Strategic or Full Plan' is self-explanatory as it indicates it calculates the percentage of accounts with either a strategic or full plan.,"The name reflects the calculation, which divides the number of accounts with strategic or full plans by the total number of account plans.",There are no problematic abbreviations. 'w/' is a common abbreviation for 'with'.,0.2,0.2,0.2,0.2,0.0,0.3,0.0,0.3,0.2,0.2,0.4,0.4,0.4,0.4,1.4,2.0,0.7,"% Accounts w/ Strategic or Full Plan -> Account Planning + 
    DIVIDE ( [# Accounts w/ Strategic or Full Plan], [# of Account Plans],"""") | REFERENCES: # Accounts w/ Strategic or Full Plan -> Account Planning + 
    CALCULATE (
        [# of Account Plans],
        KEEPFILTERS ( 'Account'[Plan Type] IN {""0-Strategic"",""1-Full""} )
    ), # of Account Plans -> Account Planning + CALCULATE (SUMX (VALUES ( 'Account'[AccountPlanID] ),1),Account[Account Plan Attached] = ""Yes"")"
Account Planning,# Accounts w/ Strategic or Full Plan,"
    CALCULATE (
        [# of Account Plans],
        KEEPFILTERS ( 'Account'[Plan Type] IN {""0-Strategic"",""1-Full""} )
    )",,good,No,,No,,Yes,# of account plans,High,"High complexity due to complex logic, poor structure, or unclear purpose. Details: Undocumented or unclear calculation pattern; Moderate length expression (125 characters); Well-formatted with line breaks",undocumented,CRITICAL - High complexity measure needs restructuring and simplification; CRITICAL - Add clear business documentation and consider simplifying unclear calculation pattern,Yes,Referenced by 1 measure(s): % Accounts w/ Strategic or Full Plan,,The name '# Accounts w/ Strategic or Full Plan' is self-explanatory as it indicates it counts accounts with either a strategic or full plan.,"The name reflects the calculation, which filters account plans based on plan type being strategic or full.",There are no problematic abbreviations. The use of '#' and 'w/' are widely understood.,0.2,0.2,0.2,0.2,0.3,0.3,0.0,0.3,0.2,0.2,0.4,0.4,0.4,0.4,1.6999999999999997,2.0,0.8499999999999999,"# Accounts w/ Strategic or Full Plan -> Account Planning + 
    CALCULATE (
        [# of Account Plans],
        KEEPFILTERS ( 'Account'[Plan Type] IN {""0-Strategic"",""1-Full""} )
    ) | REFERENCES: # of Account Plans -> Account Planning + CALCULATE (SUMX (VALUES ( 'Account'[AccountPlanID] ),1),Account[Account Plan Attached] = ""Yes"")"
Account Planning,# Plans Manager Reviewed (last 6 months),"CALCULATE (
  [# of Account Plans],
  FILTER( 'Account','Account'[Manager Reviewed Date] >= (TODAY()-180)))",,good,No,,No,,Yes,# of account plans,Medium,Medium complexity due to moderate business logic or formatting. Details: Calculated measure with intermediate business logic; Moderate length expression (107 characters); Moderate function nesting (4 nested functions); Well-formatted with line breaks,calculated_measure,Formula follows measure complexity best practices,Yes,Referenced by 1 measure(s): % Plans Manager Reviewed (last 6 months),,The name '# Plans Manager Reviewed (last 6 months)' is self-explanatory as it indicates it counts plans reviewed by managers in the last six months.,"The name reflects the calculation, which filters account plans based on the manager review date being within the last six months.",There are no problematic abbreviations. The name is clear and descriptive.,0.2,0.2,0.2,0.2,0.3,0.3,0.18,0.3,0.2,0.2,0.4,0.4,0.4,0.4,1.88,2.0,0.94,"# Plans Manager Reviewed (last 6 months) -> Account Planning + CALCULATE (
  [# of Account Plans],
  FILTER( 'Account','Account'[Manager Reviewed Date] >= (TODAY()-180))) | REFERENCES: # of Account Plans -> Account Planning + CALCULATE (SUMX (VALUES ( 'Account'[AccountPlanID] ),1),Account[Account Plan Attached] = ""Yes"")"
Account Planning,% Plans Manager Reviewed (last 6 months),"
    DIVIDE([# Plans Manager Reviewed (last 6 months)], [# of Account Plans],"""")",,good,No,,No,,Yes,"# of account plans, # plans manager reviewed (last 6 months)",Low,Low complexity due to simple structure and clear purpose. Details: Ratio or percentage calculation with clear business logic,ratio_percentage,Formula follows measure complexity best practices,No,Not referenced by any other measures in the model,,The name '% Plans Manager Reviewed (last 6 months)' is self-explanatory as it indicates it calculates the percentage of plans reviewed by managers in the last six months.,"The name reflects the calculation, which divides the number of plans reviewed by managers in the last six months by the total number of account plans.",There are no problematic abbreviations. The name is clear and descriptive.,0.2,0.2,0.2,0.2,0.0,0.3,0.3,0.3,0.2,0.2,0.4,0.4,0.4,0.4,1.6999999999999997,2.0,0.8499999999999999,"% Plans Manager Reviewed (last 6 months) -> Account Planning + 
    DIVIDE([# Plans Manager Reviewed (last 6 months)], [# of Account Plans],"""") | REFERENCES: # of Account Plans -> Account Planning + CALCULATE (SUMX (VALUES ( 'Account'[AccountPlanID] ),1),Account[Account Plan Attached] = ""Yes""), # Plans Manager Reviewed (last 6 months) -> Account Planning + CALCULATE (
  [# of Account Plans],
  FILTER( 'Account','Account'[Manager Reviewed Date] >= (TODAY()-180)))"
Account Planning,# Accounts w/ Stakeholder Map,"CALCULATE (
        [# of Account Plans],
        KEEPFILTERS ( 'Account'[Has Stakeholder] = ""Yes"" )
    )",,good,No,,No,,Yes,# of account plans,High,"High complexity due to complex logic, poor structure, or unclear purpose. Details: Undocumented or unclear calculation pattern; Moderate length expression (106 characters); Well-formatted with line breaks",undocumented,CRITICAL - High complexity measure needs restructuring and simplification; CRITICAL - Add clear business documentation and consider simplifying unclear calculation pattern,Yes,Referenced by 1 measure(s): % Accounts w/ Stakeholder Map,,The name '# Accounts w/ Stakeholder Map' is self-explanatory as it indicates it counts accounts with a stakeholder map.,"The name reflects the calculation, which filters account plans based on the presence of a stakeholder map.",There are no problematic abbreviations. The use of '#' and 'w/' are widely understood.,0.2,0.2,0.2,0.2,0.3,0.3,0.0,0.3,0.2,0.2,0.4,0.4,0.4,0.4,1.6999999999999997,2.0,0.8499999999999999,"# Accounts w/ Stakeholder Map -> Account Planning + CALCULATE (
        [# of Account Plans],
        KEEPFILTERS ( 'Account'[Has Stakeholder] = ""Yes"" )
    ) | REFERENCES: # of Account Plans -> Account Planning + CALCULATE (SUMX (VALUES ( 'Account'[AccountPlanID] ),1),Account[Account Plan Attached] = ""Yes"")"
Account Planning,% Accounts w/ Stakeholder Map,"
    DIVIDE( [# Accounts w/ Stakeholder Map], [# of Account Plans],"""")",,good,No,,No,,Yes,"# accounts w/ stakeholder map, # of account plans",Low,Low complexity due to simple structure and clear purpose. Details: Ratio or percentage calculation with clear business logic,ratio_percentage,Formula follows measure complexity best practices,No,Not referenced by any other measures in the model,,The name '% Accounts w/ Stakeholder Map' is self-explanatory as it indicates it calculates the percentage of accounts with a stakeholder map.,"The name reflects the calculation, which divides the number of accounts with a stakeholder map by the total number of account plans.",There are no problematic abbreviations. The use of 'w/' is widely understood.,0.2,0.2,0.2,0.2,0.0,0.3,0.3,0.3,0.2,0.2,0.4,0.4,0.4,0.4,1.6999999999999997,2.0,0.8499999999999999,"% Accounts w/ Stakeholder Map -> Account Planning + 
    DIVIDE( [# Accounts w/ Stakeholder Map], [# of Account Plans],"""") | REFERENCES: # Accounts w/ Stakeholder Map -> Account Planning + CALCULATE (
        [# of Account Plans],
        KEEPFILTERS ( 'Account'[Has Stakeholder] = ""Yes"" )
    ), # of Account Plans -> Account Planning + CALCULATE (SUMX (VALUES ( 'Account'[AccountPlanID] ),1),Account[Account Plan Attached] = ""Yes"")"
Account Planning,% of Priorities w/ future Date,"
VAR Numerator = CALCULATE( [# of Active Priorities],
    KEEPFILTERS( 'Account Plan Priority'[Time Frame Date] > today() )
)        
                                                            
RETURN DIVIDE(Numerator,[# of Active Priorities],"""") ",,good,No,,No,,Yes,# of active priorities,Low,Low complexity due to simple structure and clear purpose. Details: Ratio or percentage calculation with clear business logic; Moderate length expression (248 characters); Moderate function nesting (4 nested functions); Well-formatted with line breaks,ratio_percentage,Formula follows measure complexity best practices,No,Not referenced by any other measures in the model,,The name '% of Priorities w/ future Date' is self-explanatory as it indicates it calculates the percentage of priorities with a future date.,"The name reflects the calculation, which divides the number of active priorities with a future date by the total number of active priorities.",There are no problematic abbreviations. The use of 'w/' is widely understood.,0.2,0.2,0.2,0.2,0.0,0.3,0.3,0.3,0.2,0.2,0.4,0.4,0.4,0.4,1.6999999999999997,2.0,0.8499999999999999,"% of Priorities w/ future Date -> Account Planning + 
VAR Numerator = CALCULATE( [# of Active Priorities],
    KEEPFILTERS( 'Account Plan Priority'[Time Frame Date] > today() )
)        
                                                            
RETURN DIVIDE(Numerator,[# of Active Priorities],"""")  | REFERENCES: # of Active Priorities -> Account Planning + CALCULATE([# of Priorities],KEEPFILTERS('Account Plan Priority'[Priority Status]=""Active""))"
Account Planning,Linked to Objectives,"var Num=CALCULATE([# of Priorities],'Account Planning'[CustomerObjectiveId] <> """",
    'Account'[Plan Type] IN {""0-Strategic"",""1-Full""},
    KEEPFILTERS('Account Plan Priority'[Priority Status] = ""Active"")
)
 Var Den=   CALCULATE([# of Priorities],'Account'[Plan Type] IN {""0-Strategic"",""1-Full""},
        KEEPFILTERS('Account Plan Priority'[Priority Status] = ""Active"")    )
 
RETURN DIVIDE(Num,Den)",,warning,No,,No,,Yes,# of priorities,Medium,Medium complexity due to moderate business logic or formatting. Details: Ratio or percentage calculation with clear business logic; Long expression (400 characters); Moderate function nesting (5 nested functions); Well-formatted with line breaks,ratio_percentage,Formula follows measure complexity best practices,No,Not referenced by any other measures in the model,,The name 'Linked to Objectives' is self-explanatory as it indicates it calculates the proportion of priorities linked to objectives.,"The name reflects the calculation, which divides the number of priorities linked to objectives by the total number of priorities.",There are no problematic abbreviations. The name is clear and descriptive.,0.2,0.2,0.2,0.2,0.0,0.3,0.15,0.3,0.2,0.2,0.4,0.4,0.4,0.4,1.5499999999999998,2.0,0.7749999999999999,"Linked to Objectives -> Account Planning + var Num=CALCULATE([# of Priorities],'Account Planning'[CustomerObjectiveId] <> """",
    'Account'[Plan Type] IN {""0-Strategic"",""1-Full""},
    KEEPFILTERS('Account Plan Priority'[Priority Status] = ""Active"")
)
 Var Den=   CALCULATE([# of Priorities],'Account'[Plan Type] IN {""0-Strategic"",""1-Full""},
        KEEPFILTERS('Account Plan Priority'[Priority Status] = ""Active"")    )
 
RETURN DIVIDE(Num,Den) | REFERENCES: # of Priorities -> Account Planning + SUMX( VALUES( 'Account Planning'[AccountPlanPriorityID] ), 1 )
 "
Account Planning,Modified On,"IF(MAX('Account'[Days Since Modified])=BLANK(),BLANK(),IF(MAX('Account'[Days Since Modified])>30,0,1))",,issue,No,,No,,No,,High,"High complexity due to complex logic, poor structure, or unclear purpose. Details: Complex calculation with multiple operations and conditions; Moderate length expression (102 characters); Moderate function nesting (6 nested functions); Single-line format reduces readability",complex_calculation,CRITICAL - High complexity measure needs restructuring and simplification; CRITICAL - Break complex calculation into multiple simpler measures for better maintainability,No,Not referenced by any other measures in the model,,The name 'Modified On' is self-explanatory as it indicates it relates to the modification date of an account.,"The name reflects the calculation, which checks if the modification date is within a certain range.",There are no problematic abbreviations. The name is clear and descriptive.,0.2,0.2,0.2,0.2,0.0,0.3,0.0,0.3,0.2,0.2,0.4,0.4,0.4,0.4,1.4,2.0,0.7,"Modified On -> Account Planning + IF(MAX('Account'[Days Since Modified])=BLANK(),BLANK(),IF(MAX('Account'[Days Since Modified])>30,0,1))"
Account Planning,Last Reviewed,"

SWITCH (

    TRUE,

    MAX ( 'Account'[Manager Reviewed Date] ) = BLANK (), BLANK (),

    MAX ( 'Account'[Manager Reviewed Flag] ) = ""Yes""

        && MAX ( 'Account'[Manager Reviewed Date] )

            > TODAY () - 90, 1,

    0

)",,issue,No,,No,,No,,High,"High complexity due to complex logic, poor structure, or unclear purpose. Details: Complex calculation with multiple operations and conditions; Moderate length expression (239 characters); Moderate function nesting (7 nested functions); Well-formatted with line breaks",complex_calculation,CRITICAL - High complexity measure needs restructuring and simplification; CRITICAL - Break complex calculation into multiple simpler measures for better maintainability,No,Not referenced by any other measures in the model,,The name 'Last Reviewed' is self-explanatory as it indicates it relates to the last review date of an account.,"The name reflects the calculation, which checks if the last review date meets certain conditions.",There are no problematic abbreviations. The name is clear and descriptive.,0.2,0.2,0.2,0.2,0.0,0.3,0.0,0.3,0.2,0.2,0.4,0.4,0.4,0.4,1.4,2.0,0.7,"Last Reviewed -> Account Planning + 

SWITCH (

    TRUE,

    MAX ( 'Account'[Manager Reviewed Date] ) = BLANK (), BLANK (),

    MAX ( 'Account'[Manager Reviewed Flag] ) = ""Yes""

        && MAX ( 'Account'[Manager Reviewed Date] )

            > TODAY () - 90, 1,

    0

)"
Account Planning,# of Plans w/ Priority,"SUMX( VALUES( 'Account Planning'[AccountPlanID] ), 1 )
                ",,issue,No,,No,,No,,High,"High complexity due to complex logic, poor structure, or unclear purpose. Details: Undocumented or unclear calculation pattern",undocumented,CRITICAL - High complexity measure needs restructuring and simplification; CRITICAL - Add clear business documentation and consider simplifying unclear calculation pattern,No,Not referenced by any other measures in the model,,The name '# of Plans w/ Priority' is self-explanatory as it indicates it counts plans with priorities.,"The name reflects the calculation, which sums account plans with priorities.",There are no problematic abbreviations. The use of '#' and 'w/' are widely understood.,0.2,0.2,0.2,0.2,0.0,0.3,0.0,0.3,0.2,0.2,0.4,0.4,0.4,0.4,1.4,2.0,0.7,"# of Plans w/ Priority -> Account Planning + SUMX( VALUES( 'Account Planning'[AccountPlanID] ), 1 )
                "
Account Planning,% of Priorities with Partner,"
VAR Numerator = CALCULATE([# of Priorities] ,
    KEEPFILTERS('Account Plan Partners'[AccountPartnerProfileId] <> """")
)
VAR Denominator = [# of Priorities]


RETURN DIVIDE(Numerator,Denominator, BLANK())",,good,No,,No,,Yes,# of priorities,Low,Low complexity due to simple structure and clear purpose. Details: Ratio or percentage calculation with clear business logic; Moderate length expression (204 characters); Moderate function nesting (4 nested functions); Well-formatted with line breaks,ratio_percentage,Formula follows measure complexity best practices,No,Not referenced by any other measures in the model,,The name '% of Priorities with Partner' is self-explanatory as it indicates it calculates the percentage of priorities associated with a partner.,"The name reflects the calculation, which divides the number of priorities with a partner by the total number of priorities.",There are no problematic abbreviations. The name is clear and descriptive.,0.2,0.2,0.2,0.2,0.0,0.3,0.3,0.3,0.2,0.2,0.4,0.4,0.4,0.4,1.6999999999999997,2.0,0.8499999999999999,"% of Priorities with Partner -> Account Planning + 
VAR Numerator = CALCULATE([# of Priorities] ,
    KEEPFILTERS('Account Plan Partners'[AccountPartnerProfileId] <> """")
)
VAR Denominator = [# of Priorities]


RETURN DIVIDE(Numerator,Denominator, BLANK()) | REFERENCES: # of Priorities -> Account Planning + SUMX( VALUES( 'Account Planning'[AccountPlanPriorityID] ), 1 )
 "
Account Planning,% Plans Reviewed < 90 Days,"DIVIDE([# plans with manger reviewed date in last 90 days],[# of Account Plans],"""")",,good,No,,No,,Yes,"# of account plans, # plans with manger reviewed date in last 90 days",Low,Low complexity due to simple structure and clear purpose. Details: Ratio or percentage calculation with clear business logic,ratio_percentage,Formula follows measure complexity best practices,No,Not referenced by any other measures in the model,,The name '% Plans Reviewed < 90 Days' is self-explanatory as it indicates it calculates the percentage of plans reviewed within the last 90 days.,"The name reflects the calculation, which divides the number of plans reviewed in the last 90 days by the total number of account plans.",There are no problematic abbreviations. The name is clear and descriptive.,0.2,0.2,0.2,0.2,0.0,0.3,0.3,0.3,0.2,0.2,0.4,0.4,0.4,0.4,1.6999999999999997,2.0,0.8499999999999999,"% Plans Reviewed < 90 Days -> Account Planning + DIVIDE([# plans with manger reviewed date in last 90 days],[# of Account Plans],"""") | REFERENCES: # of Account Plans -> Account Planning + CALCULATE (SUMX (VALUES ( 'Account'[AccountPlanID] ),1),Account[Account Plan Attached] = ""Yes""), # plans with manger reviewed date in last 90 days -> Account Planning + CALCULATE (
  [# of Account Plans],
  FILTER( 'Account','Account'[Manager Reviewed Date] >= (TODAY()-90)))"
Account Planning,# plans with manger reviewed date in last 90 days,"CALCULATE (
  [# of Account Plans],
  FILTER( 'Account','Account'[Manager Reviewed Date] >= (TODAY()-90)))",,good,No,,No,,Yes,# of account plans,Medium,Medium complexity due to moderate business logic or formatting. Details: Calculated measure with intermediate business logic; Moderate length expression (106 characters); Moderate function nesting (4 nested functions); Well-formatted with line breaks,calculated_measure,Formula follows measure complexity best practices,Yes,Referenced by 1 measure(s): % Plans Reviewed < 90 Days,,"The name clearly indicates it counts plans with a manager-reviewed date within the last 90 days, which aligns with the context.","The name accurately reflects the calculation, which filters account plans based on the manager-reviewed date being within the last 90 days.",There are no problematic abbreviations in the measure name.,0.2,0.2,0.2,0.2,0.3,0.3,0.18,0.3,0.2,0.2,0.4,0.4,0.4,0.4,1.88,2.0,0.94,"# plans with manger reviewed date in last 90 days -> Account Planning + CALCULATE (
  [# of Account Plans],
  FILTER( 'Account','Account'[Manager Reviewed Date] >= (TODAY()-90))) | REFERENCES: # of Account Plans -> Account Planning + CALCULATE (SUMX (VALUES ( 'Account'[AccountPlanID] ),1),Account[Account Plan Attached] = ""Yes"")"
Account Planning,# plans with days since modified < 30 days,"CALCULATE (
  [# of Account Plans],
  FILTER( 'Account','Account'[Days Since Modified] < 30))",,good,No,,No,,Yes,# of account plans,Medium,Medium complexity due to moderate business logic or formatting. Details: Calculated measure with intermediate business logic,calculated_measure,Consider simplifying business logic or adding better documentation,Yes,Referenced by 1 measure(s): % Plans Modified < 30 Days,,"The name clearly indicates it counts plans where the days since modification are less than 30, which aligns with the context.","The name accurately reflects the calculation, which filters account plans based on days since modification being less than 30.",There are no problematic abbreviations in the measure name.,0.2,0.2,0.2,0.2,0.3,0.3,0.15,0.3,0.2,0.2,0.4,0.4,0.4,0.4,1.85,2.0,0.925,"# plans with days since modified < 30 days -> Account Planning + CALCULATE (
  [# of Account Plans],
  FILTER( 'Account','Account'[Days Since Modified] < 30)) | REFERENCES: # of Account Plans -> Account Planning + CALCULATE (SUMX (VALUES ( 'Account'[AccountPlanID] ),1),Account[Account Plan Attached] = ""Yes"")"
Account Planning,% Plans Modified < 30 Days,"DIVIDE([# plans with days since modified < 30 days],[# of Account Plans],"""")",,good,No,,No,,Yes,"# of account plans, # plans with days since modified < 30 days",Low,Low complexity due to simple structure and clear purpose. Details: Ratio or percentage calculation with clear business logic,ratio_percentage,Formula follows measure complexity best practices,No,Not referenced by any other measures in the model,,"The name clearly indicates it calculates the percentage of plans modified within the last 30 days, which aligns with the context.","The name reflects the calculation, which divides the count of plans modified within 30 days by the total number of account plans.",There are no problematic abbreviations in the measure name.,0.2,0.2,0.2,0.2,0.0,0.3,0.3,0.3,0.2,0.2,0.4,0.4,0.4,0.4,1.6999999999999997,2.0,0.8499999999999999,"% Plans Modified < 30 Days -> Account Planning + DIVIDE([# plans with days since modified < 30 days],[# of Account Plans],"""") | REFERENCES: # of Account Plans -> Account Planning + CALCULATE (SUMX (VALUES ( 'Account'[AccountPlanID] ),1),Account[Account Plan Attached] = ""Yes""), # plans with days since modified < 30 days -> Account Planning + CALCULATE (
  [# of Account Plans],
  FILTER( 'Account','Account'[Days Since Modified] < 30))"
Account Planning,% of Priorities with Top Priority,"DIVIDE( [# of Top Priorities], [# of Active Priorities],"""" )",,good,No,,No,,Yes,"# of active priorities, # of top priorities",Low,Low complexity due to simple structure and clear purpose. Details: Ratio or percentage calculation with clear business logic,ratio_percentage,Formula follows measure complexity best practices,No,Not referenced by any other measures in the model,,"The name clearly indicates it calculates the percentage of priorities that are marked as top priority, which aligns with the context.","The name reflects the calculation, which divides the count of top priorities by the count of active priorities.",There are no problematic abbreviations in the measure name.,0.2,0.2,0.2,0.2,0.0,0.3,0.3,0.3,0.2,0.2,0.4,0.4,0.4,0.4,1.6999999999999997,2.0,0.8499999999999999,"% of Priorities with Top Priority -> Account Planning + DIVIDE( [# of Top Priorities], [# of Active Priorities],"""" ) | REFERENCES: # of Active Priorities -> Account Planning + CALCULATE([# of Priorities],KEEPFILTERS('Account Plan Priority'[Priority Status]=""Active"")), # of Top Priorities -> Account Planning + CALCULATE([# of Active Priorities]
    ,KEEPFILTERS('Account Plan Priority'[Is Top Priority Linked to Active Customer]= TRUE))"
Account Planning,% of Top Priorities with CSP,"DIVIDE([# of Top Priorities with CSP],[# of Top Priorities])",,good,No,,No,,Yes,"# of top priorities, # of top priorities with csp",Low,Low complexity due to simple structure and clear purpose. Details: Ratio or percentage calculation with clear business logic,ratio_percentage,Formula follows measure complexity best practices,No,Not referenced by any other measures in the model,,"The name clearly indicates it calculates the percentage of top priorities associated with CSP, which aligns with the context.","The name reflects the calculation, which divides the count of top priorities with CSP by the total count of top priorities.",There are no problematic abbreviations in the measure name.,0.2,0.2,0.2,0.2,0.0,0.3,0.3,0.3,0.2,0.2,0.4,0.4,0.4,0.4,1.6999999999999997,2.0,0.8499999999999999,"% of Top Priorities with CSP -> Account Planning + DIVIDE([# of Top Priorities with CSP],[# of Top Priorities]) | REFERENCES: # of Top Priorities -> Account Planning + CALCULATE([# of Active Priorities]
    ,KEEPFILTERS('Account Plan Priority'[Is Top Priority Linked to Active Customer]= TRUE)), # of Top Priorities with CSP -> Account Planning + CALCULATE([# of Top Priorities],KEEPFILTERS('Account Plan Priority'[Is Top Priority with CSP]= TRUE))"
Account Planning,# of Top Priorities with CSP,"CALCULATE([# of Top Priorities],KEEPFILTERS('Account Plan Priority'[Is Top Priority with CSP]= TRUE))",,good,No,,No,,Yes,# of top priorities,Medium,Medium complexity due to moderate business logic or formatting. Details: Calculated measure with intermediate business logic; Moderate length expression (101 characters); Single-line format reduces readability,calculated_measure,"Format CALCULATE function: CALCULATE(\n    expression,\n    filter1,\n    filter2\n); Consider simplifying business logic or adding better documentation",Yes,Referenced by 1 measure(s): % of Top Priorities with CSP,,"The name clearly indicates it counts the number of top priorities associated with CSP, which aligns with the context.","The name reflects the calculation, which filters top priorities based on their association with CSP.",There are no problematic abbreviations in the measure name.,0.2,0.2,0.2,0.2,0.3,0.3,0.15,0.3,0.2,0.2,0.4,0.4,0.4,0.4,1.85,2.0,0.925,"# of Top Priorities with CSP -> Account Planning + CALCULATE([# of Top Priorities],KEEPFILTERS('Account Plan Priority'[Is Top Priority with CSP]= TRUE)) | REFERENCES: # of Top Priorities -> Account Planning + CALCULATE([# of Active Priorities]
    ,KEEPFILTERS('Account Plan Priority'[Is Top Priority Linked to Active Customer]= TRUE))"
Account Planning,# of Top Priorities,"CALCULATE([# of Active Priorities]
    ,KEEPFILTERS('Account Plan Priority'[Is Top Priority Linked to Active Customer]= TRUE))",,good,No,,No,,Yes,# of active priorities,Medium,Medium complexity due to moderate business logic or formatting. Details: Calculated measure with intermediate business logic; Moderate length expression (126 characters); Well-formatted with line breaks,calculated_measure,Formula follows measure complexity best practices,Yes,"Referenced by 3 measure(s): % of Priorities with Top Priority, % of Top Priorities with CSP, # of Top Priorities with CSP",,"The name clearly indicates it counts the number of top priorities, which aligns with the context.","The name reflects the calculation, which filters active priorities to count only those marked as top priorities.",There are no problematic abbreviations in the measure name.,0.2,0.2,0.2,0.2,0.3,0.3,0.18,0.3,0.2,0.2,0.4,0.4,0.4,0.4,1.88,2.0,0.94,"# of Top Priorities -> Account Planning + CALCULATE([# of Active Priorities]
    ,KEEPFILTERS('Account Plan Priority'[Is Top Priority Linked to Active Customer]= TRUE)) | REFERENCES: # of Active Priorities -> Account Planning + CALCULATE([# of Priorities],KEEPFILTERS('Account Plan Priority'[Priority Status]=""Active""))"
Account Planning,# Accounts with MACC,"CALCULATE([TPID Count],KEEPFILTERS(Account[Has MACC Pipeline]=""Yes""))",,good,No,,No,,Yes,tpid count,Medium,Medium complexity due to moderate business logic or formatting. Details: Calculated measure with intermediate business logic,calculated_measure,"Format CALCULATE function: CALCULATE(\n    expression,\n    filter1,\n    filter2\n); Consider simplifying business logic or adding better documentation",Yes,Referenced by 1 measure(s): % Accounts with MACC Consumption Plan,,"The name clearly indicates it counts accounts associated with MACC, which aligns with the context.","The name reflects the calculation, which filters accounts based on the MACC pipeline flag.",There are no problematic abbreviations in the measure name.,0.2,0.2,0.2,0.2,0.3,0.3,0.15,0.3,0.2,0.2,0.4,0.4,0.4,0.4,1.85,2.0,0.925,"# Accounts with MACC -> Account Planning + CALCULATE([TPID Count],KEEPFILTERS(Account[Has MACC Pipeline]=""Yes"")) | REFERENCES: TPID Count -> Account + COUNT( Account[TPID] )"
Account Planning,% Accounts with MACC Consumption Plan,"VAR _Num=CALCULATE([# Accounts with MACC],KEEPFILTERS(Account[Consumption Flag]=""Yes""))

RETURN DIVIDE(_Num,[# Accounts with MACC],"""")

",,good,No,,No,,Yes,# accounts with macc,Low,Low complexity due to simple structure and clear purpose. Details: Ratio or percentage calculation with clear business logic; Moderate length expression (136 characters); Well-formatted with line breaks,ratio_percentage,Formula follows measure complexity best practices,No,Not referenced by any other measures in the model,,"The name clearly indicates it calculates the percentage of accounts with a MACC consumption plan, which aligns with the context.","The name reflects the calculation, which divides the count of accounts with a MACC consumption plan by the total count of accounts with MACC.",There are no problematic abbreviations in the measure name.,0.2,0.2,0.2,0.2,0.0,0.3,0.3,0.3,0.2,0.2,0.4,0.4,0.4,0.4,1.6999999999999997,2.0,0.8499999999999999,"% Accounts with MACC Consumption Plan -> Account Planning + VAR _Num=CALCULATE([# Accounts with MACC],KEEPFILTERS(Account[Consumption Flag]=""Yes""))

RETURN DIVIDE(_Num,[# Accounts with MACC],"""")

 | REFERENCES: # Accounts with MACC -> Account Planning + CALCULATE([TPID Count],KEEPFILTERS(Account[Has MACC Pipeline]=""Yes""))"
Account Planning,% of Accounts with QBR,"
var num=CALCULATE([TPID Count],KEEPFILTERS(Account[isqbr]=""yes""))

RETURN DIVIDE(num,[TPID Count],BLANK())
",,good,No,,No,,Yes,tpid count,Low,Low complexity due to simple structure and clear purpose. Details: Ratio or percentage calculation with clear business logic; Moderate length expression (108 characters); Moderate function nesting (4 nested functions); Well-formatted with line breaks,ratio_percentage,Formula follows measure complexity best practices,No,Not referenced by any other measures in the model,,"The name clearly indicates it calculates the percentage of accounts with QBR, which aligns with the context.","The name reflects the calculation, which divides the count of accounts with QBR by the total count of accounts.",There are no problematic abbreviations in the measure name.,0.2,0.2,0.2,0.2,0.0,0.3,0.3,0.3,0.2,0.2,0.4,0.4,0.4,0.4,1.6999999999999997,2.0,0.8499999999999999,"% of Accounts with QBR -> Account Planning + 
var num=CALCULATE([TPID Count],KEEPFILTERS(Account[isqbr]=""yes""))

RETURN DIVIDE(num,[TPID Count],BLANK())
 | REFERENCES: TPID Count -> Account + COUNT( Account[TPID] )"
Account Planning,% of Accounts with CSDR Within Last 30 Days,"
var den=CALCULATE( [TPID Count], KEEPFILTERS( Account[Has Premier Unified] = ""Yes"" ), KEEPFILTERS( Account[Has CSDR] = ""Yes"" ) )
var num=CALCULATE( [TPID Count], KEEPFILTERS( Account[Has Premier Unified] = ""Yes"" ), KEEPFILTERS( Account[Has CSDR within 30 Days] = ""Yes"" ) )

RETURN DIVIDE(num,den,"""")
",,warning,No,,No,,Yes,tpid count,Medium,Medium complexity due to moderate business logic or formatting. Details: Ratio or percentage calculation with clear business logic; Long expression (301 characters); Moderate function nesting (7 nested functions); Well-formatted with line breaks,ratio_percentage,Formula follows measure complexity best practices,No,Not referenced by any other measures in the model,,"The name clearly indicates it calculates the percentage of accounts with CSDR within the last 30 days, which aligns with the context.","The name reflects the calculation, which divides the count of accounts with CSDR within 30 days by the total count of accounts with CSDR.",There are no problematic abbreviations in the measure name.,0.2,0.2,0.2,0.2,0.0,0.3,0.15,0.3,0.2,0.2,0.4,0.4,0.4,0.4,1.5499999999999998,2.0,0.7749999999999999,"% of Accounts with CSDR Within Last 30 Days -> Account Planning + 
var den=CALCULATE( [TPID Count], KEEPFILTERS( Account[Has Premier Unified] = ""Yes"" ), KEEPFILTERS( Account[Has CSDR] = ""Yes"" ) )
var num=CALCULATE( [TPID Count], KEEPFILTERS( Account[Has Premier Unified] = ""Yes"" ), KEEPFILTERS( Account[Has CSDR within 30 Days] = ""Yes"" ) )

RETURN DIVIDE(num,den,"""")
 | REFERENCES: TPID Count -> Account + COUNT( Account[TPID] )"
Account Planning,# of Active Priorities,"CALCULATE([# of Priorities],KEEPFILTERS('Account Plan Priority'[Priority Status]=""Active""))",,good,No,,No,,Yes,# of priorities,Medium,Medium complexity due to moderate business logic or formatting. Details: Calculated measure with intermediate business logic,calculated_measure,"Format CALCULATE function: CALCULATE(\n    expression,\n    filter1,\n    filter2\n); Consider simplifying business logic or adding better documentation",Yes,"Referenced by 3 measure(s): % of Priorities w/ future Date, % of Priorities with Top Priority, # of Top Priorities",,"The name clearly indicates it counts the number of active priorities, which aligns with the context.","The name reflects the calculation, which filters priorities based on their active status.",There are no problematic abbreviations in the measure name.,0.2,0.2,0.2,0.2,0.3,0.3,0.15,0.3,0.2,0.2,0.4,0.4,0.4,0.4,1.85,2.0,0.925,"# of Active Priorities -> Account Planning + CALCULATE([# of Priorities],KEEPFILTERS('Account Plan Priority'[Priority Status]=""Active"")) | REFERENCES: # of Priorities -> Account Planning + SUMX( VALUES( 'Account Planning'[AccountPlanPriorityID] ), 1 )
 "
Pipeline,% Billed Pipeline w/ Priority,"VAR X = CALCULATE([Billed Pipeline],KEEPFILTERS('Opportunity'[ParentingLevel Oppties]=""TopParentOppties""))

RETURN DIVIDE( [Billed Pipeline w/ Priority], X )",,good,No,,No,,Yes,"billed pipeline, billed pipeline w/ priority",Low,Low complexity due to simple structure and clear purpose. Details: Ratio or percentage calculation with clear business logic; Moderate length expression (157 characters); Well-formatted with line breaks,ratio_percentage,Formula follows measure complexity best practices,No,Not referenced by any other measures in the model,,"The name clearly indicates it calculates the percentage of billed pipeline with priority, which aligns with the context.","The name reflects the calculation, which divides the billed pipeline with priority by the total billed pipeline.",There are no problematic abbreviations in the measure name.,0.2,0.2,0.2,0.2,0.0,0.3,0.3,0.3,0.2,0.2,0.4,0.4,0.4,0.4,1.6999999999999997,2.0,0.8499999999999999,"% Billed Pipeline w/ Priority -> Pipeline + VAR X = CALCULATE([Billed Pipeline],KEEPFILTERS('Opportunity'[ParentingLevel Oppties]=""TopParentOppties""))

RETURN DIVIDE( [Billed Pipeline w/ Priority], X ) | REFERENCES: Billed Pipeline -> Pipeline + [Billed Pipeline Base], Billed Pipeline w/ Priority -> Pipeline + CALCULATE (SUM('Priority Pipeline'[PipelineUSD])
        ,KEEPFILTERS('Priority Pipeline'[PipelineType] = ""Billed""))"
Pipeline,Billed Pipeline,[Billed Pipeline Base],,warning,Yes,Direct reference to: billed pipeline base,No,,Yes,billed pipeline base,High,"High complexity due to complex logic, poor structure, or unclear purpose. Details: Undocumented or unclear calculation pattern",undocumented,CRITICAL - High complexity measure needs restructuring and simplification; CRITICAL - Add clear business documentation and consider simplifying unclear calculation pattern,Yes,"Referenced by 6 measure(s): % Billed Pipeline w/ Priority, Committed Pipeline, Committed at Risk Pipeline and 3 more",DIRECT REFERENCE: This measure is a simple reference to another measure (Direct reference to: billed pipeline base) - which will cause confusion to data agents. Please consider removing this measure.,"The name clearly indicates it calculates the billed pipeline, which aligns with the context.","The name reflects the calculation, which sums the pipeline amount for billed opportunities.",There are no problematic abbreviations in the measure name.,0.2,0.2,0.0,0.2,0.3,0.3,0.0,0.3,0.2,0.2,0.4,0.4,0.4,0.4,1.5,2.0,0.75,"Billed Pipeline -> Pipeline + [Billed Pipeline Base] | REFERENCES: Billed Pipeline Base -> Pipeline + CALCULATE(SUM(Pipeline[PipelineUSD]),KEEPFILTERS(Pipeline[PipelineType]=""Billed""))"
Pipeline,Billed Opportunity Count,"CALCULATE([Opportunity Count], KEEPFILTERS(Opportunity[Qualified Pipeline Flag] = 1))",,warning,No,,No,,Yes,opportunity count,Medium,Medium complexity due to moderate business logic or formatting. Details: Calculated measure with intermediate business logic,calculated_measure,"Format CALCULATE function: CALCULATE(\n    expression,\n    filter1,\n    filter2\n); Consider simplifying business logic or adding better documentation",No,Not referenced by any other measures in the model,,"The name clearly indicates it counts billed opportunities, which aligns with the context.","The name reflects the calculation, which counts opportunities flagged as qualified pipeline.",There are no problematic abbreviations in the measure name.,0.2,0.2,0.2,0.2,0.0,0.3,0.15,0.3,0.2,0.2,0.4,0.4,0.4,0.4,1.5499999999999998,2.0,0.7749999999999999,"Billed Opportunity Count -> Pipeline + CALCULATE([Opportunity Count], KEEPFILTERS(Opportunity[Qualified Pipeline Flag] = 1)) | REFERENCES: Opportunity Count -> Pipeline + SUMX(VALUES('Pipeline'[dimopportunitykey]),1)"
Pipeline,Opportunity Count,"SUMX(VALUES('Pipeline'[dimopportunitykey]),1)",,good,No,,No,,No,,High,"High complexity due to complex logic, poor structure, or unclear purpose. Details: Undocumented or unclear calculation pattern",undocumented,CRITICAL - High complexity measure needs restructuring and simplification; CRITICAL - Add clear business documentation and consider simplifying unclear calculation pattern,Yes,"Referenced by 5 measure(s): Billed Opportunity Count, # Billed Oppties, # Consumed Oppties and 2 more",,"The name 'Opportunity Count' is self-explanatory as it clearly indicates that the measure counts opportunities, which aligns with the context.","The name 'Opportunity Count' reflects the calculation in the context, which sums up the number of unique opportunities using the dimopportunitykey.",There are no cryptic abbreviations in the name 'Opportunity Count'.,0.2,0.2,0.2,0.2,0.3,0.3,0.0,0.3,0.2,0.2,0.4,0.4,0.4,0.4,1.6999999999999997,2.0,0.8499999999999999,"Opportunity Count -> Pipeline + SUMX(VALUES('Pipeline'[dimopportunitykey]),1)"
Pipeline,Committed Pipeline,"CALCULATE([Billed Pipeline],KEEPFILTERS(Opportunity[Forecast Recommendation]=""Committed""))",,good,No,,No,,Yes,billed pipeline,Medium,Medium complexity due to moderate business logic or formatting. Details: Calculated measure with intermediate business logic,calculated_measure,"Format CALCULATE function: CALCULATE(\n    expression,\n    filter1,\n    filter2\n); Consider simplifying business logic or adding better documentation",Yes,Referenced by 1 measure(s): Committed + Risk Pipeline,,"The name 'Committed Pipeline' is self-explanatory as it indicates the measure calculates the pipeline for committed opportunities, which aligns with the context.","The name 'Committed Pipeline' reflects the calculation in the context, which filters the billed pipeline for committed opportunities.",There are no cryptic abbreviations in the name 'Committed Pipeline'.,0.2,0.2,0.2,0.2,0.3,0.3,0.15,0.3,0.2,0.2,0.4,0.4,0.4,0.4,1.85,2.0,0.925,"Committed Pipeline -> Pipeline + CALCULATE([Billed Pipeline],KEEPFILTERS(Opportunity[Forecast Recommendation]=""Committed"")) | REFERENCES: Billed Pipeline -> Pipeline + [Billed Pipeline Base]"
Pipeline,Committed at Risk Pipeline,"CALCULATE([Billed Pipeline],KEEPFILTERS('Opportunity'[Forecast Recommendation]=""Committed at Risk""))",,good,No,,No,,Yes,billed pipeline,Medium,Medium complexity due to moderate business logic or formatting. Details: Calculated measure with intermediate business logic,calculated_measure,"Format CALCULATE function: CALCULATE(\n    expression,\n    filter1,\n    filter2\n); Consider simplifying business logic or adding better documentation",Yes,Referenced by 1 measure(s): Committed + Risk Pipeline,,"The name 'Committed at Risk Pipeline' is self-explanatory as it indicates the measure calculates the pipeline for opportunities marked as 'Committed at Risk', which aligns with the context.","The name 'Committed at Risk Pipeline' reflects the calculation in the context, which filters the billed pipeline for opportunities marked as 'Committed at Risk'.",There are no cryptic abbreviations in the name 'Committed at Risk Pipeline'.,0.2,0.2,0.2,0.2,0.3,0.3,0.15,0.3,0.2,0.2,0.4,0.4,0.4,0.4,1.85,2.0,0.925,"Committed at Risk Pipeline -> Pipeline + CALCULATE([Billed Pipeline],KEEPFILTERS('Opportunity'[Forecast Recommendation]=""Committed at Risk"")) | REFERENCES: Billed Pipeline -> Pipeline + [Billed Pipeline Base]"
Pipeline,Committed + Risk Pipeline,[Committed Pipeline] + [Committed at Risk Pipeline],,issue,No,,No,,Yes,"committed at risk pipeline, committed pipeline",High,"High complexity due to complex logic, poor structure, or unclear purpose. Details: Undocumented or unclear calculation pattern",undocumented,CRITICAL - High complexity measure needs restructuring and simplification; CRITICAL - Add clear business documentation and consider simplifying unclear calculation pattern,No,Not referenced by any other measures in the model,,"The name 'Committed + Risk Pipeline' is self-explanatory as it indicates the measure combines the committed and committed at risk pipelines, which aligns with the context.","The name 'Committed + Risk Pipeline' reflects the calculation in the context, which sums the committed and committed at risk pipelines.",There are no cryptic abbreviations in the name 'Committed + Risk Pipeline'.,0.2,0.2,0.2,0.2,0.0,0.3,0.0,0.3,0.2,0.2,0.4,0.4,0.4,0.4,1.4,2.0,0.7,"Committed + Risk Pipeline -> Pipeline + [Committed Pipeline] + [Committed at Risk Pipeline] | REFERENCES: Committed at Risk Pipeline -> Pipeline + CALCULATE([Billed Pipeline],KEEPFILTERS('Opportunity'[Forecast Recommendation]=""Committed at Risk"")), Committed Pipeline -> Pipeline + CALCULATE([Billed Pipeline],KEEPFILTERS(Opportunity[Forecast Recommendation]=""Committed""))"
Pipeline,Billed Pipeline w/ Priority,"CALCULATE (SUM('Priority Pipeline'[PipelineUSD])
        ,KEEPFILTERS('Priority Pipeline'[PipelineType] = ""Billed""))",,good,No,,No,,No,,High,"High complexity due to complex logic, poor structure, or unclear purpose. Details: Undocumented or unclear calculation pattern; Moderate length expression (116 characters); Well-formatted with line breaks",undocumented,CRITICAL - High complexity measure needs restructuring and simplification; CRITICAL - Add clear business documentation and consider simplifying unclear calculation pattern,Yes,"Referenced by 3 measure(s): % Billed Pipeline w/ Priority, Future Year Billed Pipeline, % Total Pipeline w/ Priority",,"The name 'Billed Pipeline w/ Priority' is self-explanatory as it indicates the measure calculates the billed pipeline with a priority filter, which aligns with the context.","The name 'Billed Pipeline w/ Priority' reflects the calculation in the context, which filters the billed pipeline by priority.",There are no cryptic abbreviations in the name 'Billed Pipeline w/ Priority'.,0.2,0.2,0.2,0.2,0.3,0.3,0.0,0.3,0.2,0.2,0.4,0.4,0.4,0.4,1.6999999999999997,2.0,0.8499999999999999,"Billed Pipeline w/ Priority -> Pipeline + CALCULATE (SUM('Priority Pipeline'[PipelineUSD])
        ,KEEPFILTERS('Priority Pipeline'[PipelineType] = ""Billed""))"
Pipeline,ACR Pipeline,[ACR Pipeline Base],,warning,Yes,Direct reference to: acr pipeline base,No,,Yes,acr pipeline base,High,"High complexity due to complex logic, poor structure, or unclear purpose. Details: Undocumented or unclear calculation pattern",undocumented,CRITICAL - High complexity measure needs restructuring and simplification; CRITICAL - Add clear business documentation and consider simplifying unclear calculation pattern,Yes,"Referenced by 3 measure(s): % Total Pipeline w/ Priority, Total Pipeline, % ACR Pipeline w/ Priority",DIRECT REFERENCE: This measure is a simple reference to another measure (Direct reference to: acr pipeline base) - which will cause confusion to data agents. Please consider removing this measure.,"The name 'ACR Pipeline' is self-explanatory as it indicates the measure calculates the Azure Consumed Revenue (ACR) pipeline, which aligns with the context.","The name 'ACR Pipeline' reflects the calculation in the context, which calculates the ACR pipeline based on consumption.",The abbreviation 'ACR' is a standard Microsoft business term and is acceptable.,0.2,0.2,0.0,0.2,0.3,0.3,0.0,0.3,0.2,0.2,0.4,0.4,0.4,0.4,1.5,2.0,0.75,"ACR Pipeline -> Pipeline + [ACR Pipeline Base] | REFERENCES: ACR Pipeline Base -> Pipeline + CALCULATE(SUM(Pipeline[ACRPipelineUSD]),KEEPFILTERS(Pipeline[PipelineType]=""Consumption""),ALL('Product'))"
Pipeline,Future year ACR Pipeline,"CALCULATE (
    [ACR Pipeline w/ Priority],
    KEEPFILTERS ( 'Calendar'[Relative Year] = ""CY+1"" ),
    ALL ( 'Calendar' )
)",,issue,No,,No,,Yes,acr pipeline w/ priority,High,"High complexity due to complex logic, poor structure, or unclear purpose. Details: Undocumented or unclear calculation pattern; Moderate length expression (124 characters); Well-formatted with line breaks",undocumented,CRITICAL - High complexity measure needs restructuring and simplification; Replace division operator (/) with DIVIDE() function for error handling; CRITICAL - Add clear business documentation and consider simplifying unclear calculation pattern,No,Not referenced by any other measures in the model,,"The name 'Future year ACR Pipeline' is self-explanatory as it indicates the measure calculates the ACR pipeline for the future year, which aligns with the context.","The name 'Future year ACR Pipeline' reflects the calculation in the context, which filters the ACR pipeline for the next calendar year.",The abbreviation 'ACR' is a standard Microsoft business term and is acceptable.,0.2,0.2,0.2,0.2,0.0,0.3,0.0,0.3,0.2,0.2,0.4,0.4,0.4,0.4,1.4,2.0,0.7,"Future year ACR Pipeline -> Pipeline + CALCULATE (
    [ACR Pipeline w/ Priority],
    KEEPFILTERS ( 'Calendar'[Relative Year] = ""CY+1"" ),
    ALL ( 'Calendar' )
) | REFERENCES: ACR Pipeline w/ Priority -> Pipeline + CALCULATE (SUM('Priority Pipeline'[ACRPipelineUSD])
        ,KEEPFILTERS('Priority Pipeline'[PipelineType] = ""Consumption""))"
Pipeline,ACR Pipeline w/ Priority,"CALCULATE (SUM('Priority Pipeline'[ACRPipelineUSD])
        ,KEEPFILTERS('Priority Pipeline'[PipelineType] = ""Consumption""))",,good,No,,No,,No,,High,"High complexity due to complex logic, poor structure, or unclear purpose. Details: Undocumented or unclear calculation pattern; Moderate length expression (124 characters); Well-formatted with line breaks",undocumented,CRITICAL - High complexity measure needs restructuring and simplification; CRITICAL - Add clear business documentation and consider simplifying unclear calculation pattern,Yes,"Referenced by 3 measure(s): Future year ACR Pipeline, % Total Pipeline w/ Priority, % ACR Pipeline w/ Priority",,"The name 'ACR Pipeline w/ Priority' is self-explanatory as it indicates the measure calculates the ACR pipeline with a priority filter, which aligns with the context.","The name 'ACR Pipeline w/ Priority' reflects the calculation in the context, which filters the ACR pipeline by priority.",The abbreviation 'ACR' is a standard Microsoft business term and is acceptable.,0.2,0.2,0.2,0.2,0.3,0.3,0.0,0.3,0.2,0.2,0.4,0.4,0.4,0.4,1.6999999999999997,2.0,0.8499999999999999,"ACR Pipeline w/ Priority -> Pipeline + CALCULATE (SUM('Priority Pipeline'[ACRPipelineUSD])
        ,KEEPFILTERS('Priority Pipeline'[PipelineType] = ""Consumption""))"
Pipeline,Future Year Billed Pipeline,"CALCULATE (
    [Billed Pipeline w/ Priority],
    KEEPFILTERS ( 'Calendar'[Relative Year] = ""CY+1"" ), ALL('Calendar')
)",,issue,No,,No,,Yes,billed pipeline w/ priority,High,"High complexity due to complex logic, poor structure, or unclear purpose. Details: Undocumented or unclear calculation pattern; Moderate length expression (120 characters); Well-formatted with line breaks",undocumented,CRITICAL - High complexity measure needs restructuring and simplification; Replace division operator (/) with DIVIDE() function for error handling; CRITICAL - Add clear business documentation and consider simplifying unclear calculation pattern,No,Not referenced by any other measures in the model,,"The name 'Future Year Billed Pipeline' is self-explanatory as it indicates the measure calculates the billed pipeline for the future year, which aligns with the context.","The name 'Future Year Billed Pipeline' reflects the calculation in the context, which filters the billed pipeline for the next calendar year.",There are no cryptic abbreviations in the name 'Future Year Billed Pipeline'.,0.2,0.2,0.2,0.2,0.0,0.3,0.0,0.3,0.2,0.2,0.4,0.4,0.4,0.4,1.4,2.0,0.7,"Future Year Billed Pipeline -> Pipeline + CALCULATE (
    [Billed Pipeline w/ Priority],
    KEEPFILTERS ( 'Calendar'[Relative Year] = ""CY+1"" ), ALL('Calendar')
) | REFERENCES: Billed Pipeline w/ Priority -> Pipeline + CALCULATE (SUM('Priority Pipeline'[PipelineUSD])
        ,KEEPFILTERS('Priority Pipeline'[PipelineType] = ""Billed""))"
Pipeline,# Opportunities w/ Priority,"SUMX( VALUES( 'Priority Pipeline'[dimopportunitykey] ), 1 )
            
    ",,good,No,,No,,No,,High,"High complexity due to complex logic, poor structure, or unclear purpose. Details: Undocumented or unclear calculation pattern",undocumented,CRITICAL - High complexity measure needs restructuring and simplification; CRITICAL - Add clear business documentation and consider simplifying unclear calculation pattern,Yes,"Referenced by 3 measure(s): # Billed Oppties w/ Priority, # Consumed Oppties w/ Priority, # Open Opportunities w/ Priority",,"The name '# Opportunities w/ Priority' is self-explanatory as it indicates the measure counts opportunities with a priority filter, which aligns with the context.","The name '# Opportunities w/ Priority' reflects the calculation in the context, which counts unique opportunities with a priority filter.","The abbreviation '#' is universally understood to mean 'number of', making it acceptable.",0.2,0.2,0.2,0.2,0.3,0.3,0.0,0.3,0.2,0.2,0.4,0.4,0.4,0.4,1.6999999999999997,2.0,0.8499999999999999,"# Opportunities w/ Priority -> Pipeline + SUMX( VALUES( 'Priority Pipeline'[dimopportunitykey] ), 1 )
            
    "
Pipeline,# Billed Oppties w/ Priority,"CALCULATE([# Opportunities w/ Priority],KEEPFILTERS('Priority Pipeline'[PipelineType]=""Billed""))",,good,No,,No,,Yes,# opportunities w/ priority,Medium,Medium complexity due to moderate business logic or formatting. Details: Calculated measure with intermediate business logic,calculated_measure,"Format CALCULATE function: CALCULATE(\n    expression,\n    filter1,\n    filter2\n); Replace division operator (/) with DIVIDE() function for error handling; Consider simplifying business logic or adding better documentation",Yes,Referenced by 1 measure(s): % of Billed Opties w/ future date,,"The name '# Billed Oppties w/ Priority' is self-explanatory as it indicates the measure counts billed opportunities with a priority filter, which aligns with the context.","The name '# Billed Oppties w/ Priority' reflects the calculation in the context, which counts billed opportunities with a priority filter.","The abbreviation '#' is universally understood to mean 'number of', and 'Oppties' is a reasonable abbreviation for 'Opportunities'.",0.2,0.2,0.2,0.2,0.3,0.3,0.15,0.3,0.2,0.2,0.4,0.4,0.4,0.4,1.85,2.0,0.925,"# Billed Oppties w/ Priority -> Pipeline + CALCULATE([# Opportunities w/ Priority],KEEPFILTERS('Priority Pipeline'[PipelineType]=""Billed"")) | REFERENCES: # Opportunities w/ Priority -> Pipeline + SUMX( VALUES( 'Priority Pipeline'[dimopportunitykey] ), 1 )
            
    "
Pipeline,# Consumed Oppties w/ Priority,"CALCULATE([# Opportunities w/ Priority],KEEPFILTERS('Priority Pipeline'[PipelineType]=""Consumption""))",,good,No,,No,,Yes,# opportunities w/ priority,Medium,Medium complexity due to moderate business logic or formatting. Details: Calculated measure with intermediate business logic; Moderate length expression (101 characters); Single-line format reduces readability,calculated_measure,"Format CALCULATE function: CALCULATE(\n    expression,\n    filter1,\n    filter2\n); Replace division operator (/) with DIVIDE() function for error handling; Consider simplifying business logic or adding better documentation",Yes,Referenced by 1 measure(s): % of Consumption Opties w/ future date,,"The name '# Consumed Oppties w/ Priority' is self-explanatory as it indicates the measure counts consumed opportunities with a priority filter, which aligns with the context.","The name '# Consumed Oppties w/ Priority' reflects the calculation in the context, which counts consumed opportunities with a priority filter.","The abbreviation '#' is universally understood to mean 'number of', and 'Oppties' is a reasonable abbreviation for 'Opportunities'.",0.2,0.2,0.2,0.2,0.3,0.3,0.15,0.3,0.2,0.2,0.4,0.4,0.4,0.4,1.85,2.0,0.925,"# Consumed Oppties w/ Priority -> Pipeline + CALCULATE([# Opportunities w/ Priority],KEEPFILTERS('Priority Pipeline'[PipelineType]=""Consumption"")) | REFERENCES: # Opportunities w/ Priority -> Pipeline + SUMX( VALUES( 'Priority Pipeline'[dimopportunitykey] ), 1 )
            
    "
Pipeline,% of Billed Opties w/ future date,"
VAR Numerator = CALCULATE([# Billed Oppties w/ Priority]
               ,KEEPFILTERS('Opportunity'[Open Opportunity Flag] =1)
               ,KEEPFILTERS(Opportunity[Opportunity Due Date] > today())
) 
VAR Denominator = CALCULATE([# Billed Oppties w/ Priority]
                  ,KEEPFILTERS('Opportunity'[Open Opportunity Flag] =1)
)                                                         

RETURN DIVIDE(Numerator,Denominator) ",,warning,No,,No,,Yes,# billed oppties w/ priority,Medium,Medium complexity due to moderate business logic or formatting. Details: Ratio or percentage calculation with clear business logic; Long expression (431 characters); Moderate function nesting (7 nested functions); Well-formatted with line breaks,ratio_percentage,Formula follows measure complexity best practices,No,Not referenced by any other measures in the model,,"The name '% of Billed Opties w/ future date' is self-explanatory as it indicates the measure calculates the percentage of billed opportunities with a future date, which aligns with the context.","The name '% of Billed Opties w/ future date' reflects the calculation in the context, which divides the count of billed opportunities with a future date by the total billed opportunities.","The abbreviation '%' is universally understood, and 'Opties' is a reasonable abbreviation for 'Opportunities'.",0.2,0.2,0.2,0.2,0.0,0.3,0.15,0.3,0.2,0.2,0.4,0.4,0.4,0.4,1.5499999999999998,2.0,0.7749999999999999,"% of Billed Opties w/ future date -> Pipeline + 
VAR Numerator = CALCULATE([# Billed Oppties w/ Priority]
               ,KEEPFILTERS('Opportunity'[Open Opportunity Flag] =1)
               ,KEEPFILTERS(Opportunity[Opportunity Due Date] > today())
) 
VAR Denominator = CALCULATE([# Billed Oppties w/ Priority]
                  ,KEEPFILTERS('Opportunity'[Open Opportunity Flag] =1)
)                                                         

RETURN DIVIDE(Numerator,Denominator)  | REFERENCES: # Billed Oppties w/ Priority -> Pipeline + CALCULATE([# Opportunities w/ Priority],KEEPFILTERS('Priority Pipeline'[PipelineType]=""Billed""))"
Pipeline,% of Consumption Opties w/ future date,"
VAR Numerator = CALCULATE([# Consumed Oppties w/ Priority]
               ,KEEPFILTERS('Opportunity'[Open Opportunity Flag] =1)
               ,KEEPFILTERS(Opportunity[Estimated Completion Date] > today())
) 
VAR Denominator = CALCULATE([# Consumed Oppties w/ Priority]
                  ,KEEPFILTERS('Opportunity'[Open Opportunity Flag] =1 )
)                                                         

RETURN DIVIDE(Numerator,Denominator) ",,warning,No,,No,,Yes,# consumed oppties w/ priority,Medium,Medium complexity due to moderate business logic or formatting. Details: Ratio or percentage calculation with clear business logic; Long expression (441 characters); Moderate function nesting (7 nested functions); Well-formatted with line breaks,ratio_percentage,Formula follows measure complexity best practices,No,Not referenced by any other measures in the model,,"The name '% of Consumption Opties w/ future date' is self-explanatory as it indicates the measure calculates the percentage of consumed opportunities with a future date, which aligns with the context.","The name '% of Consumption Opties w/ future date' reflects the calculation in the context, which divides the count of consumed opportunities with a future date by the total consumed opportunities.","The abbreviation '%' is universally understood, and 'Opties' is a reasonable abbreviation for 'Opportunities'.",0.2,0.2,0.2,0.2,0.0,0.3,0.15,0.3,0.2,0.2,0.4,0.4,0.4,0.4,1.5499999999999998,2.0,0.7749999999999999,"% of Consumption Opties w/ future date -> Pipeline + 
VAR Numerator = CALCULATE([# Consumed Oppties w/ Priority]
               ,KEEPFILTERS('Opportunity'[Open Opportunity Flag] =1)
               ,KEEPFILTERS(Opportunity[Estimated Completion Date] > today())
) 
VAR Denominator = CALCULATE([# Consumed Oppties w/ Priority]
                  ,KEEPFILTERS('Opportunity'[Open Opportunity Flag] =1 )
)                                                         

RETURN DIVIDE(Numerator,Denominator)  | REFERENCES: # Consumed Oppties w/ Priority -> Pipeline + CALCULATE([# Opportunities w/ Priority],KEEPFILTERS('Priority Pipeline'[PipelineType]=""Consumption""))"
Pipeline,% Total Pipeline w/ Priority," VAR Num = CALCULATE( [Billed Pipeline w/ Priority] + [ACR Pipeline w/ Priority], KEEPFILTERS( 'Priority Pipeline'[OpenOpportunityFlag] = 1 ) )
 VAR Den = CALCULATE( [Billed Pipeline] + [ACR Pipeline],KEEPFILTERS('Pipeline'[TopParentOpenOpptyFlag] = 1) ) 
 RETURN DIVIDE(Num, Den)        
        
        
       ",,good,No,,No,,Yes,"acr pipeline, acr pipeline w/ priority, billed pipeline, billed pipeline w/ priority",Medium,Medium complexity due to moderate business logic or formatting. Details: Ratio or percentage calculation with clear business logic; Long expression (314 characters); Moderate function nesting (5 nested functions); Well-formatted with line breaks,ratio_percentage,Formula follows measure complexity best practices,Yes,Referenced by 1 measure(s): % Total Stage 1 pipeline w/ priority,,"The name '% Total Pipeline w/ Priority' is self-explanatory as it indicates the measure calculates the percentage of the total pipeline with a priority filter, which aligns with the context.","The name '% Total Pipeline w/ Priority' reflects the calculation in the context, which divides the sum of billed and ACR pipelines with priority by the total billed and ACR pipelines.","The abbreviation '%' is universally understood, and there are no other cryptic abbreviations in the name.",0.2,0.2,0.2,0.2,0.3,0.3,0.15,0.3,0.2,0.2,0.4,0.4,0.4,0.4,1.85,2.0,0.925,"% Total Pipeline w/ Priority -> Pipeline +  VAR Num = CALCULATE( [Billed Pipeline w/ Priority] + [ACR Pipeline w/ Priority], KEEPFILTERS( 'Priority Pipeline'[OpenOpportunityFlag] = 1 ) )
 VAR Den = CALCULATE( [Billed Pipeline] + [ACR Pipeline],KEEPFILTERS('Pipeline'[TopParentOpenOpptyFlag] = 1) ) 
 RETURN DIVIDE(Num, Den)        
        
        
        | REFERENCES: ACR Pipeline -> Pipeline + [ACR Pipeline Base], ACR Pipeline w/ Priority -> Pipeline + CALCULATE (SUM('Priority Pipeline'[ACRPipelineUSD])
        ,KEEPFILTERS('Priority Pipeline'[PipelineType] = ""Consumption"")), Billed Pipeline -> Pipeline + [Billed Pipeline Base], Billed Pipeline w/ Priority -> Pipeline + CALCULATE (SUM('Priority Pipeline'[PipelineUSD])
        ,KEEPFILTERS('Priority Pipeline'[PipelineType] = ""Billed""))"
Pipeline,% Billed opties w/ close plan,"
VAR X = CALCULATE( [Billed Pipeline], KEEPFILTERS( Opportunity[Close Plan Attached] = ""Yes"" ),KEEPFILTERS('Opportunity'[Open Opportunity Flag] = 1) )

VAR Y = CALCULATE( [Billed Pipeline],KEEPFILTERS('Opportunity'[Open Opportunity Flag] = 1) )

RETURN DIVIDE( X, Y ,"""")",,issue,No,,No,,Yes,billed pipeline,Low,Low complexity due to simple structure and clear purpose. Details: Ratio or percentage calculation with clear business logic; Moderate length expression (270 characters); Moderate function nesting (6 nested functions); Well-formatted with line breaks,ratio_percentage,Formula follows measure complexity best practices,No,Not referenced by any other measures in the model,,"The name clearly indicates it calculates the percentage of billed opportunities with a close plan, which aligns with the context.","The name reflects the calculation as it involves dividing billed opportunities with a close plan by total billed opportunities, as shown in the context.","The abbreviation 'opties' is unclear and not a standard abbreviation, making the name cryptic.",0.2,0.2,0.2,0.2,0.0,0.3,0.3,0.3,0.2,0.2,0.4,0.4,0.0,0.4,1.2999999999999998,2.0,0.6499999999999999,"% Billed opties w/ close plan -> Pipeline + 
VAR X = CALCULATE( [Billed Pipeline], KEEPFILTERS( Opportunity[Close Plan Attached] = ""Yes"" ),KEEPFILTERS('Opportunity'[Open Opportunity Flag] = 1) )

VAR Y = CALCULATE( [Billed Pipeline],KEEPFILTERS('Opportunity'[Open Opportunity Flag] = 1) )

RETURN DIVIDE( X, Y ,"""") | REFERENCES: Billed Pipeline -> Pipeline + [Billed Pipeline Base]"
Pipeline,% of Total Opties w/ future date,"
VAR Numerator = CALCULATE([# Open Opportunities w/ Priority], OR(Opportunity[Opportunity Due Date] > today(),Opportunity[Estimated Completion Date] > today())) 
VAR Denominator = [# Open Opportunities w/ Priority]                                                

RETURN DIVIDE(Numerator,Denominator) ",,critical,No,,No,,Yes,# open opportunities w/ priority,Medium,Medium complexity due to moderate business logic or formatting. Details: Ratio or percentage calculation with clear business logic; Long expression (301 characters); Moderate function nesting (5 nested functions); Well-formatted with line breaks,ratio_percentage,Formula follows measure complexity best practices,No,Not referenced by any other measures in the model,,"The name indicates it calculates the percentage of total opportunities with a future date, which aligns with the context.","The name reflects the calculation as it involves dividing opportunities with a future date by total opportunities, as shown in the context.","The abbreviation 'opties' is unclear and not a standard abbreviation, making the name cryptic.",0.2,0.2,0.2,0.2,0.0,0.3,0.15,0.3,0.2,0.2,0.4,0.4,0.0,0.4,1.15,2.0,0.575,"% of Total Opties w/ future date -> Pipeline + 
VAR Numerator = CALCULATE([# Open Opportunities w/ Priority], OR(Opportunity[Opportunity Due Date] > today(),Opportunity[Estimated Completion Date] > today())) 
VAR Denominator = [# Open Opportunities w/ Priority]                                                

RETURN DIVIDE(Numerator,Denominator)  | REFERENCES: # Open Opportunities w/ Priority -> Pipeline + CALCULATE([# Opportunities w/ Priority]
        ,KEEPFILTERS('Priority Pipeline'[OpenOpportunityFlag] =1))"
Pipeline,Total Pipeline,[Billed Pipeline]+[ACR Pipeline],,issue,No,,No,,Yes,"acr pipeline, billed pipeline",High,"High complexity due to complex logic, poor structure, or unclear purpose. Details: Undocumented or unclear calculation pattern",undocumented,CRITICAL - High complexity measure needs restructuring and simplification; CRITICAL - Add clear business documentation and consider simplifying unclear calculation pattern,No,Not referenced by any other measures in the model,,"The name is self-explanatory as it clearly indicates it calculates the total pipeline, which aligns with the context.","The name reflects the calculation as it sums billed and ACR pipeline, as shown in the context.",There are no problematic abbreviations in the name; 'Pipeline' is a standard business term.,0.2,0.2,0.2,0.2,0.0,0.3,0.0,0.3,0.2,0.2,0.4,0.4,0.4,0.4,1.4,2.0,0.7,"Total Pipeline -> Pipeline + [Billed Pipeline]+[ACR Pipeline] | REFERENCES: ACR Pipeline -> Pipeline + [ACR Pipeline Base], Billed Pipeline -> Pipeline + [Billed Pipeline Base]"
Pipeline,% ACR Pipeline w/ Priority,"VAR X = CALCULATE([ACR Pipeline],KEEPFILTERS('Opportunity'[ParentingLevel Oppties]=""TopParentOppties""))

RETURN DIVIDE( [ACR Pipeline w/ Priority], X )",,good,No,,No,,Yes,"acr pipeline, acr pipeline w/ priority",Low,Low complexity due to simple structure and clear purpose. Details: Ratio or percentage calculation with clear business logic; Moderate length expression (151 characters); Well-formatted with line breaks,ratio_percentage,Formula follows measure complexity best practices,No,Not referenced by any other measures in the model,,"The name indicates it calculates the percentage of ACR pipeline with priority, which aligns with the context.","The name reflects the calculation as it involves dividing ACR pipeline with priority by total ACR pipeline, as shown in the context.",There are no problematic abbreviations; 'ACR' is a standard Microsoft abbreviation.,0.2,0.2,0.2,0.2,0.0,0.3,0.3,0.3,0.2,0.2,0.4,0.4,0.4,0.4,1.6999999999999997,2.0,0.8499999999999999,"% ACR Pipeline w/ Priority -> Pipeline + VAR X = CALCULATE([ACR Pipeline],KEEPFILTERS('Opportunity'[ParentingLevel Oppties]=""TopParentOppties""))

RETURN DIVIDE( [ACR Pipeline w/ Priority], X ) | REFERENCES: ACR Pipeline -> Pipeline + [ACR Pipeline Base], ACR Pipeline w/ Priority -> Pipeline + CALCULATE (SUM('Priority Pipeline'[ACRPipelineUSD])
        ,KEEPFILTERS('Priority Pipeline'[PipelineType] = ""Consumption""))"
Pipeline,# Billed Oppties,"CALCULATE([Opportunity Count], KEEPFILTERS(Opportunity[Opportunity Type] IN {""Billed"",""Billed & Consumption""}))",,critical,No,,No,,Yes,opportunity count,Medium,Medium complexity due to moderate business logic or formatting. Details: Calculated measure with intermediate business logic; Moderate length expression (111 characters); Single-line format reduces readability,calculated_measure,"Format CALCULATE function: CALCULATE(\n    expression,\n    filter1,\n    filter2\n); Consider simplifying business logic or adding better documentation",No,Not referenced by any other measures in the model,,"The name indicates it calculates the count of billed opportunities, which aligns with the context.","The name reflects the calculation as it counts billed opportunities, as shown in the context.","The abbreviation 'Oppties' is unclear and not a standard abbreviation, making the name cryptic.",0.2,0.2,0.2,0.2,0.0,0.3,0.15,0.3,0.2,0.2,0.4,0.4,0.0,0.4,1.15,2.0,0.575,"# Billed Oppties -> Pipeline + CALCULATE([Opportunity Count], KEEPFILTERS(Opportunity[Opportunity Type] IN {""Billed"",""Billed & Consumption""})) | REFERENCES: Opportunity Count -> Pipeline + SUMX(VALUES('Pipeline'[dimopportunitykey]),1)"
Pipeline,# Consumed Oppties,"CALCULATE([Opportunity Count], KEEPFILTERS(Opportunity[Opportunity Type] IN {""Consumption"",""Billed & Consumption""}))",,critical,No,,No,,Yes,opportunity count,Medium,Medium complexity due to moderate business logic or formatting. Details: Calculated measure with intermediate business logic; Moderate length expression (116 characters); Single-line format reduces readability,calculated_measure,"Format CALCULATE function: CALCULATE(\n    expression,\n    filter1,\n    filter2\n); Consider simplifying business logic or adding better documentation",No,Not referenced by any other measures in the model,,"The name indicates it calculates the count of consumed opportunities, which aligns with the context.","The name reflects the calculation as it counts consumed opportunities, as shown in the context.","The abbreviation 'Oppties' is unclear and not a standard abbreviation, making the name cryptic.",0.2,0.2,0.2,0.2,0.0,0.3,0.15,0.3,0.2,0.2,0.4,0.4,0.0,0.4,1.15,2.0,0.575,"# Consumed Oppties -> Pipeline + CALCULATE([Opportunity Count], KEEPFILTERS(Opportunity[Opportunity Type] IN {""Consumption"",""Billed & Consumption""})) | REFERENCES: Opportunity Count -> Pipeline + SUMX(VALUES('Pipeline'[dimopportunitykey]),1)"
Pipeline,% Total Opty count w/ priority,"VAR X = CALCULATE([Opportunity Count],KEEPFILTERS('Pipeline'[TopParentOpenOpptyFlag] = 1))

RETURN DIVIDE ([# Open Opportunities w/ Priority],X)",,issue,No,,No,,Yes,"# open opportunities w/ priority, opportunity count",Medium,Medium complexity due to moderate business logic or formatting. Details: Calculated measure with intermediate business logic; Moderate length expression (144 characters); Well-formatted with line breaks,calculated_measure,Replace division operator (/) with DIVIDE() function for error handling,Yes,Referenced by 1 measure(s): % Total Stage 1 Opty count w/ priority,,"The name indicates it calculates the percentage of total opportunity count with priority, which aligns with the context.","The name reflects the calculation as it involves dividing opportunities with priority by total opportunities, as shown in the context.","The abbreviation 'Opty' is unclear and not a standard abbreviation, making the name cryptic.",0.2,0.2,0.2,0.2,0.3,0.3,0.18,0.3,0.2,0.2,0.4,0.4,0.0,0.4,1.48,2.0,0.74,"% Total Opty count w/ priority -> Pipeline + VAR X = CALCULATE([Opportunity Count],KEEPFILTERS('Pipeline'[TopParentOpenOpptyFlag] = 1))

RETURN DIVIDE ([# Open Opportunities w/ Priority],X) | REFERENCES: # Open Opportunities w/ Priority -> Pipeline + CALCULATE([# Opportunities w/ Priority]
        ,KEEPFILTERS('Priority Pipeline'[OpenOpportunityFlag] =1)), Opportunity Count -> Pipeline + SUMX(VALUES('Pipeline'[dimopportunitykey]),1)"
Pipeline,% Total Stage 1 Opty count w/ priority,"CALCULATE([% Total Opty count w/ priority],KEEPFILTERS(Opportunity[Sales Stage Sort]=1))",,issue,No,,No,,Yes,% total opty count w/ priority,Low,Low complexity due to simple structure and clear purpose. Details: Ratio or percentage calculation with clear business logic,ratio_percentage,"Format CALCULATE function: CALCULATE(\n    expression,\n    filter1,\n    filter2\n); Replace division operator (/) with DIVIDE() function for error handling",No,Not referenced by any other measures in the model,,"The name indicates it calculates the percentage of total stage 1 opportunity count with priority, which aligns with the context.","The name reflects the calculation as it involves filtering stage 1 opportunities and dividing by total opportunities, as shown in the context.","The abbreviation 'Opty' is unclear and not a standard abbreviation, making the name cryptic.",0.2,0.2,0.2,0.2,0.0,0.3,0.3,0.3,0.2,0.2,0.4,0.4,0.0,0.4,1.2999999999999998,2.0,0.6499999999999999,"% Total Stage 1 Opty count w/ priority -> Pipeline + CALCULATE([% Total Opty count w/ priority],KEEPFILTERS(Opportunity[Sales Stage Sort]=1)) | REFERENCES: % Total Opty count w/ priority -> Pipeline + VAR X = CALCULATE([Opportunity Count],KEEPFILTERS('Pipeline'[TopParentOpenOpptyFlag] = 1))

RETURN DIVIDE ([# Open Opportunities w/ Priority],X)"
Pipeline,% Total Stage 1 pipeline w/ priority,"CALCULATE([% Total Pipeline w/ Priority],KEEPFILTERS(Opportunity[Sales Stage Sort]=1))",,good,No,,No,,Yes,% total pipeline w/ priority,Low,Low complexity due to simple structure and clear purpose. Details: Ratio or percentage calculation with clear business logic,ratio_percentage,"Format CALCULATE function: CALCULATE(\n    expression,\n    filter1,\n    filter2\n); Replace division operator (/) with DIVIDE() function for error handling",No,Not referenced by any other measures in the model,,"The name indicates it calculates the percentage of total stage 1 pipeline with priority, which aligns with the context.","The name reflects the calculation as it involves filtering stage 1 pipeline and dividing by total pipeline, as shown in the context.",There are no problematic abbreviations in the name; all terms are clear.,0.2,0.2,0.2,0.2,0.0,0.3,0.3,0.3,0.2,0.2,0.4,0.4,0.4,0.4,1.6999999999999997,2.0,0.8499999999999999,"% Total Stage 1 pipeline w/ priority -> Pipeline + CALCULATE([% Total Pipeline w/ Priority],KEEPFILTERS(Opportunity[Sales Stage Sort]=1)) | REFERENCES: % Total Pipeline w/ Priority -> Pipeline +  VAR Num = CALCULATE( [Billed Pipeline w/ Priority] + [ACR Pipeline w/ Priority], KEEPFILTERS( 'Priority Pipeline'[OpenOpportunityFlag] = 1 ) )
 VAR Den = CALCULATE( [Billed Pipeline] + [ACR Pipeline],KEEPFILTERS('Pipeline'[TopParentOpenOpptyFlag] = 1) ) 
 RETURN DIVIDE(Num, Den)        
        
        
       "
Pipeline,Billed Pipeline Base,"CALCULATE(SUM(Pipeline[PipelineUSD]),KEEPFILTERS(Pipeline[PipelineType]=""Billed""))",,good,No,,No,,No,,Low,"Low complexity due to simple structure and clear purpose. Details: Simple aggregation function (SUM, COUNT, AVERAGE, etc.)",simple_aggregation,"Format CALCULATE function: CALCULATE(\n    expression,\n    filter1,\n    filter2\n); Format SUM expressions with line breaks when part of complex calculations",Yes,Referenced by 1 measure(s): Billed Pipeline,,"The name indicates it calculates the base value of billed pipeline, which aligns with the context.","The name reflects the calculation as it sums billed pipeline values, as shown in the context.",There are no problematic abbreviations in the name; all terms are clear.,0.2,0.2,0.2,0.2,0.3,0.3,0.3,0.3,0.2,0.2,0.4,0.4,0.4,0.4,2.0,2.0,1.0,"Billed Pipeline Base -> Pipeline + CALCULATE(SUM(Pipeline[PipelineUSD]),KEEPFILTERS(Pipeline[PipelineType]=""Billed""))"
Pipeline,ACR Pipeline Base,"CALCULATE(SUM(Pipeline[ACRPipelineUSD]),KEEPFILTERS(Pipeline[PipelineType]=""Consumption""),ALL('Product'))",,good,No,,No,,No,,Medium,Medium complexity due to moderate business logic or formatting. Details: Calculated measure with intermediate business logic; Moderate length expression (105 characters); Moderate function nesting (4 nested functions); Single-line format reduces readability,calculated_measure,"Format CALCULATE function: CALCULATE(\n    expression,\n    filter1,\n    filter2\n); Format SUM expressions with line breaks when part of complex calculations; Consider simplifying business logic or adding better documentation",Yes,Referenced by 1 measure(s): ACR Pipeline,,"The name indicates it calculates the base value of ACR pipeline, which aligns with the context.","The name reflects the calculation as it sums ACR pipeline values, as shown in the context.",There are no problematic abbreviations; 'ACR' is a standard Microsoft abbreviation.,0.2,0.2,0.2,0.2,0.3,0.3,0.15,0.3,0.2,0.2,0.4,0.4,0.4,0.4,1.85,2.0,0.925,"ACR Pipeline Base -> Pipeline + CALCULATE(SUM(Pipeline[ACRPipelineUSD]),KEEPFILTERS(Pipeline[PipelineType]=""Consumption""),ALL('Product'))"
Pipeline,# Open Opportunities w/ Priority,"CALCULATE([# Opportunities w/ Priority]
        ,KEEPFILTERS('Priority Pipeline'[OpenOpportunityFlag] =1))",,good,No,,No,,Yes,# opportunities w/ priority,Medium,Medium complexity due to moderate business logic or formatting. Details: Calculated measure with intermediate business logic; Moderate length expression (106 characters); Well-formatted with line breaks,calculated_measure,Replace division operator (/) with DIVIDE() function for error handling,Yes,"Referenced by 2 measure(s): % of Total Opties w/ future date, % Total Opty count w/ priority",,"The name indicates it calculates the count of open opportunities with priority, which aligns with the context.","The name reflects the calculation as it counts open opportunities with priority, as shown in the context.",There are no problematic abbreviations in the name; all terms are clear.,0.2,0.2,0.2,0.2,0.3,0.3,0.18,0.3,0.2,0.2,0.4,0.4,0.4,0.4,1.88,2.0,0.94,"# Open Opportunities w/ Priority -> Pipeline + CALCULATE([# Opportunities w/ Priority]
        ,KEEPFILTERS('Priority Pipeline'[OpenOpportunityFlag] =1)) | REFERENCES: # Opportunities w/ Priority -> Pipeline + SUMX( VALUES( 'Priority Pipeline'[dimopportunitykey] ), 1 )
            
    "
Pipeline,# Open Opportunities w/o Priority," CALCULATE([Opportunity Count]
 ,KEEPFILTERS('Opportunity'[Account Priority Attached]=""No"")
,KEEPFILTERS('Pipeline'[TopParentOpenOpptyFlag]=1))
",,warning,No,,No,,Yes,opportunity count,Medium,Medium complexity due to moderate business logic or formatting. Details: Calculated measure with intermediate business logic; Moderate length expression (144 characters); Well-formatted with line breaks,calculated_measure,Formula follows measure complexity best practices,No,Not referenced by any other measures in the model,,"The name indicates it calculates the count of open opportunities without priority, which aligns with the context.","The name reflects the calculation as it counts open opportunities without priority, as shown in the context.",There are no problematic abbreviations in the name; all terms are clear.,0.2,0.2,0.2,0.2,0.0,0.3,0.18,0.3,0.2,0.2,0.4,0.4,0.4,0.4,1.58,2.0,0.79,"# Open Opportunities w/o Priority -> Pipeline +  CALCULATE([Opportunity Count]
 ,KEEPFILTERS('Opportunity'[Account Priority Attached]=""No"")
,KEEPFILTERS('Pipeline'[TopParentOpenOpptyFlag]=1))
 | REFERENCES: Opportunity Count -> Pipeline + SUMX(VALUES('Pipeline'[dimopportunitykey]),1)"
Pipeline,Qualified Pipeline,"CALCULATE(
    SUM( 'Pipeline'[QualifiedPipeline] )
    , KEEPFILTERS( Pipeline[PipelineType] = ""Billed"" )
)
",,warning,No,,No,,No,,Medium,Medium complexity due to moderate business logic or formatting. Details: Calculated measure with intermediate business logic; Moderate length expression (109 characters); Well-formatted with line breaks,calculated_measure,Formula follows measure complexity best practices,No,Not referenced by any other measures in the model,,"The name indicates it calculates the qualified pipeline, which aligns with the context.","The name reflects the calculation as it sums qualified pipeline values, as shown in the context.",There are no problematic abbreviations in the name; all terms are clear.,0.2,0.2,0.2,0.2,0.0,0.3,0.18,0.3,0.2,0.2,0.4,0.4,0.4,0.4,1.58,2.0,0.79,"Qualified Pipeline -> Pipeline + CALCULATE(
    SUM( 'Pipeline'[QualifiedPipeline] )
    , KEEPFILTERS( Pipeline[PipelineType] = ""Billed"" )
)
"
Pipeline,Azure Qualified Pipeline,"CALCULATE(
    SUM('Pipeline'[QualifiedPipeline])
    ,KEEPFILTERS(Pipeline[PipelineType] = ""Consumption"")
    ,USERELATIONSHIP(Account[dimaccountgeographyhierarchykey],Pipeline[dimaccountgeographyhierarchykey]))",,issue,No,,No,,No,,High,"High complexity due to complex logic, poor structure, or unclear purpose. Details: Complex calculation with multiple operations and conditions; Moderate length expression (212 characters); Moderate function nesting (4 nested functions); Well-formatted with line breaks",complex_calculation,CRITICAL - High complexity measure needs restructuring and simplification; CRITICAL - Break complex calculation into multiple simpler measures for better maintainability,No,Not referenced by any other measures in the model,,"The name indicates it calculates the Azure qualified pipeline, which aligns with the context.","The name reflects the calculation as it sums Azure qualified pipeline values, as shown in the context.",There are no problematic abbreviations in the name; all terms are clear.,0.2,0.2,0.2,0.2,0.0,0.3,0.0,0.3,0.2,0.2,0.4,0.4,0.4,0.4,1.4,2.0,0.7,"Azure Qualified Pipeline -> Pipeline + CALCULATE(
    SUM('Pipeline'[QualifiedPipeline])
    ,KEEPFILTERS(Pipeline[PipelineType] = ""Consumption"")
    ,USERELATIONSHIP(Account[dimaccountgeographyhierarchykey],Pipeline[dimaccountgeographyhierarchykey]))"
User Seller,CURRENT_USER,"LEFT(USERPRINCIPALNAME(),FIND(""@"",USERPRINCIPALNAME())-1)",,issue,No,,No,,No,,High,"High complexity due to complex logic, poor structure, or unclear purpose. Details: Undocumented or unclear calculation pattern; Moderate function nesting (4 nested functions)",undocumented,CRITICAL - High complexity measure needs restructuring and simplification; CRITICAL - Add clear business documentation and consider simplifying unclear calculation pattern,No,Not referenced by any other measures in the model,,"The name 'CURRENT_USER' is self-explanatory as it clearly indicates that the measure is related to identifying or extracting the current user, which aligns with the context of extracting the username from the USERPRINCIPALNAME function.","The name 'CURRENT_USER' reflects the calculation shown in the context, which extracts the current user's name from their email address using the USERPRINCIPALNAME function. The name aligns with the business purpose of identifying the current user.",There are no cryptic or problematic abbreviations in the measure name 'CURRENT_USER'. The name is clear and uses standard terminology.,0.2,0.2,0.2,0.2,0.0,0.3,0.0,0.3,0.2,0.2,0.4,0.4,0.4,0.4,1.4,2.0,0.7,"CURRENT_USER -> User Seller + LEFT(USERPRINCIPALNAME(),FIND(""@"",USERPRINCIPALNAME())-1)"
